country,region,start,end,ndays,wfi_MW,dT_attrib_C,dE_heat_MWh,E_wind_MWh,werr,slope_used,slope_se,beta,beta_se
DE,northsea_to_denmark_germany,2015-07-01,2015-07-07,7,2866.964985714286,1.4444004020182657,5816.969949781848,923432.0,0.006299294317049711,23.9717609336528,6.8257750693386265,0.0005038081766661,8.009783744532679e-05
DE,northsea_to_denmark_germany,2015-08-29,2015-08-31,3,2715.6415,1.3681623925937927,2361.4028491444433,188099.0,0.012554042547511912,23.9717609336528,6.8257750693386265,0.0005038081766661,8.009783744532679e-05
DE,northsea_to_denmark_germany,2016-08-25,2016-08-27,3,3068.580966666667,1.545976181768632,2668.3035435704887,398966.0,0.006688047461614496,23.9717609336528,6.8257750693386265,0.0005038081766661,8.009783744532679e-05
DE,northsea_to_denmark_germany,2016-09-12,2016-09-14,3,3335.3595333333337,1.680381405014561,2900.282494922255,477719.0,0.0060711055974793865,23.9717609336528,6.8257750693386265,0.0005038081766661,8.009783744532679e-05
DE,northsea_to_denmark_germany,2017-05-27,2017-05-29,3,3676.9282666666663,1.8524665257613764,3197.2956979065184,426715.0,0.007492812996746115,23.9717609336528,6.8257750693386265,0.0005038081766661,8.009783744532679e-05
DE,northsea_to_denmark_germany,2017-06-19,2017-06-22,4,3658.22325,1.8430427854200344,4241.374180087932,504853.0,0.008401206252291125,23.9717609336528,6.8257750693386265,0.0005038081766661,8.009783744532679e-05
DE,northsea_to_denmark_germany,2017-07-06,2017-07-08,3,3247.0006333333336,1.6358654687133385,2823.4494673642107,306485.0,0.009212357757685403,23.9717609336528,6.8257750693386265,0.0005038081766661,8.009783744532679e-05
DE,northsea_to_denmark_germany,2018-08-03,2018-08-06,4,3472.3941250000003,1.7494205527823277,4025.9223613168024,467676.0,0.008608357840292857,23.9717609336528,6.8257750693386265,0.0005038081766661,8.009783744532679e-05
DE,northsea_to_denmark_germany,2018-09-11,2018-09-20,10,3828.8289300000006,1.9289953219897147,11097.93952820929,2425183.0,0.004576124576252304,23.9717609336528,6.8257750693386265,0.0005038081766661,8.009783744532679e-05
DE,northsea_to_denmark_germany,2019-06-02,2019-06-04,3,4276.718033333334,2.1546455144886956,3718.8465962465057,606495.0,0.006131701986407977,23.9717609336528,6.8257750693386265,0.0005038081766661,8.009783744532679e-05
DE,northsea_to_denmark_germany,2019-06-25,2019-06-30,6,3918.23065,1.9740366395337277,6814.2433531930365,1324983.0,0.005142891156485054,23.9717609336528,6.8257750693386265,0.0005038081766661,8.009783744532679e-05
DE,northsea_to_denmark_germany,2019-07-23,2019-07-26,4,3934.284,1.9821244485266105,4561.441288399517,754456.0,0.006046000414072546,23.9717609336528,6.8257750693386265,0.0005038081766661,8.009783744532679e-05
DE,northsea_to_denmark_germany,2020-07-27,2020-07-31,5,4150.3303,2.0909703410050673,6014.9089360718335,1427059.0,0.004214898568364611,23.9717609336528,6.8257750693386265,0.0005038081766661,8.009783744532679e-05
DE,northsea_to_denmark_germany,2020-08-08,2020-08-12,5,3728.50432,1.8784509631508768,5403.573289709119,1008628.0,0.005357350073276887,23.9717609336528,6.8257750693386265,0.0005038081766661,8.009783744532679e-05
DE,northsea_to_denmark_germany,2020-09-12,2020-09-20,9,3848.1562888888884,1.9387326034312966,10038.564248486402,1979884.0,0.00507027899032792,23.9717609336528,6.8257750693386265,0.0005038081766661,8.009783744532679e-05
DE,northsea_to_denmark_germany,2015-07-01,2015-07-22,22,2799.3577727272727,1.4103393353138018,17850.791577415766,3354033.0,0.005322187222789927,23.9717609336528,6.8257750693386265,0.0005038081766661,8.009783744532679e-05
DE,northsea_to_denmark_germany,2015-08-29,2015-08-31,3,2715.6415,1.3681623925937927,2361.4028491444433,188099.0,0.012554042547511912,23.9717609336528,6.8257750693386265,0.0005038081766661,8.009783744532679e-05
DE,northsea_to_denmark_germany,2016-08-25,2016-08-28,4,3092.142025,1.557846435607872,3585.0549432705648,614447.0,0.005834604031381982,23.9717609336528,6.8257750693386265,0.0005038081766661,8.009783744532679e-05
DE,northsea_to_denmark_germany,2016-09-08,2016-09-14,7,3339.6935571428576,1.6825649216476646,6776.119401590796,785723.0,0.008624056317036406,23.9717609336528,6.8257750693386265,0.0005038081766661,8.009783744532679e-05
DE,northsea_to_denmark_germany,2017-05-27,2017-05-29,3,3676.9282666666663,1.8524665257613764,3197.2956979065184,426715.0,0.007492812996746115,23.9717609336528,6.8257750693386265,0.0005038081766661,8.009783744532679e-05
DE,northsea_to_denmark_germany,2017-06-20,2017-06-22,3,3622.3284999999996,1.8249587168706487,3149.818133371845,473668.0,0.006649843631767071,23.9717609336528,6.8257750693386265,0.0005038081766661,8.009783744532679e-05
DE,northsea_to_denmark_germany,2017-07-06,2017-07-08,3,3247.0006333333336,1.6358654687133385,2823.4494673642107,306485.0,0.009212357757685403,23.9717609336528,6.8257750693386265,0.0005038081766661,8.009783744532679e-05
DE,northsea_to_denmark_germany,2018-07-26,2018-08-04,10,3694.8732499999996,1.8615073550948467,10709.666230216799,1373497.0,0.007797371403226071,23.9717609336528,6.8257750693386265,0.0005038081766661,8.009783744532679e-05
DE,northsea_to_denmark_germany,2018-09-10,2018-09-12,3,3646.9359666666664,1.837356159784354,3171.215708087393,828323.0,0.003828477185937603,23.9717609336528,6.8257750693386265,0.0005038081766661,8.009783744532679e-05
DE,northsea_to_denmark_germany,2018-09-18,2018-09-20,3,4037.0852,2.0339165336576976,3510.47238507692,1028888.0,0.003411909153451999,23.9717609336528,6.8257750693386265,0.0005038081766661,8.009783744532679e-05
DE,northsea_to_denmark_germany,2019-06-02,2019-06-04,3,4276.718033333334,2.1546455144886956,3718.8465962465057,606495.0,0.006131701986407977,23.9717609336528,6.8257750693386265,0.0005038081766661,8.009783744532679e-05
DE,northsea_to_denmark_germany,2019-06-25,2019-06-30,6,3918.23065,1.9740366395337277,6814.2433531930365,1324983.0,0.005142891156485054,23.9717609336528,6.8257750693386265,0.0005038081766661,8.009783744532679e-05
DE,northsea_to_denmark_germany,2019-07-23,2019-07-26,4,3934.284,1.9821244485266105,4561.441288399517,754456.0,0.006046000414072546,23.9717609336528,6.8257750693386265,0.0005038081766661,8.009783744532679e-05
DE,northsea_to_denmark_germany,2020-08-09,2020-08-12,4,3650.280125,1.8390409740967535,4232.164855510977,949253.0,0.00445841609719535,23.9717609336528,6.8257750693386265,0.0005038081766661,8.009783744532679e-05
DE,northsea_to_denmark_germany,2020-09-13,2020-09-22,10,3933.5255599999996,1.9817423402530996,11401.404867034782,1731762.0,0.0065837019561780325,23.9717609336528,6.8257750693386265,0.0005038081766661,8.009783744532679e-05
DE,northsea_to_denmark_germany,2015-07-02,2015-07-07,6,2833.196416666667,1.4273875208177615,4927.246906856074,764609.0,0.006444139301075549,23.9717609336528,6.8257750693386265,0.0005038081766661,8.009783744532679e-05
DE,northsea_to_denmark_germany,2015-07-16,2015-07-22,7,2841.8520142857146,1.4317482816721694,5766.016624269457,929630.0,0.006202485531092431,23.9717609336528,6.8257750693386265,0.0005038081766661,8.009783744532679e-05
DE,northsea_to_denmark_germany,2015-08-06,2015-08-13,8,2741.32575,1.381102327755329,6356.63132656553,810251.0,0.007845261933111506,23.9717609336528,6.8257750693386265,0.0005038081766661,8.009783744532679e-05
DE,northsea_to_denmark_germany,2015-08-29,2015-08-31,3,2715.6415,1.3681623925937927,2361.4028491444433,188099.0,0.012554042547511912,23.9717609336528,6.8257750693386265,0.0005038081766661,8.009783744532679e-05
DE,northsea_to_denmark_germany,2016-08-26,2016-08-28,3,2976.5634666666665,1.4996170128722588,2588.289157772087,433348.0,0.005972772824086155,23.9717609336528,6.8257750693386265,0.0005038081766661,8.009783744532679e-05
DE,northsea_to_denmark_germany,2016-09-08,2016-09-14,7,3339.6935571428576,1.6825649216476646,6776.119401590796,785723.0,0.008624056317036406,23.9717609336528,6.8257750693386265,0.0005038081766661,8.009783744532679e-05
DE,northsea_to_denmark_germany,2017-06-20,2017-06-22,3,3622.3284999999996,1.8249587168706487,3149.818133371845,473668.0,0.006649843631767071,23.9717609336528,6.8257750693386265,0.0005038081766661,8.009783744532679e-05
DE,northsea_to_denmark_germany,2017-07-06,2017-07-08,3,3247.0006333333336,1.6358654687133385,2823.4494673642107,306485.0,0.009212357757685403,23.9717609336528,6.8257750693386265,0.0005038081766661,8.009783744532679e-05
DE,northsea_to_denmark_germany,2018-07-31,2018-08-04,5,3508.19464,1.767457144968185,5084.287216758463,494433.0,0.010283066091378332,23.9717609336528,6.8257750693386265,0.0005038081766661,8.009783744532679e-05
DE,northsea_to_denmark_germany,2018-09-19,2018-09-23,5,3772.81268,1.900773877213542,5467.787636819441,2329590.0,0.0023471029824215597,23.9717609336528,6.8257750693386265,0.0005038081766661,8.009783744532679e-05
DE,northsea_to_denmark_germany,2019-06-25,2019-06-30,6,3918.23065,1.9740366395337277,6814.2433531930365,1324983.0,0.005142891156485054,23.9717609336528,6.8257750693386265,0.0005038081766661,8.009783744532679e-05
DE,northsea_to_denmark_germany,2019-07-24,2019-07-26,3,3938.286066666667,1.9841407224368401,3424.5609881026385,682246.0,0.005019539855276012,23.9717609336528,6.8257750693386265,0.0005038081766661,8.009783744532679e-05
DE,northsea_to_denmark_germany,2020-09-14,2020-09-16,3,3988.1623,2.0092687766114796,3467.9311750356064,405877.0,0.008544290942910307,23.9717609336528,6.8257750693386265,0.0005038081766661,8.009783744532679e-05
DE,northsea_to_denmark_germany,2015-07-02,2015-07-07,6,2833.196416666667,1.4273875208177615,4927.246906856074,764609.0,0.006444139301075549,23.9717609336528,6.8257750693386265,0.0005038081766661,8.009783744532679e-05
DE,northsea_to_denmark_germany,2015-07-17,2015-07-22,6,2882.792116666666,1.45237424000524,5013.499401734584,886672.0,0.005654288622776612,23.9717609336528,6.8257750693386265,0.0005038081766661,8.009783744532679e-05
DE,northsea_to_denmark_germany,2015-08-06,2015-08-13,8,2741.32575,1.381102327755329,6356.63132656553,810251.0,0.007845261933111506,23.9717609336528,6.8257750693386265,0.0005038081766661,8.009783744532679e-05
DE,northsea_to_denmark_germany,2015-08-29,2015-08-31,3,2715.6415,1.3681623925937927,2361.4028491444433,188099.0,0.012554042547511912,23.9717609336528,6.8257750693386265,0.0005038081766661,8.009783744532679e-05
DE,northsea_to_denmark_germany,2016-08-26,2016-08-28,3,2976.5634666666665,1.4996170128722588,2588.289157772087,433348.0,0.005972772824086155,23.9717609336528,6.8257750693386265,0.0005038081766661,8.009783744532679e-05
DE,northsea_to_denmark_germany,2016-09-08,2016-09-14,7,3339.6935571428576,1.6825649216476646,6776.119401590796,785723.0,0.008624056317036406,23.9717609336528,6.8257750693386265,0.0005038081766661,8.009783744532679e-05
DE,northsea_to_denmark_germany,2019-06-25,2019-06-30,6,3918.23065,1.9740366395337277,6814.2433531930365,1324983.0,0.005142891156485054,23.9717609336528,6.8257750693386265,0.0005038081766661,8.009783744532679e-05
DE,northsea_to_denmark_germany,2019-07-24,2019-07-26,3,3938.286066666667,1.9841407224368401,3424.5609881026385,682246.0,0.005019539855276012,23.9717609336528,6.8257750693386265,0.0005038081766661,8.009783744532679e-05
DE,northsea_to_denmark_germany,2015-07-02,2015-07-07,6,2833.196416666667,1.4273875208177615,4927.246906856074,764609.0,0.006444139301075549,23.9717609336528,6.8257750693386265,0.0005038081766661,8.009783744532679e-05
DE,northsea_to_denmark_germany,2015-07-17,2015-07-22,6,2882.792116666666,1.45237424000524,5013.499401734584,886672.0,0.005654288622776612,23.9717609336528,6.8257750693386265,0.0005038081766661,8.009783744532679e-05
DE,northsea_to_denmark_germany,2015-08-06,2015-08-13,8,2741.32575,1.381102327755329,6356.63132656553,810251.0,0.007845261933111506,23.9717609336528,6.8257750693386265,0.0005038081766661,8.009783744532679e-05
DE,northsea_to_denmark_germany,2015-08-28,2015-09-01,5,2743.45824,1.3821766936539877,3975.9851122008063,496039.0,0.008015468767981563,23.9717609336528,6.8257750693386265,0.0005038081766661,8.009783744532679e-05
DE,northsea_to_denmark_germany,2016-09-12,2016-09-15,4,3303.4558,1.6643080432950526,3830.0538752471493,741567.0,0.005164811642437095,23.9717609336528,6.8257750693386265,0.0005038081766661,8.009783744532679e-05
DE,northsea_to_denmark_germany,2018-09-18,2018-09-21,4,4010.124925,2.020333726667531,4649.37188177951,1763076.0,0.002637079673127823,23.9717609336528,6.8257750693386265,0.0005038081766661,8.009783744532679e-05
DE,northsea_to_denmark_germany,2019-06-25,2019-06-30,6,3918.23065,1.9740366395337277,6814.2433531930365,1324983.0,0.005142891156485054,23.9717609336528,6.8257750693386265,0.0005038081766661,8.009783744532679e-05
DE,northsea_to_denmark_germany,2019-07-24,2019-07-26,3,3938.286066666667,1.9841407224368401,3424.5609881026385,682246.0,0.005019539855276012,23.9717609336528,6.8257750693386265,0.0005038081766661,8.009783744532679e-05
DE,northsea_to_denmark_germany,2020-09-14,2020-09-16,3,3988.1623,2.0092687766114796,3467.9311750356064,405877.0,0.008544290942910307,23.9717609336528,6.8257750693386265,0.0005038081766661,8.009783744532679e-05
DE,northsea_to_denmark_germany,2015-07-03,2015-07-07,5,2792.43336,1.4068507595631912,4046.9628093092015,545820.0,0.007414464126102381,23.9717609336528,6.8257750693386265,0.0005038081766661,8.009783744532679e-05
DE,northsea_to_denmark_germany,2015-07-17,2015-07-22,6,2882.792116666666,1.45237424000524,5013.499401734584,886672.0,0.005654288622776612,23.9717609336528,6.8257750693386265,0.0005038081766661,8.009783744532679e-05
DE,northsea_to_denmark_germany,2015-08-06,2015-08-14,9,2756.848288888889,1.3889227097701686,7191.70340124925,998584.0,0.00720190129348082,23.9717609336528,6.8257750693386265,0.0005038081766661,8.009783744532679e-05
DE,northsea_to_denmark_germany,2015-08-28,2015-09-01,5,2743.45824,1.3821766936539877,3975.9851122008063,496039.0,0.008015468767981563,23.9717609336528,6.8257750693386265,0.0005038081766661,8.009783744532679e-05
DE,northsea_to_denmark_germany,2016-09-10,2016-09-15,6,3330.020866666667,1.6776917410953995,5791.280448657981,872974.0,0.006633966703083918,23.9717609336528,6.8257750693386265,0.0005038081766661,8.009783744532679e-05
DE,northsea_to_denmark_germany,2017-08-01,2017-08-03,3,3758.8222,1.8937253589940586,3268.5070737457004,605933.0,0.005394172414682317,23.9717609336528,6.8257750693386265,0.0005038081766661,8.009783744532679e-05
DE,northsea_to_denmark_germany,2019-06-25,2019-07-06,12,3821.5244499999994,1.92531526523942,13292.120810946732,3340937.0,0.003978560748360933,23.9717609336528,6.8257750693386265,0.0005038081766661,8.009783744532679e-05
DE,northsea_to_denmark_germany,2019-07-24,2019-07-26,3,3938.286066666667,1.9841407224368401,3424.5609881026385,682246.0,0.005019539855276012,23.9717609336528,6.8257750693386265,0.0005038081766661,8.009783744532679e-05
DE,northsea_to_denmark_germany,2015-07-04,2015-07-07,4,2811.299075,1.4163554610388434,3259.443312873287,474187.0,0.006873750889149823,23.9717609336528,6.8257750693386265,0.0005038081766661,8.009783744532679e-05
DE,northsea_to_denmark_germany,2015-07-17,2015-07-22,6,2882.792116666666,1.45237424000524,5013.499401734584,886672.0,0.005654288622776612,23.9717609336528,6.8257750693386265,0.0005038081766661,8.009783744532679e-05
DE,northsea_to_denmark_germany,2015-08-06,2015-08-14,9,2756.848288888889,1.3889227097701686,7191.70340124925,998584.0,0.00720190129348082,23.9717609336528,6.8257750693386265,0.0005038081766661,8.009783744532679e-05
DE,northsea_to_denmark_germany,2015-08-28,2015-09-01,5,2743.45824,1.3821766936539877,3975.9851122008063,496039.0,0.008015468767981563,23.9717609336528,6.8257750693386265,0.0005038081766661,8.009783744532679e-05
DE,northsea_to_denmark_germany,2016-09-11,2016-09-13,3,3324.391933333334,1.6748558384561578,2890.745550561861,323838.0,0.008926517427114363,23.9717609336528,6.8257750693386265,0.0005038081766661,8.009783744532679e-05
DE,northsea_to_denmark_germany,2017-06-20,2017-06-22,3,3622.3284999999996,1.8249587168706487,3149.818133371845,473668.0,0.006649843631767071,23.9717609336528,6.8257750693386265,0.0005038081766661,8.009783744532679e-05
DE,northsea_to_denmark_germany,2017-08-01,2017-08-03,3,3758.8222,1.8937253589940586,3268.5070737457004,605933.0,0.005394172414682317,23.9717609336528,6.8257750693386265,0.0005038081766661,8.009783744532679e-05
DE,northsea_to_denmark_germany,2019-06-26,2019-07-06,11,3808.522945454545,1.9187650009404589,12142.99043506686,3150096.0,0.0038548001188112553,23.9717609336528,6.8257750693386265,0.0005038081766661,8.009783744532679e-05
DE,northsea_to_denmark_germany,2015-07-01,2015-07-07,7,2866.964985714286,1.4444004020182657,5816.969949781848,923432.0,0.006299294317049711,23.9717609336528,6.8257750693386265,0.0005038081766661,8.009783744532679e-05
DE,northsea_to_denmark_germany,2016-08-25,2016-08-27,3,3068.580966666667,1.545976181768632,2668.3035435704887,398966.0,0.006688047461614496,23.9717609336528,6.8257750693386265,0.0005038081766661,8.009783744532679e-05
DE,northsea_to_denmark_germany,2016-09-12,2016-09-14,3,3335.3595333333337,1.680381405014561,2900.282494922255,477719.0,0.0060711055974793865,23.9717609336528,6.8257750693386265,0.0005038081766661,8.009783744532679e-05
DE,northsea_to_denmark_germany,2017-05-27,2017-05-29,3,3676.9282666666663,1.8524665257613764,3197.2956979065184,426715.0,0.007492812996746115,23.9717609336528,6.8257750693386265,0.0005038081766661,8.009783744532679e-05
DE,northsea_to_denmark_germany,2017-06-15,2017-06-22,8,3594.3605125,1.8108682160832534,8334.66239199323,1434413.0,0.005810503942723072,23.9717609336528,6.8257750693386265,0.0005038081766661,8.009783744532679e-05
DE,northsea_to_denmark_germany,2018-05-06,2018-05-09,4,4108.128375,2.069708666119018,4762.997889265394,995565.0,0.004784215886723011,23.9717609336528,6.8257750693386265,0.0005038081766661,8.009783744532679e-05
DE,northsea_to_denmark_germany,2018-07-25,2018-07-27,3,3413.4270666666666,1.7197124666400474,2968.166600994066,480159.0,0.006181632752888243,23.9717609336528,6.8257750693386265,0.0005038081766661,8.009783744532679e-05
DE,northsea_to_denmark_germany,2018-08-03,2018-08-07,5,3601.6902,1.8145609725781608,5219.786620101622,614753.0,0.008490868072382928,23.9717609336528,6.8257750693386265,0.0005038081766661,8.009783744532679e-05
DE,northsea_to_denmark_germany,2019-06-02,2019-06-04,3,4276.718033333334,2.1546455144886956,3718.8465962465057,606495.0,0.006131701986407977,23.9717609336528,6.8257750693386265,0.0005038081766661,8.009783744532679e-05
DE,northsea_to_denmark_germany,2019-06-25,2019-06-30,6,3918.23065,1.9740366395337277,6814.2433531930365,1324983.0,0.005142891156485054,23.9717609336528,6.8257750693386265,0.0005038081766661,8.009783744532679e-05
DE,northsea_to_denmark_germany,2019-07-23,2019-07-26,4,3934.284,1.9821244485266105,4561.441288399517,754456.0,0.006046000414072546,23.9717609336528,6.8257750693386265,0.0005038081766661,8.009783744532679e-05
DE,northsea_to_denmark_germany,2019-08-26,2019-08-31,6,4167.274483333334,2.0995069591153306,7247.358561953241,588338.0,0.01231835876987929,23.9717609336528,6.8257750693386265,0.0005038081766661,8.009783744532679e-05
DE,northsea_to_denmark_germany,2020-08-08,2020-08-12,5,3728.50432,1.8784509631508768,5403.573289709119,1008628.0,0.005357350073276887,23.9717609336528,6.8257750693386265,0.0005038081766661,8.009783744532679e-05
DE,northsea_to_denmark_germany,2020-09-14,2020-09-22,9,3917.7171222222223,1.973777920040338,10220.02540603116,1458447.0,0.0070074712389487995,23.9717609336528,6.8257750693386265,0.0005038081766661,8.009783744532679e-05
DE,northsea_to_denmark_germany,2015-07-01,2015-07-07,7,2866.964985714286,1.4444004020182657,5816.969949781848,923432.0,0.006299294317049711,23.9717609336528,6.8257750693386265,0.0005038081766661,8.009783744532679e-05
DE,northsea_to_denmark_germany,2016-08-26,2016-08-28,3,2976.5634666666665,1.4996170128722588,2588.289157772087,433348.0,0.005972772824086155,23.9717609336528,6.8257750693386265,0.0005038081766661,8.009783744532679e-05
DE,northsea_to_denmark_germany,2016-09-08,2016-09-14,7,3339.6935571428576,1.6825649216476646,6776.119401590796,785723.0,0.008624056317036406,23.9717609336528,6.8257750693386265,0.0005038081766661,8.009783744532679e-05
DE,northsea_to_denmark_germany,2016-09-25,2016-09-29,5,3256.8426,1.6408239319944802,4720.012683838542,1294213.0,0.0036470138098122504,23.9717609336528,6.8257750693386265,0.0005038081766661,8.009783744532679e-05
DE,northsea_to_denmark_germany,2017-05-27,2017-05-29,3,3676.9282666666663,1.8524665257613764,3197.2956979065184,426715.0,0.007492812996746115,23.9717609336528,6.8257750693386265,0.0005038081766661,8.009783744532679e-05
DE,northsea_to_denmark_germany,2017-06-20,2017-06-22,3,3622.3284999999996,1.8249587168706487,3149.818133371845,473668.0,0.006649843631767071,23.9717609336528,6.8257750693386265,0.0005038081766661,8.009783744532679e-05
DE,northsea_to_denmark_germany,2018-07-25,2018-07-27,3,3413.4270666666666,1.7197124666400474,2968.166600994066,480159.0,0.006181632752888243,23.9717609336528,6.8257750693386265,0.0005038081766661,8.009783744532679e-05
DE,northsea_to_denmark_germany,2018-08-03,2018-08-07,5,3601.6902,1.8145609725781608,5219.786620101622,614753.0,0.008490868072382928,23.9717609336528,6.8257750693386265,0.0005038081766661,8.009783744532679e-05
DE,northsea_to_denmark_germany,2018-09-18,2018-09-20,3,4037.0852,2.0339165336576976,3510.47238507692,1028888.0,0.003411909153451999,23.9717609336528,6.8257750693386265,0.0005038081766661,8.009783744532679e-05
DE,northsea_to_denmark_germany,2019-06-02,2019-06-04,3,4276.718033333334,2.1546455144886956,3718.8465962465057,606495.0,0.006131701986407977,23.9717609336528,6.8257750693386265,0.0005038081766661,8.009783744532679e-05
DE,northsea_to_denmark_germany,2019-06-25,2019-06-30,6,3918.23065,1.9740366395337277,6814.2433531930365,1324983.0,0.005142891156485054,23.9717609336528,6.8257750693386265,0.0005038081766661,8.009783744532679e-05
DE,northsea_to_denmark_germany,2019-07-23,2019-07-26,4,3934.284,1.9821244485266105,4561.441288399517,754456.0,0.006046000414072546,23.9717609336528,6.8257750693386265,0.0005038081766661,8.009783744532679e-05
DE,northsea_to_denmark_germany,2019-08-27,2019-08-31,5,4197.9703,2.1149717625414404,6083.951696768365,512476.0,0.011871681204131247,23.9717609336528,6.8257750693386265,0.0005038081766661,8.009783744532679e-05
DE,northsea_to_denmark_germany,2020-08-08,2020-08-12,5,3728.50432,1.8784509631508768,5403.573289709119,1008628.0,0.005357350073276887,23.9717609336528,6.8257750693386265,0.0005038081766661,8.009783744532679e-05
DE,northsea_to_denmark_germany,2020-09-14,2020-09-16,3,3988.1623,2.0092687766114796,3467.9311750356064,405877.0,0.008544290942910307,23.9717609336528,6.8257750693386265,0.0005038081766661,8.009783744532679e-05
DE,northsea_to_denmark_germany,2015-07-02,2015-07-07,6,2833.196416666667,1.4273875208177615,4927.246906856074,764609.0,0.006444139301075549,23.9717609336528,6.8257750693386265,0.0005038081766661,8.009783744532679e-05
DE,northsea_to_denmark_germany,2015-07-17,2015-07-22,6,2882.792116666666,1.45237424000524,5013.499401734584,886672.0,0.005654288622776612,23.9717609336528,6.8257750693386265,0.0005038081766661,8.009783744532679e-05
DE,northsea_to_denmark_germany,2016-08-26,2016-08-28,3,2976.5634666666665,1.4996170128722588,2588.289157772087,433348.0,0.005972772824086155,23.9717609336528,6.8257750693386265,0.0005038081766661,8.009783744532679e-05
DE,northsea_to_denmark_germany,2016-09-08,2016-09-14,7,3339.6935571428576,1.6825649216476646,6776.119401590796,785723.0,0.008624056317036406,23.9717609336528,6.8257750693386265,0.0005038081766661,8.009783744532679e-05
DE,northsea_to_denmark_germany,2017-06-20,2017-06-22,3,3622.3284999999996,1.8249587168706487,3149.818133371845,473668.0,0.006649843631767071,23.9717609336528,6.8257750693386265,0.0005038081766661,8.009783744532679e-05
DE,northsea_to_denmark_germany,2018-07-31,2018-08-04,5,3508.19464,1.767457144968185,5084.287216758463,494433.0,0.010283066091378332,23.9717609336528,6.8257750693386265,0.0005038081766661,8.009783744532679e-05
DE,northsea_to_denmark_germany,2018-09-18,2018-09-20,3,4037.0852,2.0339165336576976,3510.47238507692,1028888.0,0.003411909153451999,23.9717609336528,6.8257750693386265,0.0005038081766661,8.009783744532679e-05
DE,northsea_to_denmark_germany,2019-06-25,2019-06-30,6,3918.23065,1.9740366395337277,6814.2433531930365,1324983.0,0.005142891156485054,23.9717609336528,6.8257750693386265,0.0005038081766661,8.009783744532679e-05
DE,northsea_to_denmark_germany,2019-07-24,2019-07-26,3,3938.286066666667,1.9841407224368401,3424.5609881026385,682246.0,0.005019539855276012,23.9717609336528,6.8257750693386265,0.0005038081766661,8.009783744532679e-05
DE,northsea_to_denmark_germany,2019-08-28,2019-08-31,4,4282.817375,2.1577184126926423,4965.533755316046,414384.0,0.011982928287086485,23.9717609336528,6.8257750693386265,0.0005038081766661,8.009783744532679e-05
DE,northsea_to_denmark_germany,2020-08-08,2020-08-11,4,3654.13345,1.8409823107391052,4236.632432267668,714307.0,0.005931108658136723,23.9717609336528,6.8257750693386265,0.0005038081766661,8.009783744532679e-05
DE,northsea_to_denmark_germany,2015-07-02,2015-07-07,6,2833.196416666667,1.4273875208177615,4927.246906856074,764609.0,0.006444139301075549,23.9717609336528,6.8257750693386265,0.0005038081766661,8.009783744532679e-05
DE,northsea_to_denmark_germany,2015-07-17,2015-07-22,6,2882.792116666666,1.45237424000524,5013.499401734584,886672.0,0.005654288622776612,23.9717609336528,6.8257750693386265,0.0005038081766661,8.009783744532679e-05
DE,northsea_to_denmark_germany,2015-08-06,2015-08-13,8,2741.32575,1.381102327755329,6356.63132656553,810251.0,0.007845261933111506,23.9717609336528,6.8257750693386265,0.0005038081766661,8.009783744532679e-05
DE,northsea_to_denmark_germany,2016-08-26,2016-08-28,3,2976.5634666666665,1.4996170128722588,2588.289157772087,433348.0,0.005972772824086155,23.9717609336528,6.8257750693386265,0.0005038081766661,8.009783744532679e-05
DE,northsea_to_denmark_germany,2016-09-08,2016-09-15,8,3323.1999375,1.6742553012087724,7705.89078191569,1049571.0,0.007341943310091161,23.9717609336528,6.8257750693386265,0.0005038081766661,8.009783744532679e-05
DE,northsea_to_denmark_germany,2017-06-20,2017-06-22,3,3622.3284999999996,1.8249587168706487,3149.818133371845,473668.0,0.006649843631767071,23.9717609336528,6.8257750693386265,0.0005038081766661,8.009783744532679e-05
DE,northsea_to_denmark_germany,2018-07-31,2018-08-04,5,3508.19464,1.767457144968185,5084.287216758463,494433.0,0.010283066091378332,23.9717609336528,6.8257750693386265,0.0005038081766661,8.009783744532679e-05
DE,northsea_to_denmark_germany,2018-09-18,2018-09-21,4,4010.124925,2.020333726667531,4649.37188177951,1763076.0,0.002637079673127823,23.9717609336528,6.8257750693386265,0.0005038081766661,8.009783744532679e-05
DE,northsea_to_denmark_germany,2019-06-25,2019-06-30,6,3918.23065,1.9740366395337277,6814.2433531930365,1324983.0,0.005142891156485054,23.9717609336528,6.8257750693386265,0.0005038081766661,8.009783744532679e-05
DE,northsea_to_denmark_germany,2019-07-24,2019-07-26,3,3938.286066666667,1.9841407224368401,3424.5609881026385,682246.0,0.005019539855276012,23.9717609336528,6.8257750693386265,0.0005038081766661,8.009783744532679e-05
DE,northsea_to_denmark_germany,2015-07-02,2015-07-07,6,2833.196416666667,1.4273875208177615,4927.246906856074,764609.0,0.006444139301075549,23.9717609336528,6.8257750693386265,0.0005038081766661,8.009783744532679e-05
DE,northsea_to_denmark_germany,2015-07-17,2015-07-22,6,2882.792116666666,1.45237424000524,5013.499401734584,886672.0,0.005654288622776612,23.9717609336528,6.8257750693386265,0.0005038081766661,8.009783744532679e-05
DE,northsea_to_denmark_germany,2015-08-06,2015-08-13,8,2741.32575,1.381102327755329,6356.63132656553,810251.0,0.007845261933111506,23.9717609336528,6.8257750693386265,0.0005038081766661,8.009783744532679e-05
DE,northsea_to_denmark_germany,2015-08-30,2015-09-01,3,2632.0316333333335,1.3260390581171637,2288.6993728706957,369845.0,0.006188266362586207,23.9717609336528,6.8257750693386265,0.0005038081766661,8.009783744532679e-05
DE,northsea_to_denmark_germany,2016-09-09,2016-09-15,7,3314.029285714286,1.669635051853772,6724.047507993584,935236.0,0.007189679939601966,23.9717609336528,6.8257750693386265,0.0005038081766661,8.009783744532679e-05
DE,northsea_to_denmark_germany,2017-06-20,2017-06-22,3,3622.3284999999996,1.8249587168706487,3149.818133371845,473668.0,0.006649843631767071,23.9717609336528,6.8257750693386265,0.0005038081766661,8.009783744532679e-05
DE,northsea_to_denmark_germany,2018-09-18,2018-09-21,4,4010.124925,2.020333726667531,4649.37188177951,1763076.0,0.002637079673127823,23.9717609336528,6.8257750693386265,0.0005038081766661,8.009783744532679e-05
DE,northsea_to_denmark_germany,2019-06-25,2019-07-01,7,3913.5900714285713,1.9716986781049803,7940.535009914947,1721978.0,0.004611287141830469,23.9717609336528,6.8257750693386265,0.0005038081766661,8.009783744532679e-05
DE,northsea_to_denmark_germany,2019-07-24,2019-07-26,3,3938.286066666667,1.9841407224368401,3424.5609881026385,682246.0,0.005019539855276012,23.9717609336528,6.8257750693386265,0.0005038081766661,8.009783744532679e-05
DE,northsea_to_denmark_germany,2015-07-03,2015-07-07,5,2792.43336,1.4068507595631912,4046.9628093092015,545820.0,0.007414464126102381,23.9717609336528,6.8257750693386265,0.0005038081766661,8.009783744532679e-05
DE,northsea_to_denmark_germany,2015-07-17,2015-07-22,6,2882.792116666666,1.45237424000524,5013.499401734584,886672.0,0.005654288622776612,23.9717609336528,6.8257750693386265,0.0005038081766661,8.009783744532679e-05
DE,northsea_to_denmark_germany,2015-08-06,2015-08-14,9,2756.848288888889,1.3889227097701686,7191.70340124925,998584.0,0.00720190129348082,23.9717609336528,6.8257750693386265,0.0005038081766661,8.009783744532679e-05
DE,northsea_to_denmark_germany,2015-08-29,2015-09-01,4,2711.247175,1.3659484957278645,3143.4423155780187,409420.0,0.0076777937462215295,23.9717609336528,6.8257750693386265,0.0005038081766661,8.009783744532679e-05
DE,northsea_to_denmark_germany,2016-09-08,2016-09-14,7,3339.6935571428576,1.6825649216476646,6776.119401590796,785723.0,0.008624056317036406,23.9717609336528,6.8257750693386265,0.0005038081766661,8.009783744532679e-05
DE,northsea_to_denmark_germany,2017-06-20,2017-06-22,3,3622.3284999999996,1.8249587168706487,3149.818133371845,473668.0,0.006649843631767071,23.9717609336528,6.8257750693386265,0.0005038081766661,8.009783744532679e-05
DE,northsea_to_denmark_germany,2019-06-26,2019-07-01,6,3905.0982499999996,1.9674204290344774,6791.404634035072,1531137.0,0.004435530350344268,23.9717609336528,6.8257750693386265,0.0005038081766661,8.009783744532679e-05
DE,northsea_to_denmark_germany,2019-07-24,2019-07-26,3,3938.286066666667,1.9841407224368401,3424.5609881026385,682246.0,0.005019539855276012,23.9717609336528,6.8257750693386265,0.0005038081766661,8.009783744532679e-05
DE,northsea_to_denmark_germany,2020-09-14,2020-09-16,3,3988.1623,2.0092687766114796,3467.9311750356064,405877.0,0.008544290942910307,23.9717609336528,6.8257750693386265,0.0005038081766661,8.009783744532679e-05
DE,northsea_to_denmark_germany,2015-07-03,2015-07-07,5,2792.43336,1.4068507595631912,4046.9628093092015,545820.0,0.007414464126102381,23.9717609336528,6.8257750693386265,0.0005038081766661,8.009783744532679e-05
DE,northsea_to_denmark_germany,2015-07-17,2015-07-22,6,2882.792116666666,1.45237424000524,5013.499401734584,886672.0,0.005654288622776612,23.9717609336528,6.8257750693386265,0.0005038081766661,8.009783744532679e-05
DE,northsea_to_denmark_germany,2015-08-06,2015-08-14,9,2756.848288888889,1.3889227097701686,7191.70340124925,998584.0,0.00720190129348082,23.9717609336528,6.8257750693386265,0.0005038081766661,8.009783744532679e-05
DE,northsea_to_denmark_germany,2015-08-29,2015-09-01,4,2711.247175,1.3659484957278645,3143.4423155780187,409420.0,0.0076777937462215295,23.9717609336528,6.8257750693386265,0.0005038081766661,8.009783744532679e-05
DE,northsea_to_denmark_germany,2016-09-08,2016-09-14,7,3339.6935571428576,1.6825649216476646,6776.119401590796,785723.0,0.008624056317036406,23.9717609336528,6.8257750693386265,0.0005038081766661,8.009783744532679e-05
DE,northsea_to_denmark_germany,2017-06-20,2017-06-22,3,3622.3284999999996,1.8249587168706487,3149.818133371845,473668.0,0.006649843631767071,23.9717609336528,6.8257750693386265,0.0005038081766661,8.009783744532679e-05
DE,northsea_to_denmark_germany,2018-07-31,2018-08-09,10,3647.6704300000006,1.837726188417149,10572.84788405973,1511000.0,0.006997252074162628,23.9717609336528,6.8257750693386265,0.0005038081766661,8.009783744532679e-05
DE,northsea_to_denmark_germany,2018-08-19,2018-08-23,5,3748.5652200000004,1.888557808602158,5432.646755663298,646492.0,0.008403269886809579,23.9717609336528,6.8257750693386265,0.0005038081766661,8.009783744532679e-05
DE,northsea_to_denmark_germany,2019-06-11,2019-06-15,5,3774.7315000000003,1.9017405944190926,5470.568506468471,1142146.0,0.004789727851315394,23.9717609336528,6.8257750693386265,0.0005038081766661,8.009783744532679e-05
DE,northsea_to_denmark_germany,2019-06-26,2019-07-01,6,3905.0982499999996,1.9674204290344774,6791.404634035072,1531137.0,0.004435530350344268,23.9717609336528,6.8257750693386265,0.0005038081766661,8.009783744532679e-05
DE,northsea_to_denmark_germany,2020-09-14,2020-09-16,3,3988.1623,2.0092687766114796,3467.9311750356064,405877.0,0.008544290942910307,23.9717609336528,6.8257750693386265,0.0005038081766661,8.009783744532679e-05
DE,northsea_to_denmark_germany,2015-07-01,2015-07-04,4,2878.301825,1.450111994347958,3337.1268533310454,532136.0,0.006271191675306774,23.9717609336528,6.8257750693386265,0.0005038081766661,8.009783744532679e-05
DE,northsea_to_denmark_germany,2015-08-03,2015-08-06,4,3041.744125,1.5324555615010718,3526.623202728035,454125.0,0.00776575436879281,23.9717609336528,6.8257750693386265,0.0005038081766661,8.009783744532679e-05
DE,northsea_to_denmark_germany,2016-08-24,2016-08-27,4,3180.4491000000003,1.6023362620503387,3687.438893682582,519349.0,0.007100117442572494,23.9717609336528,6.8257750693386265,0.0005038081766661,8.009783744532679e-05
DE,northsea_to_denmark_germany,2016-09-08,2016-09-15,8,3323.1999375,1.6742553012087724,7705.89078191569,1049571.0,0.007341943310091161,23.9717609336528,6.8257750693386265,0.0005038081766661,8.009783744532679e-05
DE,northsea_to_denmark_germany,2017-05-27,2017-05-29,3,3676.9282666666663,1.8524665257613764,3197.2956979065184,426715.0,0.007492812996746115,23.9717609336528,6.8257750693386265,0.0005038081766661,8.009783744532679e-05
DE,northsea_to_denmark_germany,2017-06-15,2017-06-22,8,3594.3605125,1.8108682160832534,8334.66239199323,1434413.0,0.005810503942723072,23.9717609336528,6.8257750693386265,0.0005038081766661,8.009783744532679e-05
DE,northsea_to_denmark_germany,2018-05-26,2018-05-28,3,3431.8581333333336,1.728998188731392,2984.19344891911,481443.0,0.006198435638111074,23.9717609336528,6.8257750693386265,0.0005038081766661,8.009783744532679e-05
DE,northsea_to_denmark_germany,2018-07-25,2018-07-27,3,3413.4270666666666,1.7197124666400474,2968.166600994066,480159.0,0.006181632752888243,23.9717609336528,6.8257750693386265,0.0005038081766661,8.009783744532679e-05
DE,northsea_to_denmark_germany,2018-08-03,2018-08-07,5,3601.6902,1.8145609725781608,5219.786620101622,614753.0,0.008490868072382928,23.9717609336528,6.8257750693386265,0.0005038081766661,8.009783744532679e-05
DE,northsea_to_denmark_germany,2019-06-02,2019-06-04,3,4276.718033333334,2.1546455144886956,3718.8465962465057,606495.0,0.006131701986407977,23.9717609336528,6.8257750693386265,0.0005038081766661,8.009783744532679e-05
DE,northsea_to_denmark_germany,2019-06-25,2019-06-29,5,3881.76408,1.9556644833927608,5625.686575479223,979777.0,0.005741803058736042,23.9717609336528,6.8257750693386265,0.0005038081766661,8.009783744532679e-05
DE,northsea_to_denmark_germany,2019-07-23,2019-07-26,4,3934.284,1.9821244485266105,4561.441288399517,754456.0,0.006046000414072546,23.9717609336528,6.8257750693386265,0.0005038081766661,8.009783744532679e-05
DE,northsea_to_denmark_germany,2019-08-25,2019-08-31,7,4147.516028571428,2.089552488047995,8415.162453903398,712691.0,0.011807589058797429,23.9717609336528,6.8257750693386265,0.0005038081766661,8.009783744532679e-05
DE,northsea_to_denmark_germany,2020-08-06,2020-08-20,15,3949.6545066666663,1.9898682354647776,17172.232426811228,2165128.0,0.00793127816314381,23.9717609336528,6.8257750693386265,0.0005038081766661,8.009783744532679e-05
DE,northsea_to_denmark_germany,2020-09-14,2020-09-16,3,3988.1623,2.0092687766114796,3467.9311750356064,405877.0,0.008544290942910307,23.9717609336528,6.8257750693386265,0.0005038081766661,8.009783744532679e-05
DE,northsea_to_denmark_germany,2015-07-01,2015-07-07,7,2866.964985714286,1.4444004020182657,5816.969949781848,923432.0,0.006299294317049711,23.9717609336528,6.8257750693386265,0.0005038081766661,8.009783744532679e-05
DE,northsea_to_denmark_germany,2016-08-25,2016-08-28,4,3092.142025,1.557846435607872,3585.0549432705648,614447.0,0.005834604031381982,23.9717609336528,6.8257750693386265,0.0005038081766661,8.009783744532679e-05
DE,northsea_to_denmark_germany,2016-09-08,2016-09-15,8,3323.1999375,1.6742553012087724,7705.89078191569,1049571.0,0.007341943310091161,23.9717609336528,6.8257750693386265,0.0005038081766661,8.009783744532679e-05
DE,northsea_to_denmark_germany,2017-05-27,2017-05-29,3,3676.9282666666663,1.8524665257613764,3197.2956979065184,426715.0,0.007492812996746115,23.9717609336528,6.8257750693386265,0.0005038081766661,8.009783744532679e-05
DE,northsea_to_denmark_germany,2017-06-15,2017-06-22,8,3594.3605125,1.8108682160832534,8334.66239199323,1434413.0,0.005810503942723072,23.9717609336528,6.8257750693386265,0.0005038081766661,8.009783744532679e-05
DE,northsea_to_denmark_germany,2018-05-26,2018-05-29,4,3415.827975,1.7209220638898066,3960.339100897422,765963.0,0.005170405229622609,23.9717609336528,6.8257750693386265,0.0005038081766661,8.009783744532679e-05
DE,northsea_to_denmark_germany,2018-07-25,2018-08-07,14,3681.8351785714285,1.854938668101176,14940.625156232067,1881445.0,0.007941037424018277,23.9717609336528,6.8257750693386265,0.0005038081766661,8.009783744532679e-05
DE,northsea_to_denmark_germany,2018-09-18,2018-09-20,3,4037.0852,2.0339165336576976,3510.47238507692,1028888.0,0.003411909153451999,23.9717609336528,6.8257750693386265,0.0005038081766661,8.009783744532679e-05
DE,northsea_to_denmark_germany,2019-06-25,2019-06-30,6,3918.23065,1.9740366395337277,6814.2433531930365,1324983.0,0.005142891156485054,23.9717609336528,6.8257750693386265,0.0005038081766661,8.009783744532679e-05
DE,northsea_to_denmark_germany,2019-07-23,2019-07-26,4,3934.284,1.9821244485266105,4561.441288399517,754456.0,0.006046000414072546,23.9717609336528,6.8257750693386265,0.0005038081766661,8.009783744532679e-05
DE,northsea_to_denmark_germany,2019-08-26,2019-08-31,6,4167.274483333334,2.0995069591153306,7247.358561953241,588338.0,0.01231835876987929,23.9717609336528,6.8257750693386265,0.0005038081766661,8.009783744532679e-05
DE,northsea_to_denmark_germany,2020-08-07,2020-08-16,10,3716.6532399999996,1.8724802921445527,10772.795979903734,1577959.0,0.006827044289429405,23.9717609336528,6.8257750693386265,0.0005038081766661,8.009783744532679e-05
DE,northsea_to_denmark_germany,2020-09-14,2020-09-22,9,3917.7171222222223,1.973777920040338,10220.02540603116,1458447.0,0.0070074712389487995,23.9717609336528,6.8257750693386265,0.0005038081766661,8.009783744532679e-05
DE,northsea_to_denmark_germany,2015-07-02,2015-07-07,6,2833.196416666667,1.4273875208177615,4927.246906856074,764609.0,0.006444139301075549,23.9717609336528,6.8257750693386265,0.0005038081766661,8.009783744532679e-05
DE,northsea_to_denmark_germany,2016-08-25,2016-08-28,4,3092.142025,1.557846435607872,3585.0549432705648,614447.0,0.005834604031381982,23.9717609336528,6.8257750693386265,0.0005038081766661,8.009783744532679e-05
DE,northsea_to_denmark_germany,2016-09-10,2016-09-15,6,3330.020866666667,1.6776917410953995,5791.280448657981,872974.0,0.006633966703083918,23.9717609336528,6.8257750693386265,0.0005038081766661,8.009783744532679e-05
DE,northsea_to_denmark_germany,2017-06-20,2017-06-22,3,3622.3284999999996,1.8249587168706487,3149.818133371845,473668.0,0.006649843631767071,23.9717609336528,6.8257750693386265,0.0005038081766661,8.009783744532679e-05
DE,northsea_to_denmark_germany,2018-07-25,2018-08-07,14,3681.8351785714285,1.854938668101176,14940.625156232067,1881445.0,0.007941037424018277,23.9717609336528,6.8257750693386265,0.0005038081766661,8.009783744532679e-05
DE,northsea_to_denmark_germany,2018-09-18,2018-09-20,3,4037.0852,2.0339165336576976,3510.47238507692,1028888.0,0.003411909153451999,23.9717609336528,6.8257750693386265,0.0005038081766661,8.009783744532679e-05
DE,northsea_to_denmark_germany,2019-06-25,2019-06-30,6,3918.23065,1.9740366395337277,6814.2433531930365,1324983.0,0.005142891156485054,23.9717609336528,6.8257750693386265,0.0005038081766661,8.009783744532679e-05
DE,northsea_to_denmark_germany,2019-07-24,2019-07-26,3,3938.286066666667,1.9841407224368401,3424.5609881026385,682246.0,0.005019539855276012,23.9717609336528,6.8257750693386265,0.0005038081766661,8.009783744532679e-05
DE,northsea_to_denmark_germany,2019-08-26,2019-08-31,6,4167.274483333334,2.0995069591153306,7247.358561953241,588338.0,0.01231835876987929,23.9717609336528,6.8257750693386265,0.0005038081766661,8.009783744532679e-05
DE,northsea_to_denmark_germany,2020-08-08,2020-08-11,4,3654.13345,1.8409823107391052,4236.632432267668,714307.0,0.005931108658136723,23.9717609336528,6.8257750693386265,0.0005038081766661,8.009783744532679e-05
DE,northsea_to_denmark_germany,2020-09-14,2020-09-16,3,3988.1623,2.0092687766114796,3467.9311750356064,405877.0,0.008544290942910307,23.9717609336528,6.8257750693386265,0.0005038081766661,8.009783744532679e-05
DE,northsea_to_denmark_germany,2015-07-02,2015-07-07,6,2833.196416666667,1.4273875208177615,4927.246906856074,764609.0,0.006444139301075549,23.9717609336528,6.8257750693386265,0.0005038081766661,8.009783744532679e-05
DE,northsea_to_denmark_germany,2016-08-25,2016-08-28,4,3092.142025,1.557846435607872,3585.0549432705648,614447.0,0.005834604031381982,23.9717609336528,6.8257750693386265,0.0005038081766661,8.009783744532679e-05
DE,northsea_to_denmark_germany,2016-09-08,2016-09-15,8,3323.1999375,1.6742553012087724,7705.89078191569,1049571.0,0.007341943310091161,23.9717609336528,6.8257750693386265,0.0005038081766661,8.009783744532679e-05
DE,northsea_to_denmark_germany,2018-05-09,2018-05-14,6,3582.0074333333337,1.8046446337920834,6229.513401330705,1380247.0,0.004513332324816287,23.9717609336528,6.8257750693386265,0.0005038081766661,8.009783744532679e-05
DE,northsea_to_denmark_germany,2018-07-25,2018-08-09,16,3694.1090062499998,1.8611223228446307,17131.92168634217,2467440.0,0.006943196870579293,23.9717609336528,6.8257750693386265,0.0005038081766661,8.009783744532679e-05
DE,northsea_to_denmark_germany,2018-09-18,2018-09-20,3,4037.0852,2.0339165336576976,3510.47238507692,1028888.0,0.003411909153451999,23.9717609336528,6.8257750693386265,0.0005038081766661,8.009783744532679e-05
DE,northsea_to_denmark_germany,2019-06-03,2019-06-05,3,4167.2897,2.0995146253964188,3623.6925127231602,643224.0,0.00563364008918069,23.9717609336528,6.8257750693386265,0.0005038081766661,8.009783744532679e-05
DE,northsea_to_denmark_germany,2019-06-25,2019-06-30,6,3918.23065,1.9740366395337277,6814.2433531930365,1324983.0,0.005142891156485054,23.9717609336528,6.8257750693386265,0.0005038081766661,8.009783744532679e-05
DE,northsea_to_denmark_germany,2019-07-24,2019-07-26,3,3938.286066666667,1.9841407224368401,3424.5609881026385,682246.0,0.005019539855276012,23.9717609336528,6.8257750693386265,0.0005038081766661,8.009783744532679e-05
DE,northsea_to_denmark_germany,2019-08-26,2019-08-31,6,4167.274483333334,2.0995069591153306,7247.358561953241,588338.0,0.01231835876987929,23.9717609336528,6.8257750693386265,0.0005038081766661,8.009783744532679e-05
DE,northsea_to_denmark_germany,2020-08-08,2020-08-12,5,3728.50432,1.8784509631508768,5403.573289709119,1008628.0,0.005357350073276887,23.9717609336528,6.8257750693386265,0.0005038081766661,8.009783744532679e-05
DE,northsea_to_denmark_germany,2015-07-02,2015-07-07,6,2833.196416666667,1.4273875208177615,4927.246906856074,764609.0,0.006444139301075549,23.9717609336528,6.8257750693386265,0.0005038081766661,8.009783744532679e-05
DE,northsea_to_denmark_germany,2015-08-04,2015-08-07,4,2991.6792499999997,1.5072324681123053,3468.5775741146545,399369.0,0.008685144751131546,23.9717609336528,6.8257750693386265,0.0005038081766661,8.009783744532679e-05
DE,northsea_to_denmark_germany,2016-08-26,2016-08-28,3,2976.5634666666665,1.4996170128722588,2588.289157772087,433348.0,0.005972772824086155,23.9717609336528,6.8257750693386265,0.0005038081766661,8.009783744532679e-05
DE,northsea_to_denmark_germany,2016-09-08,2016-09-14,7,3339.6935571428576,1.6825649216476646,6776.119401590796,785723.0,0.008624056317036406,23.9717609336528,6.8257750693386265,0.0005038081766661,8.009783744532679e-05
DE,northsea_to_denmark_germany,2017-06-20,2017-06-22,3,3622.3284999999996,1.8249587168706487,3149.818133371845,473668.0,0.006649843631767071,23.9717609336528,6.8257750693386265,0.0005038081766661,8.009783744532679e-05
DE,northsea_to_denmark_germany,2018-07-28,2018-08-09,13,3758.881761538462,1.8937553665841504,14163.75508534811,1987281.0,0.0071272029900895295,23.9717609336528,6.8257750693386265,0.0005038081766661,8.009783744532679e-05
DE,northsea_to_denmark_germany,2018-09-18,2018-09-21,4,4010.124925,2.020333726667531,4649.37188177951,1763076.0,0.002637079673127823,23.9717609336528,6.8257750693386265,0.0005038081766661,8.009783744532679e-05
DE,northsea_to_denmark_germany,2019-06-03,2019-06-05,3,4167.2897,2.0995146253964188,3623.6925127231602,643224.0,0.00563364008918069,23.9717609336528,6.8257750693386265,0.0005038081766661,8.009783744532679e-05
DE,northsea_to_denmark_germany,2019-06-25,2019-06-30,6,3918.23065,1.9740366395337277,6814.2433531930365,1324983.0,0.005142891156485054,23.9717609336528,6.8257750693386265,0.0005038081766661,8.009783744532679e-05
DE,northsea_to_denmark_germany,2019-08-25,2019-08-31,7,4147.516028571428,2.089552488047995,8415.162453903398,712691.0,0.011807589058797429,23.9717609336528,6.8257750693386265,0.0005038081766661,8.009783744532679e-05
DE,northsea_to_denmark_germany,2020-09-14,2020-09-16,3,3988.1623,2.0092687766114796,3467.9311750356064,405877.0,0.008544290942910307,23.9717609336528,6.8257750693386265,0.0005038081766661,8.009783744532679e-05
DE,northsea_to_denmark_germany,2015-07-03,2015-07-07,5,2792.43336,1.4068507595631912,4046.9628093092015,545820.0,0.007414464126102381,23.9717609336528,6.8257750693386265,0.0005038081766661,8.009783744532679e-05
DE,northsea_to_denmark_germany,2015-08-04,2015-08-14,11,2809.9359909090913,1.41566872812836,8959.123090352521,1230154.0,0.0072829280645777044,23.9717609336528,6.8257750693386265,0.0005038081766661,8.009783744532679e-05
DE,northsea_to_denmark_germany,2015-08-30,2015-09-01,3,2632.0316333333335,1.3260390581171637,2288.6993728706957,369845.0,0.006188266362586207,23.9717609336528,6.8257750693386265,0.0005038081766661,8.009783744532679e-05
DE,northsea_to_denmark_germany,2016-09-08,2016-09-14,7,3339.6935571428576,1.6825649216476646,6776.119401590796,785723.0,0.008624056317036406,23.9717609336528,6.8257750693386265,0.0005038081766661,8.009783744532679e-05
DE,northsea_to_denmark_germany,2017-06-20,2017-06-22,3,3622.3284999999996,1.8249587168706487,3149.818133371845,473668.0,0.006649843631767071,23.9717609336528,6.8257750693386265,0.0005038081766661,8.009783744532679e-05
DE,northsea_to_denmark_germany,2018-05-28,2018-05-31,4,3471.0933000000005,1.7487651865109162,4024.4141740929053,687216.0,0.005856112450951237,23.9717609336528,6.8257750693386265,0.0005038081766661,8.009783744532679e-05
DE,northsea_to_denmark_germany,2018-07-31,2018-08-17,18,3670.892411111111,1.8494256123793122,19152.283094437524,3334471.0,0.00574372459512694,23.9717609336528,6.8257750693386265,0.0005038081766661,8.009783744532679e-05
DE,northsea_to_denmark_germany,2018-09-18,2018-09-21,4,4010.124925,2.020333726667531,4649.37188177951,1763076.0,0.002637079673127823,23.9717609336528,6.8257750693386265,0.0005038081766661,8.009783744532679e-05
DE,northsea_to_denmark_germany,2019-06-03,2019-06-05,3,4167.2897,2.0995146253964188,3623.6925127231602,643224.0,0.00563364008918069,23.9717609336528,6.8257750693386265,0.0005038081766661,8.009783744532679e-05
DE,northsea_to_denmark_germany,2019-06-12,2019-06-15,4,3903.49,1.9666101795343545,4525.738471054613,998763.0,0.004531343743265032,23.9717609336528,6.8257750693386265,0.0005038081766661,8.009783744532679e-05
DE,northsea_to_denmark_germany,2019-06-25,2019-07-01,7,3913.5900714285713,1.9716986781049803,7940.535009914947,1721978.0,0.004611287141830469,23.9717609336528,6.8257750693386265,0.0005038081766661,8.009783744532679e-05
DE,northsea_to_denmark_germany,2019-08-25,2019-08-31,7,4147.516028571428,2.089552488047995,8415.162453903398,712691.0,0.011807589058797429,23.9717609336528,6.8257750693386265,0.0005038081766661,8.009783744532679e-05
DE,northsea_to_denmark_germany,2020-09-14,2020-09-16,3,3988.1623,2.0092687766114796,3467.9311750356064,405877.0,0.008544290942910307,23.9717609336528,6.8257750693386265,0.0005038081766661,8.009783744532679e-05
DE,northsea_to_denmark_germany,2015-07-03,2015-07-07,5,2792.43336,1.4068507595631912,4046.9628093092015,545820.0,0.007414464126102381,23.9717609336528,6.8257750693386265,0.0005038081766661,8.009783744532679e-05
DE,northsea_to_denmark_germany,2015-08-04,2015-08-14,11,2809.9359909090913,1.41566872812836,8959.123090352521,1230154.0,0.0072829280645777044,23.9717609336528,6.8257750693386265,0.0005038081766661,8.009783744532679e-05
DE,northsea_to_denmark_germany,2015-08-30,2015-09-01,3,2632.0316333333335,1.3260390581171637,2288.6993728706957,369845.0,0.006188266362586207,23.9717609336528,6.8257750693386265,0.0005038081766661,8.009783744532679e-05
DE,northsea_to_denmark_germany,2016-09-08,2016-09-13,6,3351.498116666667,1.6885121552577014,5828.631799594243,560260.0,0.010403440901713924,23.9717609336528,6.8257750693386265,0.0005038081766661,8.009783744532679e-05
DE,northsea_to_denmark_germany,2018-05-28,2018-05-31,4,3471.0933000000005,1.7487651865109162,4024.4141740929053,687216.0,0.005856112450951237,23.9717609336528,6.8257750693386265,0.0005038081766661,8.009783744532679e-05
DE,northsea_to_denmark_germany,2018-07-31,2018-08-17,18,3670.892411111111,1.8494256123793122,19152.283094437524,3334471.0,0.00574372459512694,23.9717609336528,6.8257750693386265,0.0005038081766661,8.009783744532679e-05
DE,northsea_to_denmark_germany,2018-09-18,2018-09-21,4,4010.124925,2.020333726667531,4649.37188177951,1763076.0,0.002637079673127823,23.9717609336528,6.8257750693386265,0.0005038081766661,8.009783744532679e-05
DE,northsea_to_denmark_germany,2019-06-11,2019-06-15,5,3774.7315000000003,1.9017405944190926,5470.568506468471,1142146.0,0.004789727851315394,23.9717609336528,6.8257750693386265,0.0005038081766661,8.009783744532679e-05
DE,northsea_to_denmark_germany,2019-06-25,2019-07-01,7,3913.5900714285713,1.9716986781049803,7940.535009914947,1721978.0,0.004611287141830469,23.9717609336528,6.8257750693386265,0.0005038081766661,8.009783744532679e-05
DE,northsea_to_denmark_germany,2019-08-26,2019-09-01,7,4097.759614285714,2.0644847996892666,8314.20845964428,837107.0,0.00993207374880903,23.9717609336528,6.8257750693386265,0.0005038081766661,8.009783744532679e-05
DE,northsea_to_denmark_germany,2020-09-14,2020-09-16,3,3988.1623,2.0092687766114796,3467.9311750356064,405877.0,0.008544290942910307,23.9717609336528,6.8257750693386265,0.0005038081766661,8.009783744532679e-05
DE,northsea_to_denmark_germany,2015-07-01,2015-07-04,4,2878.301825,1.450111994347958,3337.1268533310454,532136.0,0.006271191675306774,23.9717609336528,6.8257750693386265,0.0005038081766661,8.009783744532679e-05
DE,northsea_to_denmark_germany,2016-09-08,2016-09-15,8,3323.1999375,1.6742553012087724,7705.89078191569,1049571.0,0.007341943310091161,23.9717609336528,6.8257750693386265,0.0005038081766661,8.009783744532679e-05
DE,northsea_to_denmark_germany,2017-05-27,2017-05-29,3,3676.9282666666663,1.8524665257613764,3197.2956979065184,426715.0,0.007492812996746115,23.9717609336528,6.8257750693386265,0.0005038081766661,8.009783744532679e-05
DE,northsea_to_denmark_germany,2017-06-11,2017-06-22,12,3549.022833333334,1.7880267226080229,12344.298951554569,2513913.0,0.004910392265585392,23.9717609336528,6.8257750693386265,0.0005038081766661,8.009783744532679e-05
DE,northsea_to_denmark_germany,2018-05-26,2018-05-29,4,3415.827975,1.7209220638898066,3960.339100897422,765963.0,0.005170405229622609,23.9717609336528,6.8257750693386265,0.0005038081766661,8.009783744532679e-05
DE,northsea_to_denmark_germany,2018-07-24,2018-08-07,15,3731.6487399999996,1.880035147657749,16224.391118345833,1917243.0,0.00846235512052767,23.9717609336528,6.8257750693386265,0.0005038081766661,8.009783744532679e-05
DE,northsea_to_denmark_germany,2019-06-24,2019-06-29,6,3859.4271000000003,1.944410930226734,6711.977372569449,1319780.0,0.005085678956014979,23.9717609336528,6.8257750693386265,0.0005038081766661,8.009783744532679e-05
DE,northsea_to_denmark_germany,2019-07-24,2019-07-27,4,3866.9488,1.9482004241891633,4483.3723026723455,1102086.0,0.004068078446393789,23.9717609336528,6.8257750693386265,0.0005038081766661,8.009783744532679e-05
DE,northsea_to_denmark_germany,2019-08-24,2019-08-31,8,4151.100275,2.091358260705896,9625.63972843424,882153.0,0.010911530911796752,23.9717609336528,6.8257750693386265,0.0005038081766661,8.009783744532679e-05
DE,northsea_to_denmark_germany,2020-08-07,2020-08-21,15,3953.229073333333,1.9916691313794823,17187.773859491357,2391559.0,0.007186849188956391,23.9717609336528,6.8257750693386265,0.0005038081766661,8.009783744532679e-05
DE,northsea_to_denmark_germany,2015-07-01,2015-07-04,4,2878.301825,1.450111994347958,3337.1268533310454,532136.0,0.006271191675306774,23.9717609336528,6.8257750693386265,0.0005038081766661,8.009783744532679e-05
DE,northsea_to_denmark_germany,2016-08-24,2016-08-28,5,3176.9243200000005,1.6005604490653897,4604.190293382659,734830.0,0.006265653679602981,23.9717609336528,6.8257750693386265,0.0005038081766661,8.009783744532679e-05
DE,northsea_to_denmark_germany,2016-09-08,2016-09-15,8,3323.1999375,1.6742553012087724,7705.89078191569,1049571.0,0.007341943310091161,23.9717609336528,6.8257750693386265,0.0005038081766661,8.009783744532679e-05
DE,northsea_to_denmark_germany,2017-05-27,2017-05-29,3,3676.9282666666663,1.8524665257613764,3197.2956979065184,426715.0,0.007492812996746115,23.9717609336528,6.8257750693386265,0.0005038081766661,8.009783744532679e-05
DE,northsea_to_denmark_germany,2017-06-15,2017-06-22,8,3594.3605125,1.8108682160832534,8334.66239199323,1434413.0,0.005810503942723072,23.9717609336528,6.8257750693386265,0.0005038081766661,8.009783744532679e-05
DE,northsea_to_denmark_germany,2018-05-08,2018-05-14,7,3640.6624428571427,1.8341955071926064,7386.774562272203,1688338.0,0.004375175209153738,23.9717609336528,6.8257750693386265,0.0005038081766661,8.009783744532679e-05
DE,northsea_to_denmark_germany,2018-05-26,2018-05-31,6,3436.8987,1.7315376674330893,5977.1530096301985,991136.0,0.006030608321794586,23.9717609336528,6.8257750693386265,0.0005038081766661,8.009783744532679e-05
DE,northsea_to_denmark_germany,2018-07-24,2018-08-07,15,3731.6487399999996,1.880035147657749,16224.391118345833,1917243.0,0.00846235512052767,23.9717609336528,6.8257750693386265,0.0005038081766661,8.009783744532679e-05
DE,northsea_to_denmark_germany,2019-06-24,2019-06-29,6,3859.4271000000003,1.944410930226734,6711.977372569449,1319780.0,0.005085678956014979,23.9717609336528,6.8257750693386265,0.0005038081766661,8.009783744532679e-05
DE,northsea_to_denmark_germany,2019-07-24,2019-07-26,3,3938.286066666667,1.9841407224368401,3424.5609881026385,682246.0,0.005019539855276012,23.9717609336528,6.8257750693386265,0.0005038081766661,8.009783744532679e-05
DE,northsea_to_denmark_germany,2019-08-25,2019-08-31,7,4147.516028571428,2.089552488047995,8415.162453903398,712691.0,0.011807589058797429,23.9717609336528,6.8257750693386265,0.0005038081766661,8.009783744532679e-05
DE,northsea_to_denmark_germany,2020-08-07,2020-08-16,10,3716.6532399999996,1.8724802921445527,10772.795979903734,1577959.0,0.006827044289429405,23.9717609336528,6.8257750693386265,0.0005038081766661,8.009783744532679e-05
DE,northsea_to_denmark_germany,2015-07-02,2015-07-04,3,2814.543633333333,1.4179900960568468,2447.403810405271,373313.0,0.006555902983301602,23.9717609336528,6.8257750693386265,0.0005038081766661,8.009783744532679e-05
DE,northsea_to_denmark_germany,2016-08-25,2016-08-28,4,3092.142025,1.557846435607872,3585.0549432705648,614447.0,0.005834604031381982,23.9717609336528,6.8257750693386265,0.0005038081766661,8.009783744532679e-05
DE,northsea_to_denmark_germany,2016-09-08,2016-09-15,8,3323.1999375,1.6742553012087724,7705.89078191569,1049571.0,0.007341943310091161,23.9717609336528,6.8257750693386265,0.0005038081766661,8.009783744532679e-05
DE,northsea_to_denmark_germany,2018-05-08,2018-05-14,7,3640.6624428571427,1.8341955071926064,7386.774562272203,1688338.0,0.004375175209153738,23.9717609336528,6.8257750693386265,0.0005038081766661,8.009783744532679e-05
DE,northsea_to_denmark_germany,2018-05-26,2018-05-31,6,3436.8987,1.7315376674330893,5977.1530096301985,991136.0,0.006030608321794586,23.9717609336528,6.8257750693386265,0.0005038081766661,8.009783744532679e-05
DE,northsea_to_denmark_germany,2018-07-24,2018-08-07,15,3731.6487399999996,1.880035147657749,16224.391118345833,1917243.0,0.00846235512052767,23.9717609336528,6.8257750693386265,0.0005038081766661,8.009783744532679e-05
DE,northsea_to_denmark_germany,2018-09-18,2018-09-20,3,4037.0852,2.0339165336576976,3510.47238507692,1028888.0,0.003411909153451999,23.9717609336528,6.8257750693386265,0.0005038081766661,8.009783744532679e-05
DE,northsea_to_denmark_germany,2019-06-25,2019-06-30,6,3918.23065,1.9740366395337277,6814.2433531930365,1324983.0,0.005142891156485054,23.9717609336528,6.8257750693386265,0.0005038081766661,8.009783744532679e-05
DE,northsea_to_denmark_germany,2019-07-24,2019-07-26,3,3938.286066666667,1.9841407224368401,3424.5609881026385,682246.0,0.005019539855276012,23.9717609336528,6.8257750693386265,0.0005038081766661,8.009783744532679e-05
DE,northsea_to_denmark_germany,2019-08-25,2019-08-31,7,4147.516028571428,2.089552488047995,8415.162453903398,712691.0,0.011807589058797429,23.9717609336528,6.8257750693386265,0.0005038081766661,8.009783744532679e-05
DE,northsea_to_denmark_germany,2020-08-06,2020-08-16,11,3784.9258545454545,1.9068765935949257,12067.754115551843,1695382.0,0.0071180147692684265,23.9717609336528,6.8257750693386265,0.0005038081766661,8.009783744532679e-05
DE,northsea_to_denmark_germany,2015-07-02,2015-07-05,4,2779.418525,1.400293779272231,3222.48074050513,470838.0,0.006844139046774326,23.9717609336528,6.8257750693386265,0.0005038081766661,8.009783744532679e-05
DE,northsea_to_denmark_germany,2015-08-04,2015-08-06,3,3071.7251666666666,1.5475602554377053,2671.0376021118236,326259.0,0.008186862591106524,23.9717609336528,6.8257750693386265,0.0005038081766661,8.009783744532679e-05
DE,northsea_to_denmark_germany,2016-08-25,2016-08-28,4,3092.142025,1.557846435607872,3585.0549432705648,614447.0,0.005834604031381982,23.9717609336528,6.8257750693386265,0.0005038081766661,8.009783744532679e-05
DE,northsea_to_denmark_germany,2016-09-08,2016-09-15,8,3323.1999375,1.6742553012087724,7705.89078191569,1049571.0,0.007341943310091161,23.9717609336528,6.8257750693386265,0.0005038081766661,8.009783744532679e-05
DE,northsea_to_denmark_germany,2018-05-09,2018-05-14,6,3582.0074333333337,1.8046446337920834,6229.513401330705,1380247.0,0.004513332324816287,23.9717609336528,6.8257750693386265,0.0005038081766661,8.009783744532679e-05
DE,northsea_to_denmark_germany,2018-05-28,2018-05-31,4,3471.0933000000005,1.7487651865109162,4024.4141740929053,687216.0,0.005856112450951237,23.9717609336528,6.8257750693386265,0.0005038081766661,8.009783744532679e-05
DE,northsea_to_denmark_germany,2018-07-25,2018-08-09,16,3694.1090062499998,1.8611223228446307,17131.92168634217,2467440.0,0.006943196870579293,23.9717609336528,6.8257750693386265,0.0005038081766661,8.009783744532679e-05
DE,northsea_to_denmark_germany,2018-09-18,2018-09-20,3,4037.0852,2.0339165336576976,3510.47238507692,1028888.0,0.003411909153451999,23.9717609336528,6.8257750693386265,0.0005038081766661,8.009783744532679e-05
DE,northsea_to_denmark_germany,2019-06-02,2019-06-05,4,4243.923525,2.1381233730406177,4920.439905137762,853840.0,0.005762718899486745,23.9717609336528,6.8257750693386265,0.0005038081766661,8.009783744532679e-05
DE,northsea_to_denmark_germany,2019-06-25,2019-06-30,6,3918.23065,1.9740366395337277,6814.2433531930365,1324983.0,0.005142891156485054,23.9717609336528,6.8257750693386265,0.0005038081766661,8.009783744532679e-05
DE,northsea_to_denmark_germany,2019-08-25,2019-08-31,7,4147.516028571428,2.089552488047995,8415.162453903398,712691.0,0.011807589058797429,23.9717609336528,6.8257750693386265,0.0005038081766661,8.009783744532679e-05
DE,northsea_to_denmark_germany,2020-08-07,2020-08-16,10,3716.6532399999996,1.8724802921445527,10772.795979903734,1577959.0,0.006827044289429405,23.9717609336528,6.8257750693386265,0.0005038081766661,8.009783744532679e-05
DE,northsea_to_denmark_germany,2020-09-14,2020-09-16,3,3988.1623,2.0092687766114796,3467.9311750356064,405877.0,0.008544290942910307,23.9717609336528,6.8257750693386265,0.0005038081766661,8.009783744532679e-05
DE,northsea_to_denmark_germany,2015-07-02,2015-07-05,4,2779.418525,1.400293779272231,3222.48074050513,470838.0,0.006844139046774326,23.9717609336528,6.8257750693386265,0.0005038081766661,8.009783744532679e-05
DE,northsea_to_denmark_germany,2016-08-25,2016-08-28,4,3092.142025,1.557846435607872,3585.0549432705648,614447.0,0.005834604031381982,23.9717609336528,6.8257750693386265,0.0005038081766661,8.009783744532679e-05
DE,northsea_to_denmark_germany,2016-09-08,2016-09-14,7,3339.6935571428576,1.6825649216476646,6776.119401590796,785723.0,0.008624056317036406,23.9717609336528,6.8257750693386265,0.0005038081766661,8.009783744532679e-05
DE,northsea_to_denmark_germany,2018-05-09,2018-05-13,5,3593.6047200000003,1.8104874416418908,5208.06865493041,1034769.0,0.005033073714935807,23.9717609336528,6.8257750693386265,0.0005038081766661,8.009783744532679e-05
DE,northsea_to_denmark_germany,2018-05-28,2018-05-31,4,3471.0933000000005,1.7487651865109162,4024.4141740929053,687216.0,0.005856112450951237,23.9717609336528,6.8257750693386265,0.0005038081766661,8.009783744532679e-05
DE,northsea_to_denmark_germany,2018-07-25,2018-08-09,16,3694.1090062499998,1.8611223228446307,17131.92168634217,2467440.0,0.006943196870579293,23.9717609336528,6.8257750693386265,0.0005038081766661,8.009783744532679e-05
DE,northsea_to_denmark_germany,2018-09-18,2018-09-21,4,4010.124925,2.020333726667531,4649.37188177951,1763076.0,0.002637079673127823,23.9717609336528,6.8257750693386265,0.0005038081766661,8.009783744532679e-05
DE,northsea_to_denmark_germany,2019-06-03,2019-06-05,3,4167.2897,2.0995146253964188,3623.6925127231602,643224.0,0.00563364008918069,23.9717609336528,6.8257750693386265,0.0005038081766661,8.009783744532679e-05
DE,northsea_to_denmark_germany,2019-06-25,2019-06-30,6,3918.23065,1.9740366395337277,6814.2433531930365,1324983.0,0.005142891156485054,23.9717609336528,6.8257750693386265,0.0005038081766661,8.009783744532679e-05
DE,northsea_to_denmark_germany,2019-08-25,2019-08-31,7,4147.516028571428,2.089552488047995,8415.162453903398,712691.0,0.011807589058797429,23.9717609336528,6.8257750693386265,0.0005038081766661,8.009783744532679e-05
DE,northsea_to_denmark_germany,2020-08-08,2020-08-21,14,3929.1358642857135,1.979530775659166,15944.1537410097,2314249.0,0.006889558444665937,23.9717609336528,6.8257750693386265,0.0005038081766661,8.009783744532679e-05
DE,northsea_to_denmark_germany,2020-09-14,2020-09-16,3,3988.1623,2.0092687766114796,3467.9311750356064,405877.0,0.008544290942910307,23.9717609336528,6.8257750693386265,0.0005038081766661,8.009783744532679e-05
DE,northsea_to_denmark_germany,2015-07-03,2015-07-05,3,2693.5541333333335,1.357034596666104,2342.196642958257,252049.0,0.009292624223695619,23.9717609336528,6.8257750693386265,0.0005038081766661,8.009783744532679e-05
DE,northsea_to_denmark_germany,2015-08-04,2015-08-14,11,2809.9359909090913,1.41566872812836,8959.123090352521,1230154.0,0.0072829280645777044,23.9717609336528,6.8257750693386265,0.0005038081766661,8.009783744532679e-05
DE,northsea_to_denmark_germany,2016-06-23,2016-06-25,3,3172.6455666666666,1.5984047781501187,2758.793559625655,381953.0,0.0072228613458348405,23.9717609336528,6.8257750693386265,0.0005038081766661,8.009783744532679e-05
DE,northsea_to_denmark_germany,2016-08-26,2016-08-28,3,2976.5634666666665,1.4996170128722588,2588.289157772087,433348.0,0.005972772824086155,23.9717609336528,6.8257750693386265,0.0005038081766661,8.009783744532679e-05
DE,northsea_to_denmark_germany,2016-09-08,2016-09-14,7,3339.6935571428576,1.6825649216476646,6776.119401590796,785723.0,0.008624056317036406,23.9717609336528,6.8257750693386265,0.0005038081766661,8.009783744532679e-05
DE,northsea_to_denmark_germany,2018-05-09,2018-05-13,5,3593.6047200000003,1.8104874416418908,5208.06865493041,1034769.0,0.005033073714935807,23.9717609336528,6.8257750693386265,0.0005038081766661,8.009783744532679e-05
DE,northsea_to_denmark_germany,2018-05-28,2018-05-31,4,3471.0933000000005,1.7487651865109162,4024.4141740929053,687216.0,0.005856112450951237,23.9717609336528,6.8257750693386265,0.0005038081766661,8.009783744532679e-05
DE,northsea_to_denmark_germany,2018-08-07,2018-08-09,3,3892.975366666667,1.9613128212863753,3385.160788894926,733072.0,0.004617773955211665,23.9717609336528,6.8257750693386265,0.0005038081766661,8.009783744532679e-05
DE,northsea_to_denmark_germany,2018-09-18,2018-09-21,4,4010.124925,2.020333726667531,4649.37188177951,1763076.0,0.002637079673127823,23.9717609336528,6.8257750693386265,0.0005038081766661,8.009783744532679e-05
DE,northsea_to_denmark_germany,2019-06-03,2019-06-05,3,4167.2897,2.0995146253964188,3623.6925127231602,643224.0,0.00563364008918069,23.9717609336528,6.8257750693386265,0.0005038081766661,8.009783744532679e-05
DE,northsea_to_denmark_germany,2019-06-12,2019-06-19,8,4023.6287875,2.0271370830116053,9330.056742469727,1463855.0,0.006373620845281621,23.9717609336528,6.8257750693386265,0.0005038081766661,8.009783744532679e-05
DE,northsea_to_denmark_germany,2019-06-25,2019-06-30,6,3918.23065,1.9740366395337277,6814.2433531930365,1324983.0,0.005142891156485054,23.9717609336528,6.8257750693386265,0.0005038081766661,8.009783744532679e-05
DE,northsea_to_denmark_germany,2019-08-25,2019-08-31,7,4147.516028571428,2.089552488047995,8415.162453903398,712691.0,0.011807589058797429,23.9717609336528,6.8257750693386265,0.0005038081766661,8.009783744532679e-05
DE,northsea_to_denmark_germany,2020-08-08,2020-08-11,4,3654.13345,1.8409823107391052,4236.632432267668,714307.0,0.005931108658136723,23.9717609336528,6.8257750693386265,0.0005038081766661,8.009783744532679e-05
DE,northsea_to_denmark_germany,2020-09-14,2020-09-16,3,3988.1623,2.0092687766114796,3467.9311750356064,405877.0,0.008544290942910307,23.9717609336528,6.8257750693386265,0.0005038081766661,8.009783744532679e-05
DE,northsea_to_denmark_germany,2015-07-03,2015-07-05,3,2693.5541333333335,1.357034596666104,2342.196642958257,252049.0,0.009292624223695619,23.9717609336528,6.8257750693386265,0.0005038081766661,8.009783744532679e-05
DE,northsea_to_denmark_germany,2015-08-04,2015-08-15,12,2787.505716666667,1.4043681725601638,9695.571291487617,1295817.0,0.007482207203245224,23.9717609336528,6.8257750693386265,0.0005038081766661,8.009783744532679e-05
DE,northsea_to_denmark_germany,2016-06-23,2016-06-25,3,3172.6455666666666,1.5984047781501187,2758.793559625655,381953.0,0.0072228613458348405,23.9717609336528,6.8257750693386265,0.0005038081766661,8.009783744532679e-05
DE,northsea_to_denmark_germany,2016-09-08,2016-09-13,6,3351.498116666667,1.6885121552577014,5828.631799594243,560260.0,0.010403440901713924,23.9717609336528,6.8257750693386265,0.0005038081766661,8.009783744532679e-05
DE,northsea_to_denmark_germany,2018-05-28,2018-05-31,4,3471.0933000000005,1.7487651865109162,4024.4141740929053,687216.0,0.005856112450951237,23.9717609336528,6.8257750693386265,0.0005038081766661,8.009783744532679e-05
DE,northsea_to_denmark_germany,2018-08-07,2018-08-17,11,3752.5713818181816,1.8905761456832053,11964.595999272718,2556543.0,0.004679990127008511,23.9717609336528,6.8257750693386265,0.0005038081766661,8.009783744532679e-05
DE,northsea_to_denmark_germany,2018-09-18,2018-09-21,4,4010.124925,2.020333726667531,4649.37188177951,1763076.0,0.002637079673127823,23.9717609336528,6.8257750693386265,0.0005038081766661,8.009783744532679e-05
DE,northsea_to_denmark_germany,2019-06-03,2019-06-05,3,4167.2897,2.0995146253964188,3623.6925127231602,643224.0,0.00563364008918069,23.9717609336528,6.8257750693386265,0.0005038081766661,8.009783744532679e-05
DE,northsea_to_denmark_germany,2019-06-11,2019-06-15,5,3774.7315000000003,1.9017405944190926,5470.568506468471,1142146.0,0.004789727851315394,23.9717609336528,6.8257750693386265,0.0005038081766661,8.009783744532679e-05
DE,northsea_to_denmark_germany,2019-06-25,2019-06-30,6,3918.23065,1.9740366395337277,6814.2433531930365,1324983.0,0.005142891156485054,23.9717609336528,6.8257750693386265,0.0005038081766661,8.009783744532679e-05
DE,northsea_to_denmark_germany,2019-07-25,2019-07-29,5,3806.0464399999996,1.9175173172429005,5515.952005810331,1267716.0,0.004351094413741193,23.9717609336528,6.8257750693386265,0.0005038081766661,8.009783744532679e-05
DE,northsea_to_denmark_germany,2019-08-26,2019-09-01,7,4097.759614285714,2.0644847996892666,8314.20845964428,837107.0,0.00993207374880903,23.9717609336528,6.8257750693386265,0.0005038081766661,8.009783744532679e-05
DE,northsea_to_denmark_germany,2020-08-07,2020-08-09,3,3880.7823666666663,1.9551698881882853,3374.5582903914897,272486.0,0.012384336407710817,23.9717609336528,6.8257750693386265,0.0005038081766661,8.009783744532679e-05
DE,northsea_to_denmark_germany,2020-09-14,2020-09-16,3,3988.1623,2.0092687766114796,3467.9311750356064,405877.0,0.008544290942910307,23.9717609336528,6.8257750693386265,0.0005038081766661,8.009783744532679e-05
DE,northsea_to_denmark_germany,2015-07-01,2015-07-04,4,2878.301825,1.450111994347958,3337.1268533310454,532136.0,0.006271191675306774,23.9717609336528,6.8257750693386265,0.0005038081766661,8.009783744532679e-05
DE,northsea_to_denmark_germany,2016-05-07,2016-05-11,5,3117.78148,1.5707638026821347,4518.476923335782,1632565.0,0.002767716399246451,23.9717609336528,6.8257750693386265,0.0005038081766661,8.009783744532679e-05
DE,northsea_to_denmark_germany,2016-08-24,2016-08-26,3,3344.7764666666667,1.6851257330270135,2908.47104749944,428059.0,0.006794556468849948,23.9717609336528,6.8257750693386265,0.0005038081766661,8.009783744532679e-05
DE,northsea_to_denmark_germany,2016-09-07,2016-09-16,10,3328.2458099999994,1.6767974530326866,9646.989042781792,1215279.0,0.00793808585747124,23.9717609336528,6.8257750693386265,0.0005038081766661,8.009783744532679e-05
DE,northsea_to_denmark_germany,2016-09-25,2016-09-29,5,3256.8426,1.6408239319944802,4720.012683838542,1294213.0,0.0036470138098122504,23.9717609336528,6.8257750693386265,0.0005038081766661,8.009783744532679e-05
DE,northsea_to_denmark_germany,2017-06-15,2017-06-19,5,3577.57972,1.8024139156108165,5184.844258621386,960744.9999999999,0.005396691378691938,23.9717609336528,6.8257750693386265,0.0005038081766661,8.009783744532679e-05
DE,northsea_to_denmark_germany,2018-05-24,2018-06-07,15,3519.826073333334,1.7733171561878653,15303.432573964998,2440078.0,0.0062716981071773105,23.9717609336528,6.8257750693386265,0.0005038081766661,8.009783744532679e-05
DE,northsea_to_denmark_germany,2018-07-24,2018-07-30,7,3865.439771428572,1.947440163256055,7842.839764396212,992238.0,0.007904192103503606,23.9717609336528,6.8257750693386265,0.0005038081766661,8.009783744532679e-05
DE,northsea_to_denmark_germany,2019-06-23,2019-06-25,3,3773.6010666666666,1.9011710728625832,3281.35812858994,798779.0,0.0041079674460519616,23.9717609336528,6.8257750693386265,0.0005038081766661,8.009783744532679e-05
DE,northsea_to_denmark_germany,2019-07-24,2019-07-26,3,3938.286066666667,1.9841407224368401,3424.5609881026385,682246.0,0.005019539855276012,23.9717609336528,6.8257750693386265,0.0005038081766661,8.009783744532679e-05
DE,northsea_to_denmark_germany,2019-08-24,2019-08-31,8,4151.100275,2.091358260705896,9625.63972843424,882153.0,0.010911530911796752,23.9717609336528,6.8257750693386265,0.0005038081766661,8.009783744532679e-05
DE,northsea_to_denmark_germany,2020-06-24,2020-06-26,3,3857.9131666666667,1.943648198234473,3354.6722361985294,561700.0,0.005972355770337421,23.9717609336528,6.8257750693386265,0.0005038081766661,8.009783744532679e-05
DE,northsea_to_denmark_germany,2020-08-07,2020-08-21,15,3953.229073333333,1.9916691313794823,17187.773859491357,2391559.0,0.007186849188956391,23.9717609336528,6.8257750693386265,0.0005038081766661,8.009783744532679e-05
DE,northsea_to_denmark_germany,2015-07-01,2015-07-04,4,2878.301825,1.450111994347958,3337.1268533310454,532136.0,0.006271191675306774,23.9717609336528,6.8257750693386265,0.0005038081766661,8.009783744532679e-05
DE,northsea_to_denmark_germany,2016-05-07,2016-05-11,5,3117.78148,1.5707638026821347,4518.476923335782,1632565.0,0.002767716399246451,23.9717609336528,6.8257750693386265,0.0005038081766661,8.009783744532679e-05
DE,northsea_to_denmark_germany,2016-09-07,2016-09-15,9,3336.724944444444,1.681069310296849,8704.40938977672,1127902.0,0.007717345469532565,23.9717609336528,6.8257750693386265,0.0005038081766661,8.009783744532679e-05
DE,northsea_to_denmark_germany,2018-05-08,2018-05-14,7,3640.6624428571427,1.8341955071926064,7386.774562272203,1688338.0,0.004375175209153738,23.9717609336528,6.8257750693386265,0.0005038081766661,8.009783744532679e-05
DE,northsea_to_denmark_germany,2018-05-24,2018-05-31,8,3444.08205,1.7351566978989437,7986.1942165363,1589873.0,0.005023164879544655,23.9717609336528,6.8257750693386265,0.0005038081766661,8.009783744532679e-05
DE,northsea_to_denmark_germany,2018-07-24,2018-07-30,7,3865.439771428572,1.947440163256055,7842.839764396212,992238.0,0.007904192103503606,23.9717609336528,6.8257750693386265,0.0005038081766661,8.009783744532679e-05
DE,northsea_to_denmark_germany,2019-06-19,2019-06-25,7,3697.7488714285714,1.8629561166835573,7502.600894716103,1361357.0,0.005511119342476736,23.9717609336528,6.8257750693386265,0.0005038081766661,8.009783744532679e-05
DE,northsea_to_denmark_germany,2019-07-24,2019-07-26,3,3938.286066666667,1.9841407224368401,3424.5609881026385,682246.0,0.005019539855276012,23.9717609336528,6.8257750693386265,0.0005038081766661,8.009783744532679e-05
DE,northsea_to_denmark_germany,2019-08-25,2019-08-31,7,4147.516028571428,2.089552488047995,8415.162453903398,712691.0,0.011807589058797429,23.9717609336528,6.8257750693386265,0.0005038081766661,8.009783744532679e-05
DE,northsea_to_denmark_germany,2020-08-07,2020-08-21,15,3953.229073333333,1.9916691313794823,17187.773859491357,2391559.0,0.007186849188956391,23.9717609336528,6.8257750693386265,0.0005038081766661,8.009783744532679e-05
DE,northsea_to_denmark_germany,2015-07-02,2015-07-04,3,2814.543633333333,1.4179900960568468,2447.403810405271,373313.0,0.006555902983301602,23.9717609336528,6.8257750693386265,0.0005038081766661,8.009783744532679e-05
DE,northsea_to_denmark_germany,2016-05-07,2016-05-11,5,3117.78148,1.5707638026821347,4518.476923335782,1632565.0,0.002767716399246451,23.9717609336528,6.8257750693386265,0.0005038081766661,8.009783744532679e-05
DE,northsea_to_denmark_germany,2016-09-08,2016-09-15,8,3323.1999375,1.6742553012087724,7705.89078191569,1049571.0,0.007341943310091161,23.9717609336528,6.8257750693386265,0.0005038081766661,8.009783744532679e-05
DE,northsea_to_denmark_germany,2018-05-08,2018-05-14,7,3640.6624428571427,1.8341955071926064,7386.774562272203,1688338.0,0.004375175209153738,23.9717609336528,6.8257750693386265,0.0005038081766661,8.009783744532679e-05
DE,northsea_to_denmark_germany,2018-05-25,2018-06-01,8,3399.8378500000003,1.7128661081688936,7883.600036425151,1378170.0,0.005720339316938513,23.9717609336528,6.8257750693386265,0.0005038081766661,8.009783744532679e-05
DE,northsea_to_denmark_germany,2018-07-25,2018-07-28,4,3478.86505,1.7526806577079206,4033.424805082716,716377.0,0.005630310304605977,23.9717609336528,6.8257750693386265,0.0005038081766661,8.009783744532679e-05
DE,northsea_to_denmark_germany,2019-06-19,2019-06-25,7,3697.7488714285714,1.8629561166835573,7502.600894716103,1361357.0,0.005511119342476736,23.9717609336528,6.8257750693386265,0.0005038081766661,8.009783744532679e-05
DE,northsea_to_denmark_germany,2019-07-24,2019-07-26,3,3938.286066666667,1.9841407224368401,3424.5609881026385,682246.0,0.005019539855276012,23.9717609336528,6.8257750693386265,0.0005038081766661,8.009783744532679e-05
DE,northsea_to_denmark_germany,2019-08-25,2019-08-31,7,4147.516028571428,2.089552488047995,8415.162453903398,712691.0,0.011807589058797429,23.9717609336528,6.8257750693386265,0.0005038081766661,8.009783744532679e-05
DE,northsea_to_denmark_germany,2020-06-25,2020-06-27,3,4019.9891000000002,2.025303378688596,3495.6063656670462,584850.0,0.005976928042518674,23.9717609336528,6.8257750693386265,0.0005038081766661,8.009783744532679e-05
DE,northsea_to_denmark_germany,2020-08-07,2020-08-16,10,3716.6532399999996,1.8724802921445527,10772.795979903734,1577959.0,0.006827044289429405,23.9717609336528,6.8257750693386265,0.0005038081766661,8.009783744532679e-05
DE,northsea_to_denmark_germany,2015-07-02,2015-07-05,4,2779.418525,1.400293779272231,3222.48074050513,470838.0,0.006844139046774326,23.9717609336528,6.8257750693386265,0.0005038081766661,8.009783744532679e-05
DE,northsea_to_denmark_germany,2016-08-25,2016-08-28,4,3092.142025,1.557846435607872,3585.0549432705648,614447.0,0.005834604031381982,23.9717609336528,6.8257750693386265,0.0005038081766661,8.009783744532679e-05
DE,northsea_to_denmark_germany,2016-09-08,2016-09-15,8,3323.1999375,1.6742553012087724,7705.89078191569,1049571.0,0.007341943310091161,23.9717609336528,6.8257750693386265,0.0005038081766661,8.009783744532679e-05
DE,northsea_to_denmark_germany,2018-05-08,2018-05-14,7,3640.6624428571427,1.8341955071926064,7386.774562272203,1688338.0,0.004375175209153738,23.9717609336528,6.8257750693386265,0.0005038081766661,8.009783744532679e-05
DE,northsea_to_denmark_germany,2018-05-29,2018-05-31,3,3441.9392666666668,1.7340771461347866,2992.9595607110887,509693.0,0.005872082921898258,23.9717609336528,6.8257750693386265,0.0005038081766661,8.009783744532679e-05
DE,northsea_to_denmark_germany,2018-07-24,2018-08-08,16,3744.22760625,1.8863724833276885,17364.35335762648,2203409.0,0.007880676423499442,23.9717609336528,6.8257750693386265,0.0005038081766661,8.009783744532679e-05
DE,northsea_to_denmark_germany,2018-09-18,2018-09-20,3,4037.0852,2.0339165336576976,3510.47238507692,1028888.0,0.003411909153451999,23.9717609336528,6.8257750693386265,0.0005038081766661,8.009783744532679e-05
DE,northsea_to_denmark_germany,2019-06-25,2019-06-30,6,3918.23065,1.9740366395337277,6814.2433531930365,1324983.0,0.005142891156485054,23.9717609336528,6.8257750693386265,0.0005038081766661,8.009783744532679e-05
DE,northsea_to_denmark_germany,2019-08-26,2019-08-31,6,4167.274483333334,2.0995069591153306,7247.358561953241,588338.0,0.01231835876987929,23.9717609336528,6.8257750693386265,0.0005038081766661,8.009783744532679e-05
DE,northsea_to_denmark_germany,2020-08-06,2020-08-17,12,3784.092633333333,1.9064568099352872,13161.924540893682,1797024.0,0.007324289792954174,23.9717609336528,6.8257750693386265,0.0005038081766661,8.009783744532679e-05
DE,northsea_to_denmark_germany,2015-07-03,2015-07-05,3,2693.5541333333335,1.357034596666104,2342.196642958257,252049.0,0.009292624223695619,23.9717609336528,6.8257750693386265,0.0005038081766661,8.009783744532679e-05
DE,northsea_to_denmark_germany,2016-08-25,2016-08-28,4,3092.142025,1.557846435607872,3585.0549432705648,614447.0,0.005834604031381982,23.9717609336528,6.8257750693386265,0.0005038081766661,8.009783744532679e-05
DE,northsea_to_denmark_germany,2016-09-08,2016-09-15,8,3323.1999375,1.6742553012087724,7705.89078191569,1049571.0,0.007341943310091161,23.9717609336528,6.8257750693386265,0.0005038081766661,8.009783744532679e-05
DE,northsea_to_denmark_germany,2018-05-08,2018-05-13,6,3660.102683333333,1.8439896593008662,6365.329815871906,1342860.0,0.004740129139204315,23.9717609336528,6.8257750693386265,0.0005038081766661,8.009783744532679e-05
DE,northsea_to_denmark_germany,2018-05-28,2018-05-31,4,3471.0933000000005,1.7487651865109162,4024.4141740929053,687216.0,0.005856112450951237,23.9717609336528,6.8257750693386265,0.0005038081766661,8.009783744532679e-05
DE,northsea_to_denmark_germany,2018-07-25,2018-08-09,16,3694.1090062499998,1.8611223228446307,17131.92168634217,2467440.0,0.006943196870579293,23.9717609336528,6.8257750693386265,0.0005038081766661,8.009783744532679e-05
DE,northsea_to_denmark_germany,2018-09-18,2018-09-21,4,4010.124925,2.020333726667531,4649.37188177951,1763076.0,0.002637079673127823,23.9717609336528,6.8257750693386265,0.0005038081766661,8.009783744532679e-05
DE,northsea_to_denmark_germany,2019-06-03,2019-06-05,3,4167.2897,2.0995146253964188,3623.6925127231602,643224.0,0.00563364008918069,23.9717609336528,6.8257750693386265,0.0005038081766661,8.009783744532679e-05
DE,northsea_to_denmark_germany,2019-06-25,2019-06-30,6,3918.23065,1.9740366395337277,6814.2433531930365,1324983.0,0.005142891156485054,23.9717609336528,6.8257750693386265,0.0005038081766661,8.009783744532679e-05
DE,northsea_to_denmark_germany,2019-08-25,2019-08-31,7,4147.516028571428,2.089552488047995,8415.162453903398,712691.0,0.011807589058797429,23.9717609336528,6.8257750693386265,0.0005038081766661,8.009783744532679e-05
DE,northsea_to_denmark_germany,2020-08-06,2020-08-17,12,3784.092633333333,1.9064568099352872,13161.924540893682,1797024.0,0.007324289792954174,23.9717609336528,6.8257750693386265,0.0005038081766661,8.009783744532679e-05
DE,northsea_to_denmark_germany,2015-07-03,2015-07-05,3,2693.5541333333335,1.357034596666104,2342.196642958257,252049.0,0.009292624223695619,23.9717609336528,6.8257750693386265,0.0005038081766661,8.009783744532679e-05
DE,northsea_to_denmark_germany,2015-08-04,2015-08-07,4,2991.6792499999997,1.5072324681123053,3468.5775741146545,399369.0,0.008685144751131546,23.9717609336528,6.8257750693386265,0.0005038081766661,8.009783744532679e-05
DE,northsea_to_denmark_germany,2016-06-23,2016-06-25,3,3172.6455666666666,1.5984047781501187,2758.793559625655,381953.0,0.0072228613458348405,23.9717609336528,6.8257750693386265,0.0005038081766661,8.009783744532679e-05
DE,northsea_to_denmark_germany,2016-08-26,2016-08-28,3,2976.5634666666665,1.4996170128722588,2588.289157772087,433348.0,0.005972772824086155,23.9717609336528,6.8257750693386265,0.0005038081766661,8.009783744532679e-05
DE,northsea_to_denmark_germany,2016-09-08,2016-09-14,7,3339.6935571428576,1.6825649216476646,6776.119401590796,785723.0,0.008624056317036406,23.9717609336528,6.8257750693386265,0.0005038081766661,8.009783744532679e-05
DE,northsea_to_denmark_germany,2018-05-09,2018-05-13,5,3593.6047200000003,1.8104874416418908,5208.06865493041,1034769.0,0.005033073714935807,23.9717609336528,6.8257750693386265,0.0005038081766661,8.009783744532679e-05
DE,northsea_to_denmark_germany,2018-05-28,2018-05-30,3,3462.0568666666672,1.7442125575096847,3010.4529441190057,564811.0,0.005330018261186496,23.9717609336528,6.8257750693386265,0.0005038081766661,8.009783744532679e-05
DE,northsea_to_denmark_germany,2018-07-25,2018-08-17,24,3696.045966666667,1.8620981793404263,25711.35689671997,4290911.0,0.005992050848111268,23.9717609336528,6.8257750693386265,0.0005038081766661,8.009783744532679e-05
DE,northsea_to_denmark_germany,2018-09-18,2018-09-21,4,4010.124925,2.020333726667531,4649.37188177951,1763076.0,0.002637079673127823,23.9717609336528,6.8257750693386265,0.0005038081766661,8.009783744532679e-05
DE,northsea_to_denmark_germany,2019-06-03,2019-06-06,4,4203.43065,2.1177227315188993,4873.492132198391,970499.0,0.005021635398077063,23.9717609336528,6.8257750693386265,0.0005038081766661,8.009783744532679e-05
DE,northsea_to_denmark_germany,2019-06-25,2019-06-30,6,3918.23065,1.9740366395337277,6814.2433531930365,1324983.0,0.005142891156485054,23.9717609336528,6.8257750693386265,0.0005038081766661,8.009783744532679e-05
DE,northsea_to_denmark_germany,2019-08-25,2019-08-31,7,4147.516028571428,2.089552488047995,8415.162453903398,712691.0,0.011807589058797429,23.9717609336528,6.8257750693386265,0.0005038081766661,8.009783744532679e-05
DE,northsea_to_denmark_germany,2020-08-07,2020-08-21,15,3953.229073333333,1.9916691313794823,17187.773859491357,2391559.0,0.007186849188956391,23.9717609336528,6.8257750693386265,0.0005038081766661,8.009783744532679e-05
DE,northsea_to_denmark_germany,2020-09-14,2020-09-16,3,3988.1623,2.0092687766114796,3467.9311750356064,405877.0,0.008544290942910307,23.9717609336528,6.8257750693386265,0.0005038081766661,8.009783744532679e-05
DE,northsea_to_denmark_germany,2015-07-03,2015-07-05,3,2693.5541333333335,1.357034596666104,2342.196642958257,252049.0,0.009292624223695619,23.9717609336528,6.8257750693386265,0.0005038081766661,8.009783744532679e-05
DE,northsea_to_denmark_germany,2015-08-04,2015-08-15,12,2787.505716666667,1.4043681725601638,9695.571291487617,1295817.0,0.007482207203245224,23.9717609336528,6.8257750693386265,0.0005038081766661,8.009783744532679e-05
DE,northsea_to_denmark_germany,2016-06-23,2016-06-25,3,3172.6455666666666,1.5984047781501187,2758.793559625655,381953.0,0.0072228613458348405,23.9717609336528,6.8257750693386265,0.0005038081766661,8.009783744532679e-05
DE,northsea_to_denmark_germany,2016-08-26,2016-08-28,3,2976.5634666666665,1.4996170128722588,2588.289157772087,433348.0,0.005972772824086155,23.9717609336528,6.8257750693386265,0.0005038081766661,8.009783744532679e-05
DE,northsea_to_denmark_germany,2016-09-08,2016-09-14,7,3339.6935571428576,1.6825649216476646,6776.119401590796,785723.0,0.008624056317036406,23.9717609336528,6.8257750693386265,0.0005038081766661,8.009783744532679e-05
DE,northsea_to_denmark_germany,2018-05-09,2018-05-13,5,3593.6047200000003,1.8104874416418908,5208.06865493041,1034769.0,0.005033073714935807,23.9717609336528,6.8257750693386265,0.0005038081766661,8.009783744532679e-05
DE,northsea_to_denmark_germany,2018-05-28,2018-05-30,3,3462.0568666666672,1.7442125575096847,3010.4529441190057,564811.0,0.005330018261186496,23.9717609336528,6.8257750693386265,0.0005038081766661,8.009783744532679e-05
DE,northsea_to_denmark_germany,2018-09-18,2018-09-21,4,4010.124925,2.020333726667531,4649.37188177951,1763076.0,0.002637079673127823,23.9717609336528,6.8257750693386265,0.0005038081766661,8.009783744532679e-05
DE,northsea_to_denmark_germany,2019-06-03,2019-06-06,4,4203.43065,2.1177227315188993,4873.492132198391,970499.0,0.005021635398077063,23.9717609336528,6.8257750693386265,0.0005038081766661,8.009783744532679e-05
DE,northsea_to_denmark_germany,2019-06-12,2019-06-19,8,4023.6287875,2.0271370830116053,9330.056742469727,1463855.0,0.006373620845281621,23.9717609336528,6.8257750693386265,0.0005038081766661,8.009783744532679e-05
DE,northsea_to_denmark_germany,2019-06-25,2019-06-30,6,3918.23065,1.9740366395337277,6814.2433531930365,1324983.0,0.005142891156485054,23.9717609336528,6.8257750693386265,0.0005038081766661,8.009783744532679e-05
DE,northsea_to_denmark_germany,2019-08-25,2019-09-01,8,4089.1603250000003,2.060152407433607,9482.01235159444,961460.0,0.009862097592821792,23.9717609336528,6.8257750693386265,0.0005038081766661,8.009783744532679e-05
DE,northsea_to_denmark_germany,2020-08-08,2020-08-21,14,3929.1358642857135,1.979530775659166,15944.1537410097,2314249.0,0.006889558444665937,23.9717609336528,6.8257750693386265,0.0005038081766661,8.009783744532679e-05
FR,atlantic_to_france,2015-05-10,2015-05-13,4,1365.46175,-0.001747961258137358,-56.41379658184749,108592.5,-0.0005194999339903538,336.18806575864426,80.69452206540919,-1.2801246597624269e-06,0.0001537600723725
FR,atlantic_to_france,2015-06-29,2015-07-10,12,1475.5274583333332,-0.0018888590855690767,-182.8834221508155,444614.0,-0.00041133077714785297,336.18806575864426,80.69452206540919,-1.2801246597624269e-06,0.0001537600723725
FR,atlantic_to_france,2016-08-22,2016-08-25,4,1258.975875,-0.0016116460636334787,-52.01435259076533,122086.0,-0.00042604682429406586,336.18806575864426,80.69452206540919,-1.2801246597624269e-06,0.0001537600723725
FR,atlantic_to_france,2016-09-03,2016-09-12,10,1409.4570600000002,-0.0018042807393822506,-145.57863644603887,311434.5,-0.00046744543859475706,336.18806575864426,80.69452206540919,-1.2801246597624269e-06,0.0001537600723725
FR,atlantic_to_france,2017-05-16,2017-05-25,10,1398.31744,-0.0017900206371198677,-144.42805815873226,404848.0,-0.00035674637927995755,336.18806575864426,80.69452206540919,-1.2801246597624269e-06,0.0001537600723725
FR,atlantic_to_france,2017-06-18,2017-06-21,4,1685.874125,-0.0021581290406679043,-69.65157387261132,133340.0,-0.0005223606860102844,336.18806575864426,80.69452206540919,-1.2801246597624269e-06,0.0001537600723725
FR,atlantic_to_france,2018-08-03,2018-08-06,4,2044.2491,-0.0026168936836071474,-84.45776887563845,164645.0,-0.0005129689263302162,336.18806575864426,80.69452206540919,-1.2801246597624269e-06,0.0001537600723725
FR,atlantic_to_france,2018-09-17,2018-09-27,11,1409.8364636363635,-0.001804766423333163,-160.17960631372196,856782.0,-0.0001869549153853862,336.18806575864426,80.69452206540919,-1.2801246597624269e-06,0.0001537600723725
FR,atlantic_to_france,2019-05-31,2019-06-02,3,1332.6966,-0.0017060177816415432,-41.295082907514484,101426.0,-0.0004071449421993817,336.18806575864426,80.69452206540919,-1.2801246597624269e-06,0.0001537600723725
FR,atlantic_to_france,2019-07-22,2019-07-25,4,1388.2004749999999,-0.001777069660741414,-57.35324274845051,173070.84210526317,-0.000331385934515577,336.18806575864426,80.69452206540919,-1.2801246597624269e-06,0.0001537600723725
FR,atlantic_to_france,2019-09-29,2020-05-07,9,1571.7634666666663,-0.0020120531729936786,-146.10850511737414,27814355.5,-5.252989058738899e-06,336.18806575864426,80.69452206540919,-1.2801246597624269e-06,0.0001537600723725
FR,atlantic_to_france,2020-05-28,2020-05-30,3,2001.5382666666665,-0.002562218492618144,-62.01988409407126,277419.0,-0.00022356033326510175,336.18806575864426,80.69452206540919,-1.2801246597624269e-06,0.0001537600723725
FR,atlantic_to_france,2020-09-13,2020-09-17,5,1623.11394,-0.002077788180198152,-83.82331072283881,303291.0,-0.00027637915639711964,336.18806575864426,80.69452206540919,-1.2801246597624269e-06,0.0001537600723725
FR,atlantic_to_france,2015-05-04,2015-05-10,7,1222.0997714285716,-0.0015644400540957399,-88.35894073134165,458997.0,-0.00019250439704691238,336.18806575864426,80.69452206540919,-1.2801246597624269e-06,0.0001537600723725
FR,atlantic_to_france,2015-06-30,2015-07-10,11,1448.2721181818183,-0.0018539688525309095,-164.54650146241286,428149.0,-0.0003843206487984624,336.18806575864426,80.69452206540919,-1.2801246597624269e-06,0.0001537600723725
FR,atlantic_to_france,2015-08-27,2015-08-30,4,1440.8571000000002,-0.0018444767049037773,-59.52874135281394,112290.0,-0.0005301339509556856,336.18806575864426,80.69452206540919,-1.2801246597624269e-06,0.0001537600723725
FR,atlantic_to_france,2016-08-22,2016-08-27,6,1291.853,-0.0016537328820880705,-80.05899728313454,172293.0,-0.0004646677304541365,336.18806575864426,80.69452206540919,-1.2801246597624269e-06,0.0001537600723725
FR,atlantic_to_france,2016-09-07,2016-09-12,6,1408.7448166666666,-0.001803368979127499,-87.30304256765012,186384.0,-0.0004684041686392079,336.18806575864426,80.69452206540919,-1.2801246597624269e-06,0.0001537600723725
FR,atlantic_to_france,2017-05-15,2017-05-28,14,1399.9785071428573,-0.0017921470101309605,-202.43947479539787,589688.0,-0.00034329929521271905,336.18806575864426,80.69452206540919,-1.2801246597624269e-06,0.0001537600723725
FR,atlantic_to_france,2017-06-19,2017-06-21,3,1628.2763666666667,-0.0020843967298783675,-50.453949952184516,75368.0,-0.0006694346400618899,336.18806575864426,80.69452206540919,-1.2801246597624269e-06,0.0001537600723725
FR,atlantic_to_france,2019-07-23,2019-07-25,3,1312.9064666666666,-0.0016806839439415565,-40.68186366710316,148077.84210526317,-0.0002747329586163465,336.18806575864426,80.69452206540919,-1.2801246597624269e-06,0.0001537600723725
FR,atlantic_to_france,2020-05-04,2020-05-08,5,1915.5024799999999,-0.0024520819604840847,-98.92328296521706,289386.0,-0.0003418385235125993,336.18806575864426,80.69452206540919,-1.2801246597624269e-06,0.0001537600723725
FR,atlantic_to_france,2020-05-28,2020-05-31,4,1966.9199999999998,-0.0025179027957799123,-81.26293158542701,379431.0,-0.00021417051212322403,336.18806575864426,80.69452206540919,-1.2801246597624269e-06,0.0001537600723725
FR,atlantic_to_france,2020-09-13,2020-09-17,5,1623.11394,-0.002077788180198152,-83.82331072283881,303291.0,-0.00027637915639711964,336.18806575864426,80.69452206540919,-1.2801246597624269e-06,0.0001537600723725
FR,atlantic_to_france,2015-05-04,2015-05-10,7,1222.0997714285716,-0.0015644400540957399,-88.35894073134165,458997.0,-0.00019250439704691238,336.18806575864426,80.69452206540919,-1.2801246597624269e-06,0.0001537600723725
FR,atlantic_to_france,2015-06-30,2015-07-10,11,1448.2721181818183,-0.0018539688525309095,-164.54650146241286,428149.0,-0.0003843206487984624,336.18806575864426,80.69452206540919,-1.2801246597624269e-06,0.0001537600723725
FR,atlantic_to_france,2016-08-23,2016-08-27,5,1309.087,-0.001675794550474416,-67.60585542394448,145371.0,-0.0004650573733684468,336.18806575864426,80.69452206540919,-1.2801246597624269e-06,0.0001537600723725
FR,atlantic_to_france,2016-09-07,2016-09-12,6,1408.7448166666666,-0.001803368979127499,-87.30304256765012,186384.0,-0.0004684041686392079,336.18806575864426,80.69452206540919,-1.2801246597624269e-06,0.0001537600723725
FR,atlantic_to_france,2017-05-25,2017-05-28,4,1558.45065,-0.001995011108087783,-64.38709685712398,224372.0,-0.000286965828432799,336.18806575864426,80.69452206540919,-1.2801246597624269e-06,0.0001537600723725
FR,atlantic_to_france,2017-06-19,2017-06-21,3,1628.2763666666667,-0.0020843967298783675,-50.453949952184516,75368.0,-0.0006694346400618899,336.18806575864426,80.69452206540919,-1.2801246597624269e-06,0.0001537600723725
FR,atlantic_to_france,2019-07-22,2019-07-25,4,1388.2004749999999,-0.001777069660741414,-57.35324274845051,173070.84210526317,-0.000331385934515577,336.18806575864426,80.69452206540919,-1.2801246597624269e-06,0.0001537600723725
FR,atlantic_to_france,2020-05-04,2020-05-07,4,1948.352475,-0.0024941340491566573,-80.49581776596018,242068.0,-0.0003325339068607176,336.18806575864426,80.69452206540919,-1.2801246597624269e-06,0.0001537600723725
FR,atlantic_to_france,2020-09-13,2020-09-17,5,1623.11394,-0.002077788180198152,-83.82331072283881,303291.0,-0.00027637915639711964,336.18806575864426,80.69452206540919,-1.2801246597624269e-06,0.0001537600723725
FR,atlantic_to_france,2015-06-30,2015-07-16,17,1445.7657941176471,-0.001850760445291008,-253.85905830827636,652396.0,-0.00038911804840660634,336.18806575864426,80.69452206540919,-1.2801246597624269e-06,0.0001537600723725
FR,atlantic_to_france,2016-08-23,2016-08-27,5,1309.087,-0.001675794550474416,-67.60585542394448,145371.0,-0.0004650573733684468,336.18806575864426,80.69452206540919,-1.2801246597624269e-06,0.0001537600723725
FR,atlantic_to_france,2016-09-07,2016-09-13,7,1392.8893571428573,-0.0017830720143992057,-100.70718531371206,246204.0,-0.00040903959851875706,336.18806575864426,80.69452206540919,-1.2801246597624269e-06,0.0001537600723725
FR,atlantic_to_france,2017-05-15,2017-05-17,3,1219.3884666666665,-0.0015609692460098938,-37.78410466978528,89859.0,-0.0004204821405734014,336.18806575864426,80.69452206540919,-1.2801246597624269e-06,0.0001537600723725
FR,atlantic_to_france,2017-05-25,2017-05-28,4,1558.45065,-0.001995011108087783,-64.38709685712398,224372.0,-0.000286965828432799,336.18806575864426,80.69452206540919,-1.2801246597624269e-06,0.0001537600723725
FR,atlantic_to_france,2017-06-08,2017-06-21,14,1525.858492857143,-0.0019532890840143597,-220.64195295147988,532191.0,-0.00041459166530715454,336.18806575864426,80.69452206540919,-1.2801246597624269e-06,0.0001537600723725
FR,atlantic_to_france,2018-09-17,2018-09-20,4,1216.949925,-0.0015578476086885358,-50.278058333925905,241706.0,-0.00020801328197862654,336.18806575864426,80.69452206540919,-1.2801246597624269e-06,0.0001537600723725
FR,atlantic_to_france,2019-06-26,2019-07-05,10,1838.6979000000003,-0.002353762523643389,-189.91364881892548,645296.0,-0.00029430470484696243,336.18806575864426,80.69452206540919,-1.2801246597624269e-06,0.0001537600723725
FR,atlantic_to_france,2019-07-22,2019-07-25,4,1388.2004749999999,-0.001777069660741414,-57.35324274845051,173070.84210526317,-0.000331385934515577,336.18806575864426,80.69452206540919,-1.2801246597624269e-06,0.0001537600723725
FR,atlantic_to_france,2020-05-04,2020-05-07,4,1948.352475,-0.0024941340491566573,-80.49581776596018,242068.0,-0.0003325339068607176,336.18806575864426,80.69452206540919,-1.2801246597624269e-06,0.0001537600723725
FR,atlantic_to_france,2020-07-27,2020-07-31,5,1517.1482600000002,-0.0019421389001416582,-78.35087043278938,341917.0,-0.00022915172522217198,336.18806575864426,80.69452206540919,-1.2801246597624269e-06,0.0001537600723725
FR,atlantic_to_france,2020-08-06,2020-08-09,4,1637.595875,-0.0020963268623127285,-67.65696701172519,135373.0,-0.0004997818398921882,336.18806575864426,80.69452206540919,-1.2801246597624269e-06,0.0001537600723725
FR,atlantic_to_france,2020-09-13,2020-09-17,5,1623.11394,-0.002077788180198152,-83.82331072283881,303291.0,-0.00027637915639711964,336.18806575864426,80.69452206540919,-1.2801246597624269e-06,0.0001537600723725
FR,atlantic_to_france,2015-05-11,2015-05-13,3,1415.8101333333334,-0.0018124134652215296,-43.87044796039785,87244.5,-0.000502844855095712,336.18806575864426,80.69452206540919,-1.2801246597624269e-06,0.0001537600723725
FR,atlantic_to_france,2015-06-30,2015-07-06,7,1453.6201714285714,-0.0018608150273738005,-105.09807920428601,222950.0,-0.00047139752951014133,336.18806575864426,80.69452206540919,-1.2801246597624269e-06,0.0001537600723725
FR,atlantic_to_france,2016-09-04,2016-09-13,10,1410.0813500000002,-0.0018050799084060939,-145.64311750724048,352260.5,-0.000413452877933349,336.18806575864426,80.69452206540919,-1.2801246597624269e-06,0.0001537600723725
FR,atlantic_to_france,2017-05-25,2017-05-28,4,1558.45065,-0.001995011108087783,-64.38709685712398,224372.0,-0.000286965828432799,336.18806575864426,80.69452206540919,-1.2801246597624269e-06,0.0001537600723725
FR,atlantic_to_france,2017-06-11,2017-06-22,12,1574.5246166666666,-0.0020155877891979822,-195.15356934255692,451891.0,-0.00043185982757469593,336.18806575864426,80.69452206540919,-1.2801246597624269e-06,0.0001537600723725
FR,atlantic_to_france,2018-09-17,2018-09-20,4,1216.949925,-0.0015578476086885358,-50.278058333925905,241706.0,-0.00020801328197862654,336.18806575864426,80.69452206540919,-1.2801246597624269e-06,0.0001537600723725
FR,atlantic_to_france,2019-06-26,2019-07-05,10,1838.6979000000003,-0.002353762523643389,-189.91364881892548,645296.0,-0.00029430470484696243,336.18806575864426,80.69452206540919,-1.2801246597624269e-06,0.0001537600723725
FR,atlantic_to_france,2019-07-22,2019-07-25,4,1388.2004749999999,-0.001777069660741414,-57.35324274845051,173070.84210526317,-0.000331385934515577,336.18806575864426,80.69452206540919,-1.2801246597624269e-06,0.0001537600723725
FR,atlantic_to_france,2019-09-29,2020-05-07,9,1571.7634666666663,-0.0020120531729936786,-146.10850511737414,27814355.5,-5.252989058738899e-06,336.18806575864426,80.69452206540919,-1.2801246597624269e-06,0.0001537600723725
FR,atlantic_to_france,2020-07-27,2020-07-31,5,1517.1482600000002,-0.0019421389001416582,-78.35087043278938,341917.0,-0.00022915172522217198,336.18806575864426,80.69452206540919,-1.2801246597624269e-06,0.0001537600723725
FR,atlantic_to_france,2020-08-06,2020-08-09,4,1637.595875,-0.0020963268623127285,-67.65696701172519,135373.0,-0.0004997818398921882,336.18806575864426,80.69452206540919,-1.2801246597624269e-06,0.0001537600723725
FR,atlantic_to_france,2020-09-13,2020-09-17,5,1623.11394,-0.002077788180198152,-83.82331072283881,303291.0,-0.00027637915639711964,336.18806575864426,80.69452206540919,-1.2801246597624269e-06,0.0001537600723725
FR,atlantic_to_france,2015-06-04,2015-06-08,5,1735.0949,-0.002221137768518022,-89.6064012217854,230066.0,-0.0003894812845956613,336.18806575864426,80.69452206540919,-1.2801246597624269e-06,0.0001537600723725
FR,atlantic_to_france,2016-09-02,2016-09-13,12,1385.6474083333333,-0.0017738014171433968,-171.74328983118164,387248.5,-0.0004434963333135742,336.18806575864426,80.69452206540919,-1.2801246597624269e-06,0.0001537600723725
FR,atlantic_to_france,2017-06-13,2017-06-22,10,1616.5506699999999,-0.002069386376422473,-166.9687207672226,377407.0,-0.0004424102381970197,336.18806575864426,80.69452206540919,-1.2801246597624269e-06,0.0001537600723725
FR,atlantic_to_france,2018-08-02,2018-08-05,4,2038.897025,-0.0026100423604187495,-84.23664889894134,179289.0,-0.0004698372398693804,336.18806575864426,80.69452206540919,-1.2801246597624269e-06,0.0001537600723725
FR,atlantic_to_france,2018-09-19,2018-09-28,10,1528.0036100000002,-0.0019560351013670103,-157.82295774830135,836014.0,-0.0001887802808903934,336.18806575864426,80.69452206540919,-1.2801246597624269e-06,0.0001537600723725
FR,atlantic_to_france,2019-06-26,2019-07-04,9,1823.5124222222225,-0.0023343232190697815,-169.51066730090537,614254.0,-0.00027596184526418283,336.18806575864426,80.69452206540919,-1.2801246597624269e-06,0.0001537600723725
FR,atlantic_to_france,2019-07-22,2019-07-24,3,1422.4562999999998,-0.0018209213870644203,-44.07638680913292,110854.0,-0.00039760754514165406,336.18806575864426,80.69452206540919,-1.2801246597624269e-06,0.0001537600723725
FR,atlantic_to_france,2019-09-13,2019-09-17,5,1879.72396,-0.002406280994742282,-97.07555439530331,210465.0,-0.00046124322046565134,336.18806575864426,80.69452206540919,-1.2801246597624269e-06,0.0001537600723725
FR,atlantic_to_france,2020-05-04,2020-05-06,3,1995.6775666666665,-0.0025547160660246743,-61.83828380155451,206325.0,-0.0002997129955243161,336.18806575864426,80.69452206540919,-1.2801246597624269e-06,0.0001537600723725
FR,atlantic_to_france,2020-05-20,2020-05-22,3,1675.7084000000002,-0.002145115645411041,-51.92368413547274,150529.0,-0.0003449414008959917,336.18806575864426,80.69452206540919,-1.2801246597624269e-06,0.0001537600723725
FR,atlantic_to_france,2020-09-12,2020-09-17,6,1640.3632666666665,-0.0020998694686284497,-101.6569519205516,331672.0,-0.0003064984440065836,336.18806575864426,80.69452206540919,-1.2801246597624269e-06,0.0001537600723725
FR,atlantic_to_france,2015-05-10,2015-05-14,5,1361.24046,-0.0017425574807123493,-70.2992434696729,155391.5,-0.0004524008293225363,336.18806575864426,80.69452206540919,-1.2801246597624269e-06,0.0001537600723725
FR,atlantic_to_france,2015-07-06,2015-07-14,9,1429.2264666666665,-0.001829588044365122,-132.85850380637422,394260.0,-0.0003369819505056922,336.18806575864426,80.69452206540919,-1.2801246597624269e-06,0.0001537600723725
FR,atlantic_to_france,2015-07-20,2015-07-23,4,1498.108,-0.0019177649937873696,-61.89405156873737,119496.0,-0.0005179591916778584,336.18806575864426,80.69452206540919,-1.2801246597624269e-06,0.0001537600723725
FR,atlantic_to_france,2016-09-01,2016-09-13,13,1414.8832538461536,-0.0018112269439333629,-189.98081947444007,404146.5,-0.0004700790913058509,336.18806575864426,80.69452206540919,-1.2801246597624269e-06,0.0001537600723725
FR,atlantic_to_france,2017-06-12,2017-06-24,13,1569.0164230769228,-0.002008536614753006,-210.6767643299992,524346.0,-0.00040178958994633164,336.18806575864426,80.69452206540919,-1.2801246597624269e-06,0.0001537600723725
FR,atlantic_to_france,2018-08-01,2018-08-05,5,2001.50466,-0.002562175471895412,-103.36473792369121,206436.0,-0.000500710815573307,336.18806575864426,80.69452206540919,-1.2801246597624269e-06,0.0001537600723725
FR,atlantic_to_france,2018-09-19,2018-09-28,10,1528.0036100000002,-0.0019560351013670103,-157.82295774830135,836014.0,-0.0001887802808903934,336.18806575864426,80.69452206540919,-1.2801246597624269e-06,0.0001537600723725
FR,atlantic_to_france,2019-06-26,2019-07-12,17,1816.329505882353,-0.002325128190734104,-318.92558242618816,983953.0,-0.00032412684592270986,336.18806575864426,80.69452206540919,-1.2801246597624269e-06,0.0001537600723725
FR,atlantic_to_france,2019-08-29,2019-08-31,3,1567.3867,-0.002006450366053653,-48.5672160675097,124260.0,-0.00039085156983349186,336.18806575864426,80.69452206540919,-1.2801246597624269e-06,0.0001537600723725
FR,atlantic_to_france,2019-09-13,2019-09-17,5,1879.72396,-0.002406280994742282,-97.07555439530331,210465.0,-0.00046124322046565134,336.18806575864426,80.69452206540919,-1.2801246597624269e-06,0.0001537600723725
FR,atlantic_to_france,2020-05-03,2020-05-06,4,1817.375475,-0.002326467161594954,-75.08452753033065,245731.0,-0.0003055557806313841,336.18806575864426,80.69452206540919,-1.2801246597624269e-06,0.0001537600723725
FR,atlantic_to_france,2020-09-12,2020-09-18,7,1655.1590571428571,-0.0021188099248776993,-119.66952653961515,450118.0,-0.00026586256612624946,336.18806575864426,80.69452206540919,-1.2801246597624269e-06,0.0001537600723725
FR,atlantic_to_france,2015-05-10,2015-05-14,5,1361.24046,-0.0017425574807123493,-70.2992434696729,155391.5,-0.0004524008293225363,336.18806575864426,80.69452206540919,-1.2801246597624269e-06,0.0001537600723725
FR,atlantic_to_france,2015-07-03,2015-07-21,19,1409.8665,-0.0018048048736229436,-276.6797599479927,693736.0,-0.0003988257203720042,336.18806575864426,80.69452206540919,-1.2801246597624269e-06,0.0001537600723725
FR,atlantic_to_france,2016-09-03,2016-09-13,11,1399.302472727273,-0.0017912816018047228,-158.9827791921008,371254.5,-0.00042823125158644753,336.18806575864426,80.69452206540919,-1.2801246597624269e-06,0.0001537600723725
FR,atlantic_to_france,2017-06-12,2017-06-17,6,1639.1898166666667,-0.0020983673063464515,-101.58423061993776,239322.0,-0.0004244667461409221,336.18806575864426,80.69452206540919,-1.2801246597624269e-06,0.0001537600723725
FR,atlantic_to_france,2017-08-03,2017-08-05,3,1301.8317333333334,-0.0016665069047012639,-40.33870076627591,204612.0,-0.00019714728738429765,336.18806575864426,80.69452206540919,-1.2801246597624269e-06,0.0001537600723725
FR,atlantic_to_france,2018-08-02,2018-08-04,3,1989.8714,-0.002547283448895984,-61.65837328488115,136033.0,-0.0004532604094953515,336.18806575864426,80.69452206540919,-1.2801246597624269e-06,0.0001537600723725
FR,atlantic_to_france,2018-09-20,2018-09-23,4,1211.4386,-0.0015507924256480707,-50.050358973290976,459089.0,-0.00010902103725702636,336.18806575864426,80.69452206540919,-1.2801246597624269e-06,0.0001537600723725
FR,atlantic_to_france,2019-06-25,2019-07-08,14,1800.6974142857143,-0.002305117164797582,-260.3841680093973,821516.0,-0.0003169556868148609,336.18806575864426,80.69452206540919,-1.2801246597624269e-06,0.0001537600723725
FR,atlantic_to_france,2019-07-24,2019-07-26,3,1276.7903,-0.0016344507483754668,-39.562764168536404,163457.84210526317,-0.00024203650102672269,336.18806575864426,80.69452206540919,-1.2801246597624269e-06,0.0001537600723725
FR,atlantic_to_france,2019-09-13,2019-09-17,5,1879.72396,-0.002406280994742282,-97.07555439530331,210465.0,-0.00046124322046565134,336.18806575864426,80.69452206540919,-1.2801246597624269e-06,0.0001537600723725
FR,atlantic_to_france,2020-08-22,2020-08-27,6,1294.7067833333333,-0.0016573860805066895,-80.2358525694016,680270.0,-0.00011794706891293398,336.18806575864426,80.69452206540919,-1.2801246597624269e-06,0.0001537600723725
FR,atlantic_to_france,2020-09-12,2020-09-18,7,1655.1590571428571,-0.0021188099248776993,-119.66952653961515,450118.0,-0.00026586256612624946,336.18806575864426,80.69452206540919,-1.2801246597624269e-06,0.0001537600723725
FR,atlantic_to_france,2015-05-10,2015-05-17,8,1424.6952875,-0.0018237875701760703,-117.72203818985295,279796.5,-0.00042074163969117896,336.18806575864426,80.69452206540919,-1.2801246597624269e-06,0.0001537600723725
FR,atlantic_to_france,2015-06-05,2015-06-08,4,1727.3565999999998,-0.0022112317798633823,-71.36541456156621,207616.0,-0.00034373754701740814,336.18806575864426,80.69452206540919,-1.2801246597624269e-06,0.0001537600723725
FR,atlantic_to_france,2015-07-04,2015-07-08,5,1354.1825800000001,-0.0017335225144787057,-69.9347497309989,208864.0,-0.00033483390977381887,336.18806575864426,80.69452206540919,-1.2801246597624269e-06,0.0001537600723725
FR,atlantic_to_france,2015-07-18,2015-07-25,8,1381.3910125,-0.0017683526998754368,-114.1438221600383,319013.0,-0.00035780304301090643,336.18806575864426,80.69452206540919,-1.2801246597624269e-06,0.0001537600723725
FR,atlantic_to_france,2015-08-07,2015-08-12,6,1741.1933333333334,-0.0022289445234139394,-107.90561491341919,203005.0,-0.0005315416611089342,336.18806575864426,80.69452206540919,-1.2801246597624269e-06,0.0001537600723725
FR,atlantic_to_france,2016-09-05,2016-09-13,9,1427.3128666666667,-0.0018271383978162008,-132.68061874839822,298531.5,-0.00044444428393117046,336.18806575864426,80.69452206540919,-1.2801246597624269e-06,0.0001537600723725
FR,atlantic_to_france,2018-08-01,2018-08-06,6,1998.6994833333335,-0.002558584496069422,-123.86384248516339,229526.0,-0.0005396505950749082,336.18806575864426,80.69452206540919,-1.2801246597624269e-06,0.0001537600723725
FR,atlantic_to_france,2018-08-19,2018-08-22,4,1726.94675,-0.002210707120771579,-71.34848168554164,107439.0,-0.0006640836352306113,336.18806575864426,80.69452206540919,-1.2801246597624269e-06,0.0001537600723725
FR,atlantic_to_france,2018-09-19,2018-09-24,6,1351.7245666666665,-0.0017303759509966804,-83.7693711361222,595762.0,-0.00014060878528023306,336.18806575864426,80.69452206540919,-1.2801246597624269e-06,0.0001537600723725
FR,atlantic_to_france,2019-06-25,2019-07-08,14,1800.6974142857143,-0.002305117164797582,-260.3841680093973,821516.0,-0.0003169556868148609,336.18806575864426,80.69452206540919,-1.2801246597624269e-06,0.0001537600723725
FR,atlantic_to_france,2019-07-23,2019-07-26,4,1346.0142,-0.0017230659698103954,-55.61032469424954,209869.84210526317,-0.0002649753015316865,336.18806575864426,80.69452206540919,-1.2801246597624269e-06,0.0001537600723725
FR,atlantic_to_france,2019-08-30,2019-09-03,5,1679.1693599999999,-0.002149546105653492,-86.71820970224087,233432.0,-0.0003714923819452383,336.18806575864426,80.69452206540919,-1.2801246597624269e-06,0.0001537600723725
FR,atlantic_to_france,2019-09-28,2020-05-02,5,1264.65392,-0.0016189146690572193,-65.31117494623706,27677152.5,-2.3597505179131797e-06,336.18806575864426,80.69452206540919,-1.2801246597624269e-06,0.0001537600723725
FR,atlantic_to_france,2020-09-12,2020-09-19,8,1630.5047749999999,-0.0020872493703378873,-134.72799908540975,519701.0,-0.0002592413697210699,336.18806575864426,80.69452206540919,-1.2801246597624269e-06,0.0001537600723725
FR,atlantic_to_france,2015-05-02,2015-05-04,3,1270.0751333333335,-0.0016258544979310524,-39.35468727823911,162042.0,-0.00024286720281309235,336.18806575864426,80.69452206540919,-1.2801246597624269e-06,0.0001537600723725
FR,atlantic_to_france,2015-06-30,2015-07-03,4,1483.3982,-0.0018989346160671965,-61.28631893546539,147530.0,-0.0004154159759741435,336.18806575864426,80.69452206540919,-1.2801246597624269e-06,0.0001537600723725
FR,atlantic_to_france,2016-08-13,2016-08-16,4,1698.1739,-0.0021738742859549335,-70.15973677417372,114001.0,-0.000615430888976182,336.18806575864426,80.69452206540919,-1.2801246597624269e-06,0.0001537600723725
FR,atlantic_to_france,2017-05-15,2017-05-25,11,1387.0644363636363,-0.0017756153896685623,-157.5923456933642,432333.0,-0.00036451611534017573,336.18806575864426,80.69452206540919,-1.2801246597624269e-06,0.0001537600723725
FR,atlantic_to_france,2017-06-18,2017-06-21,4,1685.874125,-0.0021581290406679043,-69.65157387261132,133340.0,-0.0005223606860102844,336.18806575864426,80.69452206540919,-1.2801246597624269e-06,0.0001537600723725
FR,atlantic_to_france,2018-06-26,2018-06-30,5,1932.7948000000001,-0.002474218285740588,-99.81631916973562,343607.0,-0.0002904955928422169,336.18806575864426,80.69452206540919,-1.2801246597624269e-06,0.0001537600723725
FR,atlantic_to_france,2018-07-08,2018-07-15,8,2014.680625,-0.0025790423496080783,-166.47230573267888,318574.0,-0.0005225545893032039,336.18806575864426,80.69452206540919,-1.2801246597624269e-06,0.0001537600723725
FR,atlantic_to_france,2018-08-02,2018-08-06,5,2028.0523399999997,-0.002596159811722893,-104.73575346041345,202379.0,-0.0005175228332011397,336.18806575864426,80.69452206540919,-1.2801246597624269e-06,0.0001537600723725
FR,atlantic_to_france,2020-05-04,2020-05-08,5,1915.5024799999999,-0.0024520819604840847,-98.92328296521706,289386.0,-0.0003418385235125993,336.18806575864426,80.69452206540919,-1.2801246597624269e-06,0.0001537600723725
FR,atlantic_to_france,2020-05-26,2020-06-02,8,1970.7485374999999,-0.002522803801044488,-162.8422137910468,644152.0,-0.0002528009131246147,336.18806575864426,80.69452206540919,-1.2801246597624269e-06,0.0001537600723725
FR,atlantic_to_france,2020-08-06,2020-08-11,6,1623.81375,-0.0020786840242363004,-100.6313416461211,194096.0,-0.0005184616975420467,336.18806575864426,80.69452206540919,-1.2801246597624269e-06,0.0001537600723725
FR,atlantic_to_france,2020-09-13,2020-09-18,6,1643.2505833333335,-0.002103565593893993,-101.83588534190235,421737.0,-0.0002414677520395468,336.18806575864426,80.69452206540919,-1.2801246597624269e-06,0.0001537600723725
FR,atlantic_to_france,2015-06-30,2015-07-03,4,1483.3982,-0.0018989346160671965,-61.28631893546539,147530.0,-0.0004154159759741435,336.18806575864426,80.69452206540919,-1.2801246597624269e-06,0.0001537600723725
FR,atlantic_to_france,2016-08-14,2016-08-16,3,1847.0434666666667,-0.00236444588933308,-57.232691289062316,94725.0,-0.0006041983772928194,336.18806575864426,80.69452206540919,-1.2801246597624269e-06,0.0001537600723725
FR,atlantic_to_france,2016-08-22,2016-08-25,4,1258.975875,-0.0016116460636334787,-52.01435259076533,122086.0,-0.00042604682429406586,336.18806575864426,80.69452206540919,-1.2801246597624269e-06,0.0001537600723725
FR,atlantic_to_france,2016-09-07,2016-09-12,6,1408.7448166666666,-0.001803368979127499,-87.30304256765012,186384.0,-0.0004684041686392079,336.18806575864426,80.69452206540919,-1.2801246597624269e-06,0.0001537600723725
FR,atlantic_to_france,2017-05-16,2017-05-26,11,1417.0896818181818,-0.0018140514467903457,-161.00368602994277,482008.0,-0.00033402699961399554,336.18806575864426,80.69452206540919,-1.2801246597624269e-06,0.0001537600723725
FR,atlantic_to_france,2017-06-18,2017-06-21,4,1685.874125,-0.0021581290406679043,-69.65157387261132,133340.0,-0.0005223606860102844,336.18806575864426,80.69452206540919,-1.2801246597624269e-06,0.0001537600723725
FR,atlantic_to_france,2018-07-08,2018-07-10,3,2058.1095666666665,-0.002634636808782962,-63.77280859593152,170273.0,-0.00037453271273737776,336.18806575864426,80.69452206540919,-1.2801246597624269e-06,0.0001537600723725
FR,atlantic_to_france,2018-08-03,2018-08-07,5,1890.97598,-0.0024206849830164215,-97.65664827015449,223847.0,-0.0004362651644657042,336.18806575864426,80.69452206540919,-1.2801246597624269e-06,0.0001537600723725
FR,atlantic_to_france,2020-05-04,2020-05-09,6,1846.9610999999998,-0.0023643404497319374,-114.46027813300364,332524.0,-0.0003442165922850791,336.18806575864426,80.69452206540919,-1.2801246597624269e-06,0.0001537600723725
FR,atlantic_to_france,2020-05-26,2020-06-02,8,1970.7485374999999,-0.002522803801044488,-162.8422137910468,644152.0,-0.0002528009131246147,336.18806575864426,80.69452206540919,-1.2801246597624269e-06,0.0001537600723725
FR,atlantic_to_france,2020-09-13,2020-09-18,6,1643.2505833333335,-0.002103565593893993,-101.83588534190235,421737.0,-0.0002414677520395468,336.18806575864426,80.69452206540919,-1.2801246597624269e-06,0.0001537600723725
FR,atlantic_to_france,2015-06-30,2015-07-03,4,1483.3982,-0.0018989346160671965,-61.28631893546539,147530.0,-0.0004154159759741435,336.18806575864426,80.69452206540919,-1.2801246597624269e-06,0.0001537600723725
FR,atlantic_to_france,2016-07-17,2016-07-19,3,1596.3385999999998,-0.002043512407190629,-49.464322813959015,79552.0,-0.0006217860369815846,336.18806575864426,80.69452206540919,-1.2801246597624269e-06,0.0001537600723725
FR,atlantic_to_france,2016-08-22,2016-08-27,6,1291.853,-0.0016537328820880705,-80.05899728313454,172293.0,-0.0004646677304541365,336.18806575864426,80.69452206540919,-1.2801246597624269e-06,0.0001537600723725
FR,atlantic_to_france,2016-09-07,2016-09-12,6,1408.7448166666666,-0.001803368979127499,-87.30304256765012,186384.0,-0.0004684041686392079,336.18806575864426,80.69452206540919,-1.2801246597624269e-06,0.0001537600723725
FR,atlantic_to_france,2017-05-24,2017-05-28,5,1622.079,-0.0020764633279827774,-83.76986278239448,255741.0,-0.00032755742247975286,336.18806575864426,80.69452206540919,-1.2801246597624269e-06,0.0001537600723725
FR,atlantic_to_france,2017-06-17,2017-06-19,3,1777.9595,-0.0022760098000088745,-55.09204792651457,140022.0,-0.00039345279974942914,336.18806575864426,80.69452206540919,-1.2801246597624269e-06,0.0001537600723725
FR,atlantic_to_france,2018-06-26,2018-06-30,5,1932.7948000000001,-0.002474218285740588,-99.81631916973562,343607.0,-0.0002904955928422169,336.18806575864426,80.69452206540919,-1.2801246597624269e-06,0.0001537600723725
FR,atlantic_to_france,2018-08-03,2018-08-06,4,2044.2491,-0.0026168936836071474,-84.45776887563845,164645.0,-0.0005129689263302162,336.18806575864426,80.69452206540919,-1.2801246597624269e-06,0.0001537600723725
FR,atlantic_to_france,2019-07-22,2019-07-25,4,1388.2004749999999,-0.001777069660741414,-57.35324274845051,173070.84210526317,-0.000331385934515577,336.18806575864426,80.69452206540919,-1.2801246597624269e-06,0.0001537600723725
FR,atlantic_to_france,2020-05-04,2020-05-07,4,1948.352475,-0.0024941340491566573,-80.49581776596018,242068.0,-0.0003325339068607176,336.18806575864426,80.69452206540919,-1.2801246597624269e-06,0.0001537600723725
FR,atlantic_to_france,2020-05-27,2020-05-31,5,1995.032,-0.002553889660215154,-103.03046700344807,458740.0,-0.00022459446964173183,336.18806575864426,80.69452206540919,-1.2801246597624269e-06,0.0001537600723725
FR,atlantic_to_france,2020-09-13,2020-09-18,6,1643.2505833333335,-0.002103565593893993,-101.83588534190235,421737.0,-0.0002414677520395468,336.18806575864426,80.69452206540919,-1.2801246597624269e-06,0.0001537600723725
FR,atlantic_to_france,2015-06-30,2015-07-10,11,1448.2721181818183,-0.0018539688525309095,-164.54650146241286,428149.0,-0.0003843206487984624,336.18806575864426,80.69452206540919,-1.2801246597624269e-06,0.0001537600723725
FR,atlantic_to_france,2016-08-23,2016-08-27,5,1309.087,-0.001675794550474416,-67.60585542394448,145371.0,-0.0004650573733684468,336.18806575864426,80.69452206540919,-1.2801246597624269e-06,0.0001537600723725
FR,atlantic_to_france,2016-09-07,2016-09-13,7,1392.8893571428573,-0.0017830720143992057,-100.70718531371206,246204.0,-0.00040903959851875706,336.18806575864426,80.69452206540919,-1.2801246597624269e-06,0.0001537600723725
FR,atlantic_to_france,2017-05-15,2017-05-17,3,1219.3884666666665,-0.0015609692460098938,-37.78410466978528,89859.0,-0.0004204821405734014,336.18806575864426,80.69452206540919,-1.2801246597624269e-06,0.0001537600723725
FR,atlantic_to_france,2017-05-25,2017-05-28,4,1558.45065,-0.001995011108087783,-64.38709685712398,224372.0,-0.000286965828432799,336.18806575864426,80.69452206540919,-1.2801246597624269e-06,0.0001537600723725
FR,atlantic_to_france,2017-06-18,2017-06-22,5,1572.7344,-0.0020132960886966645,-81.22153414300506,179702.0,-0.00045197902161915317,336.18806575864426,80.69452206540919,-1.2801246597624269e-06,0.0001537600723725
FR,atlantic_to_france,2017-08-22,2017-08-28,7,1540.7746714285713,-0.001972383652033065,-111.39942994504244,190987.0,-0.0005832827885931631,336.18806575864426,80.69452206540919,-1.2801246597624269e-06,0.0001537600723725
FR,atlantic_to_france,2018-08-03,2018-08-06,4,2044.2491,-0.0026168936836071474,-84.45776887563845,164645.0,-0.0005129689263302162,336.18806575864426,80.69452206540919,-1.2801246597624269e-06,0.0001537600723725
FR,atlantic_to_france,2019-07-22,2019-07-25,4,1388.2004749999999,-0.001777069660741414,-57.35324274845051,173070.84210526317,-0.000331385934515577,336.18806575864426,80.69452206540919,-1.2801246597624269e-06,0.0001537600723725
FR,atlantic_to_france,2019-09-15,2019-09-20,6,1921.1923666666664,-0.002459365724717338,-119.06055446195927,521025.0,-0.00022851217208763356,336.18806575864426,80.69452206540919,-1.2801246597624269e-06,0.0001537600723725
FR,atlantic_to_france,2020-08-06,2020-08-09,4,1637.595875,-0.0020963268623127285,-67.65696701172519,135373.0,-0.0004997818398921882,336.18806575864426,80.69452206540919,-1.2801246597624269e-06,0.0001537600723725
FR,atlantic_to_france,2020-09-13,2020-09-17,5,1623.11394,-0.002077788180198152,-83.82331072283881,303291.0,-0.00027637915639711964,336.18806575864426,80.69452206540919,-1.2801246597624269e-06,0.0001537600723725
FR,atlantic_to_france,2015-05-10,2015-05-13,4,1365.46175,-0.001747961258137358,-56.41379658184749,108592.5,-0.0005194999339903538,336.18806575864426,80.69452206540919,-1.2801246597624269e-06,0.0001537600723725
FR,atlantic_to_france,2015-06-30,2015-07-16,17,1445.7657941176471,-0.001850760445291008,-253.85905830827636,652396.0,-0.00038911804840660634,336.18806575864426,80.69452206540919,-1.2801246597624269e-06,0.0001537600723725
FR,atlantic_to_france,2016-08-25,2016-08-27,3,1310.7413666666669,-0.0016779123460407054,-40.61477564121411,72258.0,-0.0005620799861775044,336.18806575864426,80.69452206540919,-1.2801246597624269e-06,0.0001537600723725
FR,atlantic_to_france,2016-09-07,2016-09-13,7,1392.8893571428573,-0.0017830720143992057,-100.70718531371206,246204.0,-0.00040903959851875706,336.18806575864426,80.69452206540919,-1.2801246597624269e-06,0.0001537600723725
FR,atlantic_to_france,2017-05-25,2017-05-28,4,1558.45065,-0.001995011108087783,-64.38709685712398,224372.0,-0.000286965828432799,336.18806575864426,80.69452206540919,-1.2801246597624269e-06,0.0001537600723725
FR,atlantic_to_france,2017-06-18,2017-06-22,5,1572.7344,-0.0020132960886966645,-81.22153414300506,179702.0,-0.00045197902161915317,336.18806575864426,80.69452206540919,-1.2801246597624269e-06,0.0001537600723725
FR,atlantic_to_france,2018-08-02,2018-08-06,5,2028.0523399999997,-0.002596159811722893,-104.73575346041345,202379.0,-0.0005175228332011397,336.18806575864426,80.69452206540919,-1.2801246597624269e-06,0.0001537600723725
FR,atlantic_to_france,2018-09-17,2018-09-20,4,1216.949925,-0.0015578476086885358,-50.278058333925905,241706.0,-0.00020801328197862654,336.18806575864426,80.69452206540919,-1.2801246597624269e-06,0.0001537600723725
FR,atlantic_to_france,2019-06-26,2019-07-05,10,1838.6979000000003,-0.002353762523643389,-189.91364881892548,645296.0,-0.00029430470484696243,336.18806575864426,80.69452206540919,-1.2801246597624269e-06,0.0001537600723725
FR,atlantic_to_france,2019-07-22,2019-07-25,4,1388.2004749999999,-0.001777069660741414,-57.35324274845051,173070.84210526317,-0.000331385934515577,336.18806575864426,80.69452206540919,-1.2801246597624269e-06,0.0001537600723725
FR,atlantic_to_france,2019-09-13,2019-09-20,8,1909.9368625,-0.0024449572762755296,-157.81736785412994,610969.0,-0.0002583066699851055,336.18806575864426,80.69452206540919,-1.2801246597624269e-06,0.0001537600723725
FR,atlantic_to_france,2020-07-27,2020-07-31,5,1517.1482600000002,-0.0019421389001416582,-78.35087043278938,341917.0,-0.00022915172522217198,336.18806575864426,80.69452206540919,-1.2801246597624269e-06,0.0001537600723725
FR,atlantic_to_france,2020-08-06,2020-08-08,3,1659.6277666666665,-0.002124530430136443,-51.425407868612496,93455.0,-0.0005502691976738805,336.18806575864426,80.69452206540919,-1.2801246597624269e-06,0.0001537600723725
FR,atlantic_to_france,2020-09-13,2020-09-18,6,1643.2505833333335,-0.002103565593893993,-101.83588534190235,421737.0,-0.0002414677520395468,336.18806575864426,80.69452206540919,-1.2801246597624269e-06,0.0001537600723725
FR,atlantic_to_france,2015-05-11,2015-05-13,3,1415.8101333333334,-0.0018124134652215296,-43.87044796039785,87244.5,-0.000502844855095712,336.18806575864426,80.69452206540919,-1.2801246597624269e-06,0.0001537600723725
FR,atlantic_to_france,2015-06-30,2015-07-07,8,1422.4389875000002,-0.0018208992249062487,-117.53560096562809,274120.0,-0.0004287742629710641,336.18806575864426,80.69452206540919,-1.2801246597624269e-06,0.0001537600723725
FR,atlantic_to_france,2015-07-15,2015-07-21,7,1367.6161,-0.0017507190946981172,-98.87990551039184,199155.0,-0.0004964972283417029,336.18806575864426,80.69452206540919,-1.2801246597624269e-06,0.0001537600723725
FR,atlantic_to_france,2015-08-03,2015-08-07,5,1341.0035400000002,-0.0017166517003827102,-69.25413776795412,166825.0,-0.0004151304526776809,336.18806575864426,80.69452206540919,-1.2801246597624269e-06,0.0001537600723725
FR,atlantic_to_france,2016-08-24,2016-08-27,4,1292.344875,-0.001654362543405091,-53.39298657896724,104944.0,-0.0005087759812754158,336.18806575864426,80.69452206540919,-1.2801246597624269e-06,0.0001537600723725
FR,atlantic_to_france,2017-06-11,2017-06-13,3,1536.8855333333333,-0.001967405070452129,-47.62210357433163,103864.0,-0.00045850442477019595,336.18806575864426,80.69452206540919,-1.2801246597624269e-06,0.0001537600723725
FR,atlantic_to_france,2018-09-11,2018-09-20,10,1437.3725200000001,-0.0018400160081168623,-148.46194145609996,423133.0,-0.0003508635380745533,336.18806575864426,80.69452206540919,-1.2801246597624269e-06,0.0001537600723725
FR,atlantic_to_france,2019-06-26,2019-07-05,10,1838.6979000000003,-0.002353762523643389,-189.91364881892548,645296.0,-0.00029430470484696243,336.18806575864426,80.69452206540919,-1.2801246597624269e-06,0.0001537600723725
FR,atlantic_to_france,2019-07-22,2019-07-25,4,1388.2004749999999,-0.001777069660741414,-57.35324274845051,173070.84210526317,-0.000331385934515577,336.18806575864426,80.69452206540919,-1.2801246597624269e-06,0.0001537600723725
FR,atlantic_to_france,2019-09-13,2019-09-17,5,1879.72396,-0.002406280994742282,-97.07555439530331,210465.0,-0.00046124322046565134,336.18806575864426,80.69452206540919,-1.2801246597624269e-06,0.0001537600723725
FR,atlantic_to_france,2020-07-27,2020-07-31,5,1517.1482600000002,-0.0019421389001416582,-78.35087043278938,341917.0,-0.00022915172522217198,336.18806575864426,80.69452206540919,-1.2801246597624269e-06,0.0001537600723725
FR,atlantic_to_france,2020-08-07,2020-08-09,3,1620.3114333333333,-0.0020742006223050035,-50.20714765498286,105970.0,-0.00047378642686593243,336.18806575864426,80.69452206540919,-1.2801246597624269e-06,0.0001537600723725
FR,atlantic_to_france,2020-09-13,2020-09-18,6,1643.2505833333335,-0.002103565593893993,-101.83588534190235,421737.0,-0.0002414677520395468,336.18806575864426,80.69452206540919,-1.2801246597624269e-06,0.0001537600723725
FR,atlantic_to_france,2015-05-11,2015-05-14,4,1397.946425,-0.001789545691669226,-57.755894848223264,134043.5,-0.0004308742672954919,336.18806575864426,80.69452206540919,-1.2801246597624269e-06,0.0001537600723725
FR,atlantic_to_france,2015-06-03,2015-06-06,4,1505.2183,-0.0019268670641556787,-62.18781228216338,112650.0,-0.0005520444942935053,336.18806575864426,80.69452206540919,-1.2801246597624269e-06,0.0001537600723725
FR,atlantic_to_france,2015-07-03,2015-07-07,5,1425.1225200000001,-0.0018243344810347725,-73.59833765710563,165484.0,-0.00044474594315526355,336.18806575864426,80.69452206540919,-1.2801246597624269e-06,0.0001537600723725
FR,atlantic_to_france,2015-07-16,2015-07-21,6,1321.8616166666668,-0.0016921476522884283,-81.91869785292637,183639.0,-0.0004460855148030994,336.18806575864426,80.69452206540919,-1.2801246597624269e-06,0.0001537600723725
FR,atlantic_to_france,2016-09-03,2016-09-13,11,1399.302472727273,-0.0017912816018047228,-158.9827791921008,371254.5,-0.00042823125158644753,336.18806575864426,80.69452206540919,-1.2801246597624269e-06,0.0001537600723725
FR,atlantic_to_france,2018-09-11,2018-09-13,3,1518.769266666667,-0.0019442139907492975,-47.06075094990487,96001.0,-0.0004902110493630782,336.18806575864426,80.69452206540919,-1.2801246597624269e-06,0.0001537600723725
FR,atlantic_to_france,2018-09-19,2018-09-28,10,1528.0036100000002,-0.0019560351013670103,-157.82295774830135,836014.0,-0.0001887802808903934,336.18806575864426,80.69452206540919,-1.2801246597624269e-06,0.0001537600723725
FR,atlantic_to_france,2019-06-26,2019-07-05,10,1838.6979000000003,-0.002353762523643389,-189.91364881892548,645296.0,-0.00029430470484696243,336.18806575864426,80.69452206540919,-1.2801246597624269e-06,0.0001537600723725
FR,atlantic_to_france,2019-07-22,2019-07-26,5,1399.6278599999998,-0.0017916981380765133,-72.28170377559688,234862.84210526317,-0.0003077613432915921,336.18806575864426,80.69452206540919,-1.2801246597624269e-06,0.0001537600723725
FR,atlantic_to_france,2019-09-13,2019-09-17,5,1879.72396,-0.002406280994742282,-97.07555439530331,210465.0,-0.00046124322046565134,336.18806575864426,80.69452206540919,-1.2801246597624269e-06,0.0001537600723725
FR,atlantic_to_france,2020-07-27,2020-08-01,6,1514.411616666667,-0.0019386356555256838,-93.85144865883663,396936.0,-0.00023643975013311122,336.18806575864426,80.69452206540919,-1.2801246597624269e-06,0.0001537600723725
FR,atlantic_to_france,2020-08-08,2020-08-10,3,1666.5919000000001,-0.0021334453889503167,-51.64119926732919,105478.0,-0.00048959213549109,336.18806575864426,80.69452206540919,-1.2801246597624269e-06,0.0001537600723725
FR,atlantic_to_france,2020-09-12,2020-09-18,7,1655.1590571428571,-0.0021188099248776993,-119.66952653961515,450118.0,-0.00026586256612624946,336.18806575864426,80.69452206540919,-1.2801246597624269e-06,0.0001537600723725
FR,atlantic_to_france,2015-05-11,2015-05-14,4,1397.946425,-0.001789545691669226,-57.755894848223264,134043.5,-0.0004308742672954919,336.18806575864426,80.69452206540919,-1.2801246597624269e-06,0.0001537600723725
FR,atlantic_to_france,2015-06-03,2015-06-06,4,1505.2183,-0.0019268670641556787,-62.18781228216338,112650.0,-0.0005520444942935053,336.18806575864426,80.69452206540919,-1.2801246597624269e-06,0.0001537600723725
FR,atlantic_to_france,2015-07-02,2015-07-07,6,1423.0302166666668,-0.0018216560719420693,-88.18834050773194,197281.0,-0.00044701892482160947,336.18806575864426,80.69452206540919,-1.2801246597624269e-06,0.0001537600723725
FR,atlantic_to_france,2015-07-15,2015-07-21,7,1367.6161,-0.0017507190946981172,-98.87990551039184,199155.0,-0.0004964972283417029,336.18806575864426,80.69452206540919,-1.2801246597624269e-06,0.0001537600723725
FR,atlantic_to_france,2016-08-25,2016-08-27,3,1310.7413666666669,-0.0016779123460407054,-40.61477564121411,72258.0,-0.0005620799861775044,336.18806575864426,80.69452206540919,-1.2801246597624269e-06,0.0001537600723725
FR,atlantic_to_france,2017-08-01,2017-08-05,5,1349.01096,-0.0017269021961857848,-69.66766909080646,267751.0,-0.0002601957381701897,336.18806575864426,80.69452206540919,-1.2801246597624269e-06,0.0001537600723725
FR,atlantic_to_france,2018-09-19,2018-09-28,10,1528.0036100000002,-0.0019560351013670103,-157.82295774830135,836014.0,-0.0001887802808903934,336.18806575864426,80.69452206540919,-1.2801246597624269e-06,0.0001537600723725
FR,atlantic_to_france,2019-06-25,2019-06-30,6,1585.0256833333335,-0.002029030463591792,-98.22755907652171,403216.0,-0.00024361027111156729,336.18806575864426,80.69452206540919,-1.2801246597624269e-06,0.0001537600723725
FR,atlantic_to_france,2019-07-22,2019-07-25,4,1388.2004749999999,-0.001777069660741414,-57.35324274845051,173070.84210526317,-0.000331385934515577,336.18806575864426,80.69452206540919,-1.2801246597624269e-06,0.0001537600723725
FR,atlantic_to_france,2019-09-13,2019-09-17,5,1879.72396,-0.002406280994742282,-97.07555439530331,210465.0,-0.00046124322046565134,336.18806575864426,80.69452206540919,-1.2801246597624269e-06,0.0001537600723725
FR,atlantic_to_france,2020-07-30,2020-08-01,3,1545.4422666666667,-0.0019783587557991407,-47.887243451192965,166528.0,-0.00028756271288427754,336.18806575864426,80.69452206540919,-1.2801246597624269e-06,0.0001537600723725
FR,atlantic_to_france,2020-09-13,2020-09-18,6,1643.2505833333335,-0.002103565593893993,-101.83588534190235,421737.0,-0.0002414677520395468,336.18806575864426,80.69452206540919,-1.2801246597624269e-06,0.0001537600723725
FR,atlantic_to_france,2015-05-11,2015-05-14,4,1397.946425,-0.001789545691669226,-57.755894848223264,134043.5,-0.0004308742672954919,336.18806575864426,80.69452206540919,-1.2801246597624269e-06,0.0001537600723725
FR,atlantic_to_france,2015-06-04,2015-06-06,3,1535.1425333333334,-0.0019651738131701633,-47.56809478530359,85963.0,-0.0005533554527564603,336.18806575864426,80.69452206540919,-1.2801246597624269e-06,0.0001537600723725
FR,atlantic_to_france,2015-07-04,2015-07-08,5,1354.1825800000001,-0.0017335225144787057,-69.9347497309989,208864.0,-0.00033483390977381887,336.18806575864426,80.69452206540919,-1.2801246597624269e-06,0.0001537600723725
FR,atlantic_to_france,2015-07-14,2015-07-22,9,1394.4577555555557,-0.0017850797598836332,-129.6264625272397,274456.0,-0.0004723032563589053,336.18806575864426,80.69452206540919,-1.2801246597624269e-06,0.0001537600723725
FR,atlantic_to_france,2017-06-12,2017-06-16,5,1603.1013799999998,-0.0020521696086371766,-82.78979176036877,193331.0,-0.00042822822910122416,336.18806575864426,80.69452206540919,-1.2801246597624269e-06,0.0001537600723725
FR,atlantic_to_france,2017-08-02,2017-08-05,4,1288.4685,-0.0016494003001771044,-53.232834871513724,244991.0,-0.00021728485891936325,336.18806575864426,80.69452206540919,-1.2801246597624269e-06,0.0001537600723725
FR,atlantic_to_france,2018-09-21,2018-09-28,8,1598.8787,-0.002046764051838891,-132.11474834919213,704979.0,-0.00018740238836786928,336.18806575864426,80.69452206540919,-1.2801246597624269e-06,0.0001537600723725
FR,atlantic_to_france,2019-06-25,2019-07-05,11,1774.4548545454547,-0.002271523416938787,-201.60599286065494,697990.0,-0.0002888379387393157,336.18806575864426,80.69452206540919,-1.2801246597624269e-06,0.0001537600723725
FR,atlantic_to_france,2019-07-23,2019-07-26,4,1346.0142,-0.0017230659698103954,-55.61032469424954,209869.84210526317,-0.0002649753015316865,336.18806575864426,80.69452206540919,-1.2801246597624269e-06,0.0001537600723725
FR,atlantic_to_france,2020-07-28,2020-08-01,5,1579.6108600000002,-0.002022098814714535,-81.5766587150072,283119.0,-0.0002881355850896874,336.18806575864426,80.69452206540919,-1.2801246597624269e-06,0.0001537600723725
FR,atlantic_to_france,2020-09-13,2020-09-17,5,1623.11394,-0.002077788180198152,-83.82331072283881,303291.0,-0.00027637915639711964,336.18806575864426,80.69452206540919,-1.2801246597624269e-06,0.0001537600723725
FR,atlantic_to_france,2016-08-14,2016-08-16,3,1847.0434666666667,-0.00236444588933308,-57.232691289062316,94725.0,-0.0006041983772928194,336.18806575864426,80.69452206540919,-1.2801246597624269e-06,0.0001537600723725
FR,atlantic_to_france,2016-09-06,2016-09-12,7,1446.7243285714287,-0.0018519874888825256,-104.599503405033,211776.0,-0.0004939157572389364,336.18806575864426,80.69452206540919,-1.2801246597624269e-06,0.0001537600723725
FR,atlantic_to_france,2017-05-22,2017-05-26,5,1633.07656,-0.0020905415757359945,-84.33781544816547,248765.0,-0.00033902605048204316,336.18806575864426,80.69452206540919,-1.2801246597624269e-06,0.0001537600723725
FR,atlantic_to_france,2018-06-26,2018-06-30,5,1932.7948000000001,-0.002474218285740588,-99.81631916973562,343607.0,-0.0002904955928422169,336.18806575864426,80.69452206540919,-1.2801246597624269e-06,0.0001537600723725
FR,atlantic_to_france,2018-07-07,2018-07-15,9,2011.3939555555553,-0.002574835003003757,-186.97582065041698,350698.0,-0.0005331533702798904,336.18806575864426,80.69452206540919,-1.2801246597624269e-06,0.0001537600723725
FR,atlantic_to_france,2018-08-02,2018-08-05,4,2038.897025,-0.0026100423604187495,-84.23664889894134,179289.0,-0.0004698372398693804,336.18806575864426,80.69452206540919,-1.2801246597624269e-06,0.0001537600723725
FR,atlantic_to_france,2019-07-23,2019-07-25,3,1312.9064666666666,-0.0016806839439415565,-40.68186366710316,148077.84210526317,-0.0002747329586163465,336.18806575864426,80.69452206540919,-1.2801246597624269e-06,0.0001537600723725
FR,atlantic_to_france,2020-05-04,2020-05-08,5,1915.5024799999999,-0.0024520819604840847,-98.92328296521706,289386.0,-0.0003418385235125993,336.18806575864426,80.69452206540919,-1.2801246597624269e-06,0.0001537600723725
FR,atlantic_to_france,2020-05-26,2020-06-03,9,1919.1811111111108,-0.002456791066883587,-178.40386873772118,688267.0,-0.00025920735519459917,336.18806575864426,80.69452206540919,-1.2801246597624269e-06,0.0001537600723725
FR,atlantic_to_france,2020-08-06,2020-08-11,6,1623.81375,-0.0020786840242363004,-100.6313416461211,194096.0,-0.0005184616975420467,336.18806575864426,80.69452206540919,-1.2801246597624269e-06,0.0001537600723725
FR,atlantic_to_france,2020-09-13,2020-09-18,6,1643.2505833333335,-0.002103565593893993,-101.83588534190235,421737.0,-0.0002414677520395468,336.18806575864426,80.69452206540919,-1.2801246597624269e-06,0.0001537600723725
FR,atlantic_to_france,2016-07-17,2016-07-19,3,1596.3385999999998,-0.002043512407190629,-49.464322813959015,79552.0,-0.0006217860369815846,336.18806575864426,80.69452206540919,-1.2801246597624269e-06,0.0001537600723725
FR,atlantic_to_france,2016-08-14,2016-08-16,3,1847.0434666666667,-0.00236444588933308,-57.232691289062316,94725.0,-0.0006041983772928194,336.18806575864426,80.69452206540919,-1.2801246597624269e-06,0.0001537600723725
FR,atlantic_to_france,2016-08-23,2016-08-26,4,1276.680125,-0.0016343097106410777,-52.74580036521537,118590.0,-0.00044477443599979236,336.18806575864426,80.69452206540919,-1.2801246597624269e-06,0.0001537600723725
FR,atlantic_to_france,2016-09-07,2016-09-12,6,1408.7448166666666,-0.001803368979127499,-87.30304256765012,186384.0,-0.0004684041686392079,336.18806575864426,80.69452206540919,-1.2801246597624269e-06,0.0001537600723725
FR,atlantic_to_france,2017-05-24,2017-05-26,3,1791.0722666666668,-0.0022927957759765853,-55.49836155157138,175546.0,-0.0003161471155797989,336.18806575864426,80.69452206540919,-1.2801246597624269e-06,0.0001537600723725
FR,atlantic_to_france,2017-06-17,2017-06-19,3,1777.9595,-0.0022760098000088745,-55.09204792651457,140022.0,-0.00039345279974942914,336.18806575864426,80.69452206540919,-1.2801246597624269e-06,0.0001537600723725
FR,atlantic_to_france,2018-06-26,2018-06-30,5,1932.7948000000001,-0.002474218285740588,-99.81631916973562,343607.0,-0.0002904955928422169,336.18806575864426,80.69452206540919,-1.2801246597624269e-06,0.0001537600723725
FR,atlantic_to_france,2018-07-08,2018-07-14,7,2059.2756285714286,-0.002636129513382058,-148.88752740845592,291107.0,-0.0005114529276467276,336.18806575864426,80.69452206540919,-1.2801246597624269e-06,0.0001537600723725
FR,atlantic_to_france,2018-08-02,2018-08-06,5,2028.0523399999997,-0.002596159811722893,-104.73575346041345,202379.0,-0.0005175228332011397,336.18806575864426,80.69452206540919,-1.2801246597624269e-06,0.0001537600723725
FR,atlantic_to_france,2019-08-23,2019-08-26,4,1647.3593,-0.0021088252634189697,-68.06034108785154,115546.0,-0.0005890324294034544,336.18806575864426,80.69452206540919,-1.2801246597624269e-06,0.0001537600723725
FR,atlantic_to_france,2020-05-04,2020-05-09,6,1846.9610999999998,-0.0023643404497319374,-114.46027813300364,332524.0,-0.0003442165922850791,336.18806575864426,80.69452206540919,-1.2801246597624269e-06,0.0001537600723725
FR,atlantic_to_france,2020-05-26,2020-06-03,9,1919.1811111111108,-0.002456791066883587,-178.40386873772118,688267.0,-0.00025920735519459917,336.18806575864426,80.69452206540919,-1.2801246597624269e-06,0.0001537600723725
FR,atlantic_to_france,2020-08-07,2020-08-11,5,1610.6866599999998,-0.0020618797126163795,-83.18152228937878,164693.0,-0.0005050701747456102,336.18806575864426,80.69452206540919,-1.2801246597624269e-06,0.0001537600723725
FR,atlantic_to_france,2020-09-13,2020-09-18,6,1643.2505833333335,-0.002103565593893993,-101.83588534190235,421737.0,-0.0002414677520395468,336.18806575864426,80.69452206540919,-1.2801246597624269e-06,0.0001537600723725
FR,atlantic_to_france,2015-06-30,2015-07-03,4,1483.3982,-0.0018989346160671965,-61.28631893546539,147530.0,-0.0004154159759741435,336.18806575864426,80.69452206540919,-1.2801246597624269e-06,0.0001537600723725
FR,atlantic_to_france,2016-08-14,2016-08-16,3,1847.0434666666667,-0.00236444588933308,-57.232691289062316,94725.0,-0.0006041983772928194,336.18806575864426,80.69452206540919,-1.2801246597624269e-06,0.0001537600723725
FR,atlantic_to_france,2016-08-23,2016-08-25,3,1276.7401666666667,-0.001634386571459191,-39.56121073157527,95164.0,-0.0004157161398383346,336.18806575864426,80.69452206540919,-1.2801246597624269e-06,0.0001537600723725
FR,atlantic_to_france,2016-09-07,2016-09-12,6,1408.7448166666666,-0.001803368979127499,-87.30304256765012,186384.0,-0.0004684041686392079,336.18806575864426,80.69452206540919,-1.2801246597624269e-06,0.0001537600723725
FR,atlantic_to_france,2017-05-25,2017-05-28,4,1558.45065,-0.001995011108087783,-64.38709685712398,224372.0,-0.000286965828432799,336.18806575864426,80.69452206540919,-1.2801246597624269e-06,0.0001537600723725
FR,atlantic_to_france,2017-06-17,2017-06-19,3,1777.9595,-0.0022760098000088745,-55.09204792651457,140022.0,-0.00039345279974942914,336.18806575864426,80.69452206540919,-1.2801246597624269e-06,0.0001537600723725
FR,atlantic_to_france,2018-08-02,2018-08-06,5,2028.0523399999997,-0.002596159811722893,-104.73575346041345,202379.0,-0.0005175228332011397,336.18806575864426,80.69452206540919,-1.2801246597624269e-06,0.0001537600723725
FR,atlantic_to_france,2019-07-23,2019-07-25,3,1312.9064666666666,-0.0016806839439415565,-40.68186366710316,148077.84210526317,-0.0002747329586163465,336.18806575864426,80.69452206540919,-1.2801246597624269e-06,0.0001537600723725
FR,atlantic_to_france,2019-08-24,2019-08-26,3,1558.0133333333333,-0.0019944512882386577,-48.27677190068093,73101.0,-0.0006604119218708489,336.18806575864426,80.69452206540919,-1.2801246597624269e-06,0.0001537600723725
FR,atlantic_to_france,2020-05-04,2020-05-07,4,1948.352475,-0.0024941340491566573,-80.49581776596018,242068.0,-0.0003325339068607176,336.18806575864426,80.69452206540919,-1.2801246597624269e-06,0.0001537600723725
FR,atlantic_to_france,2020-05-28,2020-06-02,6,1932.1107999999997,-0.00247334268047331,-119.73719400575364,480105.0,-0.0002493979317144242,336.18806575864426,80.69452206540919,-1.2801246597624269e-06,0.0001537600723725
FR,atlantic_to_france,2020-09-13,2020-09-17,5,1623.11394,-0.002077788180198152,-83.82331072283881,303291.0,-0.00027637915639711964,336.18806575864426,80.69452206540919,-1.2801246597624269e-06,0.0001537600723725
FR,atlantic_to_france,2015-06-30,2015-07-03,4,1483.3982,-0.0018989346160671965,-61.28631893546539,147530.0,-0.0004154159759741435,336.18806575864426,80.69452206540919,-1.2801246597624269e-06,0.0001537600723725
FR,atlantic_to_france,2016-08-23,2016-08-27,5,1309.087,-0.001675794550474416,-67.60585542394448,145371.0,-0.0004650573733684468,336.18806575864426,80.69452206540919,-1.2801246597624269e-06,0.0001537600723725
FR,atlantic_to_france,2017-05-15,2017-05-17,3,1219.3884666666665,-0.0015609692460098938,-37.78410466978528,89859.0,-0.0004204821405734014,336.18806575864426,80.69452206540919,-1.2801246597624269e-06,0.0001537600723725
FR,atlantic_to_france,2017-05-26,2017-05-28,3,1447.3301,-0.001852762951826419,-44.847129102033605,157355.0,-0.0002850060633728423,336.18806575864426,80.69452206540919,-1.2801246597624269e-06,0.0001537600723725
FR,atlantic_to_france,2017-06-14,2017-06-22,9,1587.0709777777777,-0.0020316486954465997,-147.5314657682253,348027.0,-0.00042390810416497945,336.18806575864426,80.69452206540919,-1.2801246597624269e-06,0.0001537600723725
FR,atlantic_to_france,2017-07-05,2017-07-07,3,1402.845,-0.0017958164783244217,-43.46870891798791,107943.0,-0.0004027005819551792,336.18806575864426,80.69452206540919,-1.2801246597624269e-06,0.0001537600723725
FR,atlantic_to_france,2018-05-06,2018-05-08,3,1872.2201666666667,-0.002396675203854521,-58.01281927456002,119869.0,-0.0004839684928927414,336.18806575864426,80.69452206540919,-1.2801246597624269e-06,0.0001537600723725
FR,atlantic_to_france,2018-08-02,2018-08-06,5,2028.0523399999997,-0.002596159811722893,-104.73575346041345,202379.0,-0.0005175228332011397,336.18806575864426,80.69452206540919,-1.2801246597624269e-06,0.0001537600723725
FR,atlantic_to_france,2018-09-12,2018-09-17,6,1562.8883166666667,-0.0020006918746195887,-96.85565733706497,190967.0,-0.0005071853112687793,336.18806575864426,80.69452206540919,-1.2801246597624269e-06,0.0001537600723725
FR,atlantic_to_france,2019-06-26,2019-06-29,4,1769.973475,-0.0022657866924728955,-73.12612277415732,300123.0,-0.00024365384450427766,336.18806575864426,80.69452206540919,-1.2801246597624269e-06,0.0001537600723725
FR,atlantic_to_france,2019-07-23,2019-07-25,3,1312.9064666666666,-0.0016806839439415565,-40.68186366710316,148077.84210526317,-0.0002747329586163465,336.18806575864426,80.69452206540919,-1.2801246597624269e-06,0.0001537600723725
FR,atlantic_to_france,2019-08-24,2019-08-26,3,1558.0133333333333,-0.0019944512882386577,-48.27677190068093,73101.0,-0.0006604119218708489,336.18806575864426,80.69452206540919,-1.2801246597624269e-06,0.0001537600723725
FR,atlantic_to_france,2019-09-15,2019-09-21,7,1835.2000999999998,-0.0023492849036084716,-132.68666000689933,639476.0,-0.00020749279098339785,336.18806575864426,80.69452206540919,-1.2801246597624269e-06,0.0001537600723725
FR,atlantic_to_france,2020-08-06,2020-08-11,6,1623.81375,-0.0020786840242363004,-100.6313416461211,194096.0,-0.0005184616975420467,336.18806575864426,80.69452206540919,-1.2801246597624269e-06,0.0001537600723725
FR,atlantic_to_france,2020-09-13,2020-09-18,6,1643.2505833333335,-0.002103565593893993,-101.83588534190235,421737.0,-0.0002414677520395468,336.18806575864426,80.69452206540919,-1.2801246597624269e-06,0.0001537600723725
FR,atlantic_to_france,2015-05-11,2015-05-13,3,1415.8101333333334,-0.0018124134652215296,-43.87044796039785,87244.5,-0.000502844855095712,336.18806575864426,80.69452206540919,-1.2801246597624269e-06,0.0001537600723725
FR,atlantic_to_france,2015-06-30,2015-07-10,11,1448.2721181818183,-0.0018539688525309095,-164.54650146241286,428149.0,-0.0003843206487984624,336.18806575864426,80.69452206540919,-1.2801246597624269e-06,0.0001537600723725
FR,atlantic_to_france,2016-08-23,2016-08-27,5,1309.087,-0.001675794550474416,-67.60585542394448,145371.0,-0.0004650573733684468,336.18806575864426,80.69452206540919,-1.2801246597624269e-06,0.0001537600723725
FR,atlantic_to_france,2017-05-26,2017-05-28,3,1447.3301,-0.001852762951826419,-44.847129102033605,157355.0,-0.0002850060633728423,336.18806575864426,80.69452206540919,-1.2801246597624269e-06,0.0001537600723725
FR,atlantic_to_france,2017-06-19,2017-06-22,4,1501.25115,-0.001921788617611702,-62.023910222578266,121730.0,-0.0005095203337104926,336.18806575864426,80.69452206540919,-1.2801246597624269e-06,0.0001537600723725
FR,atlantic_to_france,2017-07-05,2017-07-07,3,1402.845,-0.0017958164783244217,-43.46870891798791,107943.0,-0.0004027005819551792,336.18806575864426,80.69452206540919,-1.2801246597624269e-06,0.0001537600723725
FR,atlantic_to_france,2018-08-03,2018-08-06,4,2044.2491,-0.0026168936836071474,-84.45776887563845,164645.0,-0.0005129689263302162,336.18806575864426,80.69452206540919,-1.2801246597624269e-06,0.0001537600723725
FR,atlantic_to_france,2018-09-12,2018-09-17,6,1562.8883166666667,-0.0020006918746195887,-96.85565733706497,190967.0,-0.0005071853112687793,336.18806575864426,80.69452206540919,-1.2801246597624269e-06,0.0001537600723725
FR,atlantic_to_france,2019-06-26,2019-06-29,4,1769.973475,-0.0022657866924728955,-73.12612277415732,300123.0,-0.00024365384450427766,336.18806575864426,80.69452206540919,-1.2801246597624269e-06,0.0001537600723725
FR,atlantic_to_france,2019-07-22,2019-07-25,4,1388.2004749999999,-0.001777069660741414,-57.35324274845051,173070.84210526317,-0.000331385934515577,336.18806575864426,80.69452206540919,-1.2801246597624269e-06,0.0001537600723725
FR,atlantic_to_france,2019-09-15,2019-09-21,7,1835.2000999999998,-0.0023492849036084716,-132.68666000689933,639476.0,-0.00020749279098339785,336.18806575864426,80.69452206540919,-1.2801246597624269e-06,0.0001537600723725
FR,atlantic_to_france,2020-08-06,2020-08-10,5,1650.43234,-0.002112759137703406,-85.23412895020911,169471.0,-0.0005029422671147814,336.18806575864426,80.69452206540919,-1.2801246597624269e-06,0.0001537600723725
FR,atlantic_to_france,2020-09-13,2020-09-18,6,1643.2505833333335,-0.002103565593893993,-101.83588534190235,421737.0,-0.0002414677520395468,336.18806575864426,80.69452206540919,-1.2801246597624269e-06,0.0001537600723725
FR,atlantic_to_france,2015-05-11,2015-05-13,3,1415.8101333333334,-0.0018124134652215296,-43.87044796039785,87244.5,-0.000502844855095712,336.18806575864426,80.69452206540919,-1.2801246597624269e-06,0.0001537600723725
FR,atlantic_to_france,2015-06-30,2015-07-06,7,1453.6201714285714,-0.0018608150273738005,-105.09807920428601,222950.0,-0.00047139752951014133,336.18806575864426,80.69452206540919,-1.2801246597624269e-06,0.0001537600723725
FR,atlantic_to_france,2016-08-24,2016-08-27,4,1292.344875,-0.001654362543405091,-53.39298657896724,104944.0,-0.0005087759812754158,336.18806575864426,80.69452206540919,-1.2801246597624269e-06,0.0001537600723725
FR,atlantic_to_france,2017-06-19,2017-06-22,4,1501.25115,-0.001921788617611702,-62.023910222578266,121730.0,-0.0005095203337104926,336.18806575864426,80.69452206540919,-1.2801246597624269e-06,0.0001537600723725
FR,atlantic_to_france,2017-07-05,2017-07-07,3,1402.845,-0.0017958164783244217,-43.46870891798791,107943.0,-0.0004027005819551792,336.18806575864426,80.69452206540919,-1.2801246597624269e-06,0.0001537600723725
FR,atlantic_to_france,2018-08-03,2018-08-07,5,1890.97598,-0.0024206849830164215,-97.65664827015449,223847.0,-0.0004362651644657042,336.18806575864426,80.69452206540919,-1.2801246597624269e-06,0.0001537600723725
FR,atlantic_to_france,2018-09-11,2018-09-20,10,1437.3725200000001,-0.0018400160081168623,-148.46194145609996,423133.0,-0.0003508635380745533,336.18806575864426,80.69452206540919,-1.2801246597624269e-06,0.0001537600723725
FR,atlantic_to_france,2019-06-01,2019-06-04,4,1277.3523,-0.0016351701784342535,-52.77357114950678,194191.0,-0.0002717611585990431,336.18806575864426,80.69452206540919,-1.2801246597624269e-06,0.0001537600723725
FR,atlantic_to_france,2019-06-26,2019-06-29,4,1769.973475,-0.0022657866924728955,-73.12612277415732,300123.0,-0.00024365384450427766,336.18806575864426,80.69452206540919,-1.2801246597624269e-06,0.0001537600723725
FR,atlantic_to_france,2019-07-22,2019-07-25,4,1388.2004749999999,-0.001777069660741414,-57.35324274845051,173070.84210526317,-0.000331385934515577,336.18806575864426,80.69452206540919,-1.2801246597624269e-06,0.0001537600723725
FR,atlantic_to_france,2019-09-15,2019-09-21,7,1835.2000999999998,-0.0023492849036084716,-132.68666000689933,639476.0,-0.00020749279098339785,336.18806575864426,80.69452206540919,-1.2801246597624269e-06,0.0001537600723725
FR,atlantic_to_france,2020-08-07,2020-08-09,3,1620.3114333333333,-0.0020742006223050035,-50.20714765498286,105970.0,-0.00047378642686593243,336.18806575864426,80.69452206540919,-1.2801246597624269e-06,0.0001537600723725
FR,atlantic_to_france,2020-09-13,2020-09-18,6,1643.2505833333335,-0.002103565593893993,-101.83588534190235,421737.0,-0.0002414677520395468,336.18806575864426,80.69452206540919,-1.2801246597624269e-06,0.0001537600723725
FR,atlantic_to_france,2015-05-11,2015-05-13,3,1415.8101333333334,-0.0018124134652215296,-43.87044796039785,87244.5,-0.000502844855095712,336.18806575864426,80.69452206540919,-1.2801246597624269e-06,0.0001537600723725
FR,atlantic_to_france,2015-06-30,2015-07-07,8,1422.4389875000002,-0.0018208992249062487,-117.53560096562809,274120.0,-0.0004287742629710641,336.18806575864426,80.69452206540919,-1.2801246597624269e-06,0.0001537600723725
FR,atlantic_to_france,2015-07-16,2015-07-21,6,1321.8616166666668,-0.0016921476522884283,-81.91869785292637,183639.0,-0.0004460855148030994,336.18806575864426,80.69452206540919,-1.2801246597624269e-06,0.0001537600723725
FR,atlantic_to_france,2015-08-29,2015-08-31,3,1358.0715666666667,-0.0017385009022121928,-42.08135440567501,106364.0,-0.00039563531275314026,336.18806575864426,80.69452206540919,-1.2801246597624269e-06,0.0001537600723725
FR,atlantic_to_france,2016-08-25,2016-08-27,3,1310.7413666666669,-0.0016779123460407054,-40.61477564121411,72258.0,-0.0005620799861775044,336.18806575864426,80.69452206540919,-1.2801246597624269e-06,0.0001537600723725
FR,atlantic_to_france,2017-05-27,2017-05-29,3,1334.6953999999998,-0.001708576494811476,-41.357017943377514,117868.0,-0.0003508757079391991,336.18806575864426,80.69452206540919,-1.2801246597624269e-06,0.0001537600723725
FR,atlantic_to_france,2017-06-19,2017-06-22,4,1501.25115,-0.001921788617611702,-62.023910222578266,121730.0,-0.0005095203337104926,336.18806575864426,80.69452206540919,-1.2801246597624269e-06,0.0001537600723725
FR,atlantic_to_france,2018-08-03,2018-08-07,5,1890.97598,-0.0024206849830164215,-97.65664827015449,223847.0,-0.0004362651644657042,336.18806575864426,80.69452206540919,-1.2801246597624269e-06,0.0001537600723725
FR,atlantic_to_france,2018-09-11,2018-09-27,17,1471.419211764706,-0.0018836000178281925,-258.36348943589604,1038209.0,-0.0002488549891552626,336.18806575864426,80.69452206540919,-1.2801246597624269e-06,0.0001537600723725
FR,atlantic_to_france,2019-06-02,2019-06-04,3,1251.0001666666667,-0.001601436162716906,-38.76362827054143,169317.0,-0.00022894114749577083,336.18806575864426,80.69452206540919,-1.2801246597624269e-06,0.0001537600723725
FR,atlantic_to_france,2019-06-26,2019-07-05,10,1838.6979000000003,-0.002353762523643389,-189.91364881892548,645296.0,-0.00029430470484696243,336.18806575864426,80.69452206540919,-1.2801246597624269e-06,0.0001537600723725
FR,atlantic_to_france,2019-07-23,2019-07-25,3,1312.9064666666666,-0.0016806839439415565,-40.68186366710316,148077.84210526317,-0.0002747329586163465,336.18806575864426,80.69452206540919,-1.2801246597624269e-06,0.0001537600723725
FR,atlantic_to_france,2019-09-15,2019-09-21,7,1835.2000999999998,-0.0023492849036084716,-132.68666000689933,639476.0,-0.00020749279098339785,336.18806575864426,80.69452206540919,-1.2801246597624269e-06,0.0001537600723725
FR,atlantic_to_france,2020-07-27,2020-07-31,5,1517.1482600000002,-0.0019421389001416582,-78.35087043278938,341917.0,-0.00022915172522217198,336.18806575864426,80.69452206540919,-1.2801246597624269e-06,0.0001537600723725
FR,atlantic_to_france,2020-09-12,2020-09-19,8,1630.5047749999999,-0.0020872493703378873,-134.72799908540975,519701.0,-0.0002592413697210699,336.18806575864426,80.69452206540919,-1.2801246597624269e-06,0.0001537600723725
FR,atlantic_to_france,2015-05-11,2015-05-13,3,1415.8101333333334,-0.0018124134652215296,-43.87044796039785,87244.5,-0.000502844855095712,336.18806575864426,80.69452206540919,-1.2801246597624269e-06,0.0001537600723725
FR,atlantic_to_france,2015-06-04,2015-06-06,3,1535.1425333333334,-0.0019651738131701633,-47.56809478530359,85963.0,-0.0005533554527564603,336.18806575864426,80.69452206540919,-1.2801246597624269e-06,0.0001537600723725
FR,atlantic_to_france,2015-07-01,2015-07-07,7,1396.4638571428573,-0.0017876478199955264,-100.96562496080813,241029.0,-0.00041889409556861677,336.18806575864426,80.69452206540919,-1.2801246597624269e-06,0.0001537600723725
FR,atlantic_to_france,2015-07-16,2015-07-21,6,1321.8616166666668,-0.0016921476522884283,-81.91869785292637,183639.0,-0.0004460855148030994,336.18806575864426,80.69452206540919,-1.2801246597624269e-06,0.0001537600723725
FR,atlantic_to_france,2015-08-29,2015-08-31,3,1358.0715666666667,-0.0017385009022121928,-42.08135440567501,106364.0,-0.00039563531275314026,336.18806575864426,80.69452206540919,-1.2801246597624269e-06,0.0001537600723725
FR,atlantic_to_france,2016-08-25,2016-08-28,4,1279.8342,-0.0016383473198273177,-52.87611038338607,123547.0,-0.0004279837663673426,336.18806575864426,80.69452206540919,-1.2801246597624269e-06,0.0001537600723725
FR,atlantic_to_france,2016-09-03,2016-09-13,11,1399.302472727273,-0.0017912816018047228,-158.9827791921008,371254.5,-0.00042823125158644753,336.18806575864426,80.69452206540919,-1.2801246597624269e-06,0.0001537600723725
FR,atlantic_to_france,2017-05-27,2017-05-29,3,1334.6953999999998,-0.001708576494811476,-41.357017943377514,117868.0,-0.0003508757079391991,336.18806575864426,80.69452206540919,-1.2801246597624269e-06,0.0001537600723725
FR,atlantic_to_france,2018-08-03,2018-08-05,3,2064.1076,-0.0026423150391630392,-63.9586643141663,141555.0,-0.00045182907219219596,336.18806575864426,80.69452206540919,-1.2801246597624269e-06,0.0001537600723725
FR,atlantic_to_france,2018-09-10,2018-09-23,14,1386.2421857142856,-0.001774562806335823,-200.45317737623535,840459.0,-0.00023850440934802927,336.18806575864426,80.69452206540919,-1.2801246597624269e-06,0.0001537600723725
FR,atlantic_to_france,2019-06-02,2019-06-04,3,1251.0001666666667,-0.001601436162716906,-38.76362827054143,169317.0,-0.00022894114749577083,336.18806575864426,80.69452206540919,-1.2801246597624269e-06,0.0001537600723725
FR,atlantic_to_france,2019-06-25,2019-06-30,6,1585.0256833333335,-0.002029030463591792,-98.22755907652171,403216.0,-0.00024361027111156729,336.18806575864426,80.69452206540919,-1.2801246597624269e-06,0.0001537600723725
FR,atlantic_to_france,2019-07-23,2019-07-26,4,1346.0142,-0.0017230659698103954,-55.61032469424954,209869.84210526317,-0.0002649753015316865,336.18806575864426,80.69452206540919,-1.2801246597624269e-06,0.0001537600723725
FR,atlantic_to_france,2020-07-27,2020-08-01,6,1514.411616666667,-0.0019386356555256838,-93.85144865883663,396936.0,-0.00023643975013311122,336.18806575864426,80.69452206540919,-1.2801246597624269e-06,0.0001537600723725
FR,atlantic_to_france,2020-08-08,2020-08-12,5,1612.6955400000002,-0.0020644513294428833,-83.28526791579176,171337.0,-0.000486090382788258,336.18806575864426,80.69452206540919,-1.2801246597624269e-06,0.0001537600723725
FR,atlantic_to_france,2020-09-12,2020-09-18,7,1655.1590571428571,-0.0021188099248776993,-119.66952653961515,450118.0,-0.00026586256612624946,336.18806575864426,80.69452206540919,-1.2801246597624269e-06,0.0001537600723725
FR,atlantic_to_france,2015-05-11,2015-05-13,3,1415.8101333333334,-0.0018124134652215296,-43.87044796039785,87244.5,-0.000502844855095712,336.18806575864426,80.69452206540919,-1.2801246597624269e-06,0.0001537600723725
FR,atlantic_to_france,2015-06-04,2015-06-06,3,1535.1425333333334,-0.0019651738131701633,-47.56809478530359,85963.0,-0.0005533554527564603,336.18806575864426,80.69452206540919,-1.2801246597624269e-06,0.0001537600723725
FR,atlantic_to_france,2015-07-02,2015-07-22,21,1416.9098285714285,-0.0018138212122140386,-307.3316626629835,760224.0,-0.00040426461498582457,336.18806575864426,80.69452206540919,-1.2801246597624269e-06,0.0001537600723725
FR,atlantic_to_france,2015-08-28,2015-08-31,4,1406.528,-0.0018005311774463267,-58.11044101284622,122688.0,-0.00047364404842239035,336.18806575864426,80.69452206540919,-1.2801246597624269e-06,0.0001537600723725
FR,atlantic_to_france,2016-08-25,2016-08-28,4,1279.8342,-0.0016383473198273177,-52.87611038338607,123547.0,-0.0004279837663673426,336.18806575864426,80.69452206540919,-1.2801246597624269e-06,0.0001537600723725
FR,atlantic_to_france,2017-05-27,2017-05-29,3,1334.6953999999998,-0.001708576494811476,-41.357017943377514,117868.0,-0.0003508757079391991,336.18806575864426,80.69452206540919,-1.2801246597624269e-06,0.0001537600723725
FR,atlantic_to_france,2017-06-11,2017-06-13,3,1536.8855333333333,-0.001967405070452129,-47.62210357433163,103864.0,-0.00045850442477019595,336.18806575864426,80.69452206540919,-1.2801246597624269e-06,0.0001537600723725
FR,atlantic_to_france,2017-06-20,2017-06-23,4,1413.1311500000002,-0.0018089840325934373,-58.38324891896256,134962.0,-0.0004325902766627833,336.18806575864426,80.69452206540919,-1.2801246597624269e-06,0.0001537600723725
FR,atlantic_to_france,2018-08-03,2018-08-06,4,2044.2491,-0.0026168936836071474,-84.45776887563845,164645.0,-0.0005129689263302162,336.18806575864426,80.69452206540919,-1.2801246597624269e-06,0.0001537600723725
FR,atlantic_to_france,2018-09-20,2018-09-28,9,1560.8245111111112,-0.0019980499462349676,-145.09163809020174,780108.0,-0.00018598916828208625,336.18806575864426,80.69452206540919,-1.2801246597624269e-06,0.0001537600723725
FR,atlantic_to_france,2019-06-25,2019-07-01,7,1603.6990142857144,-0.0020529346550238396,-115.9489179746275,450779.0,-0.00025721898751855676,336.18806575864426,80.69452206540919,-1.2801246597624269e-06,0.0001537600723725
FR,atlantic_to_france,2019-07-22,2019-07-26,5,1399.6278599999998,-0.0017916981380765133,-72.28170377559688,234862.84210526317,-0.0003077613432915921,336.18806575864426,80.69452206540919,-1.2801246597624269e-06,0.0001537600723725
FR,atlantic_to_france,2019-09-13,2019-09-16,4,1821.256575,-0.002331435453411958,-75.24487445027461,148805.0,-0.0005056609283980687,336.18806575864426,80.69452206540919,-1.2801246597624269e-06,0.0001537600723725
FR,atlantic_to_france,2020-09-13,2020-09-18,6,1643.2505833333335,-0.002103565593893993,-101.83588534190235,421737.0,-0.0002414677520395468,336.18806575864426,80.69452206540919,-1.2801246597624269e-06,0.0001537600723725
FR,atlantic_to_france,2017-05-24,2017-05-26,3,1791.0722666666668,-0.0022927957759765853,-55.49836155157138,175546.0,-0.0003161471155797989,336.18806575864426,80.69452206540919,-1.2801246597624269e-06,0.0001537600723725
FR,atlantic_to_france,2017-06-18,2017-06-20,3,1728.1566333333333,-0.0022122559222620144,-53.548850841722796,115872.0,-0.0004621379698436447,336.18806575864426,80.69452206540919,-1.2801246597624269e-06,0.0001537600723725
FR,atlantic_to_france,2017-08-22,2017-08-28,7,1540.7746714285713,-0.001972383652033065,-111.39942994504244,190987.0,-0.0005832827885931631,336.18806575864426,80.69452206540919,-1.2801246597624269e-06,0.0001537600723725
FR,atlantic_to_france,2018-06-26,2018-06-30,5,1932.7948000000001,-0.002474218285740588,-99.81631916973562,343607.0,-0.0002904955928422169,336.18806575864426,80.69452206540919,-1.2801246597624269e-06,0.0001537600723725
FR,atlantic_to_france,2018-08-03,2018-08-05,3,2064.1076,-0.0026423150391630392,-63.9586643141663,141555.0,-0.00045182907219219596,336.18806575864426,80.69452206540919,-1.2801246597624269e-06,0.0001537600723725
FR,atlantic_to_france,2019-07-23,2019-07-25,3,1312.9064666666666,-0.0016806839439415565,-40.68186366710316,148077.84210526317,-0.0002747329586163465,336.18806575864426,80.69452206540919,-1.2801246597624269e-06,0.0001537600723725
FR,atlantic_to_france,2020-05-04,2020-05-09,6,1846.9610999999998,-0.0023643404497319374,-114.46027813300364,332524.0,-0.0003442165922850791,336.18806575864426,80.69452206540919,-1.2801246597624269e-06,0.0001537600723725
FR,atlantic_to_france,2020-05-26,2020-06-02,8,1970.7485374999999,-0.002522803801044488,-162.8422137910468,644152.0,-0.0002528009131246147,336.18806575864426,80.69452206540919,-1.2801246597624269e-06,0.0001537600723725
FR,atlantic_to_france,2020-08-06,2020-08-11,6,1623.81375,-0.0020786840242363004,-100.6313416461211,194096.0,-0.0005184616975420467,336.18806575864426,80.69452206540919,-1.2801246597624269e-06,0.0001537600723725
FR,atlantic_to_france,2020-09-14,2020-09-18,5,1647.5750400000002,-0.002109101437513067,-85.08656793195529,391808.0,-0.000217163937265077,336.18806575864426,80.69452206540919,-1.2801246597624269e-06,0.0001537600723725
FR,atlantic_to_france,2016-08-23,2016-08-27,5,1309.087,-0.001675794550474416,-67.60585542394448,145371.0,-0.0004650573733684468,336.18806575864426,80.69452206540919,-1.2801246597624269e-06,0.0001537600723725
FR,atlantic_to_france,2017-05-24,2017-05-26,3,1791.0722666666668,-0.0022927957759765853,-55.49836155157138,175546.0,-0.0003161471155797989,336.18806575864426,80.69452206540919,-1.2801246597624269e-06,0.0001537600723725
FR,atlantic_to_france,2017-06-18,2017-06-21,4,1685.874125,-0.0021581290406679043,-69.65157387261132,133340.0,-0.0005223606860102844,336.18806575864426,80.69452206540919,-1.2801246597624269e-06,0.0001537600723725
FR,atlantic_to_france,2017-08-22,2017-08-28,7,1540.7746714285713,-0.001972383652033065,-111.39942994504244,190987.0,-0.0005832827885931631,336.18806575864426,80.69452206540919,-1.2801246597624269e-06,0.0001537600723725
FR,atlantic_to_france,2018-08-03,2018-08-06,4,2044.2491,-0.0026168936836071474,-84.45776887563845,164645.0,-0.0005129689263302162,336.18806575864426,80.69452206540919,-1.2801246597624269e-06,0.0001537600723725
FR,atlantic_to_france,2019-07-23,2019-07-25,3,1312.9064666666666,-0.0016806839439415565,-40.68186366710316,148077.84210526317,-0.0002747329586163465,336.18806575864426,80.69452206540919,-1.2801246597624269e-06,0.0001537600723725
FR,atlantic_to_france,2020-05-27,2020-06-02,7,1957.1635428571426,-0.0025054133143994255,-141.5047294237747,559414.0,-0.000252951712727559,336.18806575864426,80.69452206540919,-1.2801246597624269e-06,0.0001537600723725
FR,atlantic_to_france,2020-08-06,2020-08-11,6,1623.81375,-0.0020786840242363004,-100.6313416461211,194096.0,-0.0005184616975420467,336.18806575864426,80.69452206540919,-1.2801246597624269e-06,0.0001537600723725
FR,atlantic_to_france,2020-09-14,2020-09-18,5,1647.5750400000002,-0.002109101437513067,-85.08656793195529,391808.0,-0.000217163937265077,336.18806575864426,80.69452206540919,-1.2801246597624269e-06,0.0001537600723725
FR,atlantic_to_france,2015-06-30,2015-07-03,4,1483.3982,-0.0018989346160671965,-61.28631893546539,147530.0,-0.0004154159759741435,336.18806575864426,80.69452206540919,-1.2801246597624269e-06,0.0001537600723725
FR,atlantic_to_france,2016-08-15,2016-08-17,3,1777.5983666666664,-0.002275547504323412,-55.08085780946866,87631.0,-0.0006285544819694932,336.18806575864426,80.69452206540919,-1.2801246597624269e-06,0.0001537600723725
FR,atlantic_to_france,2016-08-23,2016-08-27,5,1309.087,-0.001675794550474416,-67.60585542394448,145371.0,-0.0004650573733684468,336.18806575864426,80.69452206540919,-1.2801246597624269e-06,0.0001537600723725
FR,atlantic_to_france,2017-05-25,2017-05-28,4,1558.45065,-0.001995011108087783,-64.38709685712398,224372.0,-0.000286965828432799,336.18806575864426,80.69452206540919,-1.2801246597624269e-06,0.0001537600723725
FR,atlantic_to_france,2017-06-14,2017-06-21,8,1645.4329125,-0.0021063592472759613,-135.96150549783155,301665.0,-0.00045070361327244313,336.18806575864426,80.69452206540919,-1.2801246597624269e-06,0.0001537600723725
FR,atlantic_to_france,2018-08-03,2018-08-06,4,2044.2491,-0.0026168936836071474,-84.45776887563845,164645.0,-0.0005129689263302162,336.18806575864426,80.69452206540919,-1.2801246597624269e-06,0.0001537600723725
FR,atlantic_to_france,2019-06-26,2019-06-29,4,1769.973475,-0.0022657866924728955,-73.12612277415732,300123.0,-0.00024365384450427766,336.18806575864426,80.69452206540919,-1.2801246597624269e-06,0.0001537600723725
FR,atlantic_to_france,2019-07-23,2019-07-25,3,1312.9064666666666,-0.0016806839439415565,-40.68186366710316,148077.84210526317,-0.0002747329586163465,336.18806575864426,80.69452206540919,-1.2801246597624269e-06,0.0001537600723725
FR,atlantic_to_france,2020-08-06,2020-08-11,6,1623.81375,-0.0020786840242363004,-100.6313416461211,194096.0,-0.0005184616975420467,336.18806575864426,80.69452206540919,-1.2801246597624269e-06,0.0001537600723725
FR,atlantic_to_france,2020-09-13,2020-09-18,6,1643.2505833333335,-0.002103565593893993,-101.83588534190235,421737.0,-0.0002414677520395468,336.18806575864426,80.69452206540919,-1.2801246597624269e-06,0.0001537600723725
FR,atlantic_to_france,2015-06-30,2015-07-03,4,1483.3982,-0.0018989346160671965,-61.28631893546539,147530.0,-0.0004154159759741435,336.18806575864426,80.69452206540919,-1.2801246597624269e-06,0.0001537600723725
FR,atlantic_to_france,2016-08-23,2016-08-27,5,1309.087,-0.001675794550474416,-67.60585542394448,145371.0,-0.0004650573733684468,336.18806575864426,80.69452206540919,-1.2801246597624269e-06,0.0001537600723725
FR,atlantic_to_france,2016-09-07,2016-09-13,7,1392.8893571428573,-0.0017830720143992057,-100.70718531371206,246204.0,-0.00040903959851875706,336.18806575864426,80.69452206540919,-1.2801246597624269e-06,0.0001537600723725
FR,atlantic_to_france,2017-05-26,2017-05-28,3,1447.3301,-0.001852762951826419,-44.847129102033605,157355.0,-0.0002850060633728423,336.18806575864426,80.69452206540919,-1.2801246597624269e-06,0.0001537600723725
FR,atlantic_to_france,2017-06-14,2017-06-21,8,1645.4329125,-0.0021063592472759613,-135.96150549783155,301665.0,-0.00045070361327244313,336.18806575864426,80.69452206540919,-1.2801246597624269e-06,0.0001537600723725
FR,atlantic_to_france,2017-07-05,2017-07-07,3,1402.845,-0.0017958164783244217,-43.46870891798791,107943.0,-0.0004027005819551792,336.18806575864426,80.69452206540919,-1.2801246597624269e-06,0.0001537600723725
FR,atlantic_to_france,2018-05-06,2018-05-08,3,1872.2201666666667,-0.002396675203854521,-58.01281927456002,119869.0,-0.0004839684928927414,336.18806575864426,80.69452206540919,-1.2801246597624269e-06,0.0001537600723725
FR,atlantic_to_france,2018-08-03,2018-08-07,5,1890.97598,-0.0024206849830164215,-97.65664827015449,223847.0,-0.0004362651644657042,336.18806575864426,80.69452206540919,-1.2801246597624269e-06,0.0001537600723725
FR,atlantic_to_france,2019-06-26,2019-06-29,4,1769.973475,-0.0022657866924728955,-73.12612277415732,300123.0,-0.00024365384450427766,336.18806575864426,80.69452206540919,-1.2801246597624269e-06,0.0001537600723725
FR,atlantic_to_france,2019-07-23,2019-07-25,3,1312.9064666666666,-0.0016806839439415565,-40.68186366710316,148077.84210526317,-0.0002747329586163465,336.18806575864426,80.69452206540919,-1.2801246597624269e-06,0.0001537600723725
FR,atlantic_to_france,2020-08-06,2020-08-11,6,1623.81375,-0.0020786840242363004,-100.6313416461211,194096.0,-0.0005184616975420467,336.18806575864426,80.69452206540919,-1.2801246597624269e-06,0.0001537600723725
FR,atlantic_to_france,2020-09-13,2020-09-18,6,1643.2505833333335,-0.002103565593893993,-101.83588534190235,421737.0,-0.0002414677520395468,336.18806575864426,80.69452206540919,-1.2801246597624269e-06,0.0001537600723725
FR,atlantic_to_france,2015-06-30,2015-07-03,4,1483.3982,-0.0018989346160671965,-61.28631893546539,147530.0,-0.0004154159759741435,336.18806575864426,80.69452206540919,-1.2801246597624269e-06,0.0001537600723725
FR,atlantic_to_france,2016-08-23,2016-08-27,5,1309.087,-0.001675794550474416,-67.60585542394448,145371.0,-0.0004650573733684468,336.18806575864426,80.69452206540919,-1.2801246597624269e-06,0.0001537600723725
FR,atlantic_to_france,2017-05-26,2017-06-02,8,1534.477075,-0.001964321943547619,-126.79326618787869,277935.0,-0.0004561975504628013,336.18806575864426,80.69452206540919,-1.2801246597624269e-06,0.0001537600723725
FR,atlantic_to_france,2017-06-19,2017-06-22,4,1501.25115,-0.001921788617611702,-62.023910222578266,121730.0,-0.0005095203337104926,336.18806575864426,80.69452206540919,-1.2801246597624269e-06,0.0001537600723725
FR,atlantic_to_france,2017-07-05,2017-07-07,3,1402.845,-0.0017958164783244217,-43.46870891798791,107943.0,-0.0004027005819551792,336.18806575864426,80.69452206540919,-1.2801246597624269e-06,0.0001537600723725
FR,atlantic_to_france,2018-05-06,2018-05-08,3,1872.2201666666667,-0.002396675203854521,-58.01281927456002,119869.0,-0.0004839684928927414,336.18806575864426,80.69452206540919,-1.2801246597624269e-06,0.0001537600723725
FR,atlantic_to_france,2018-08-03,2018-08-07,5,1890.97598,-0.0024206849830164215,-97.65664827015449,223847.0,-0.0004362651644657042,336.18806575864426,80.69452206540919,-1.2801246597624269e-06,0.0001537600723725
FR,atlantic_to_france,2018-09-12,2018-09-17,6,1562.8883166666667,-0.0020006918746195887,-96.85565733706497,190967.0,-0.0005071853112687793,336.18806575864426,80.69452206540919,-1.2801246597624269e-06,0.0001537600723725
FR,atlantic_to_france,2019-06-26,2019-06-29,4,1769.973475,-0.0022657866924728955,-73.12612277415732,300123.0,-0.00024365384450427766,336.18806575864426,80.69452206540919,-1.2801246597624269e-06,0.0001537600723725
FR,atlantic_to_france,2019-07-23,2019-07-25,3,1312.9064666666666,-0.0016806839439415565,-40.68186366710316,148077.84210526317,-0.0002747329586163465,336.18806575864426,80.69452206540919,-1.2801246597624269e-06,0.0001537600723725
FR,atlantic_to_france,2019-08-25,2019-08-27,3,1436.0460333333333,-0.001838317939824016,-44.49747977559733,74709.0,-0.0005956106998567419,336.18806575864426,80.69452206540919,-1.2801246597624269e-06,0.0001537600723725
FR,atlantic_to_france,2020-08-06,2020-08-12,7,1616.5519571428572,-0.0020693880241257853,-116.87819759867165,235330.0,-0.0004966565996629059,336.18806575864426,80.69452206540919,-1.2801246597624269e-06,0.0001537600723725
FR,atlantic_to_france,2020-09-14,2020-09-19,6,1615.966666666667,-0.00206863877935409,-100.14504047774992,461391.0,-0.00021705026859594121,336.18806575864426,80.69452206540919,-1.2801246597624269e-06,0.0001537600723725
FR,atlantic_to_france,2015-06-30,2015-07-03,4,1483.3982,-0.0018989346160671965,-61.28631893546539,147530.0,-0.0004154159759741435,336.18806575864426,80.69452206540919,-1.2801246597624269e-06,0.0001537600723725
FR,atlantic_to_france,2016-08-24,2016-08-27,4,1292.344875,-0.001654362543405091,-53.39298657896724,104944.0,-0.0005087759812754158,336.18806575864426,80.69452206540919,-1.2801246597624269e-06,0.0001537600723725
FR,atlantic_to_france,2017-05-27,2017-05-29,3,1334.6953999999998,-0.001708576494811476,-41.357017943377514,117868.0,-0.0003508757079391991,336.18806575864426,80.69452206540919,-1.2801246597624269e-06,0.0001537600723725
FR,atlantic_to_france,2017-06-19,2017-06-22,4,1501.25115,-0.001921788617611702,-62.023910222578266,121730.0,-0.0005095203337104926,336.18806575864426,80.69452206540919,-1.2801246597624269e-06,0.0001537600723725
FR,atlantic_to_france,2018-05-06,2018-05-08,3,1872.2201666666667,-0.002396675203854521,-58.01281927456002,119869.0,-0.0004839684928927414,336.18806575864426,80.69452206540919,-1.2801246597624269e-06,0.0001537600723725
FR,atlantic_to_france,2018-08-03,2018-08-07,5,1890.97598,-0.0024206849830164215,-97.65664827015449,223847.0,-0.0004362651644657042,336.18806575864426,80.69452206540919,-1.2801246597624269e-06,0.0001537600723725
FR,atlantic_to_france,2018-09-11,2018-09-17,7,1528.6412142857146,-0.0019568513143363234,-110.52216980179021,223788.0,-0.0004938699563952947,336.18806575864426,80.69452206540919,-1.2801246597624269e-06,0.0001537600723725
FR,atlantic_to_france,2019-06-01,2019-06-04,4,1277.3523,-0.0016351701784342535,-52.77357114950678,194191.0,-0.0002717611585990431,336.18806575864426,80.69452206540919,-1.2801246597624269e-06,0.0001537600723725
FR,atlantic_to_france,2019-06-26,2019-06-29,4,1769.973475,-0.0022657866924728955,-73.12612277415732,300123.0,-0.00024365384450427766,336.18806575864426,80.69452206540919,-1.2801246597624269e-06,0.0001537600723725
FR,atlantic_to_france,2019-07-23,2019-07-25,3,1312.9064666666666,-0.0016806839439415565,-40.68186366710316,148077.84210526317,-0.0002747329586163465,336.18806575864426,80.69452206540919,-1.2801246597624269e-06,0.0001537600723725
FR,atlantic_to_france,2019-08-26,2019-08-31,6,1459.9055833333334,-0.0018688611381498508,-90.47358881367794,205525.0,-0.00044020721962621546,336.18806575864426,80.69452206540919,-1.2801246597624269e-06,0.0001537600723725
FR,atlantic_to_france,2020-08-07,2020-08-12,6,1604.4024166666666,-0.002053835097757432,-99.42837824192932,205927.0,-0.0004828331313617414,336.18806575864426,80.69452206540919,-1.2801246597624269e-06,0.0001537600723725
FR,atlantic_to_france,2020-09-14,2020-09-19,6,1615.966666666667,-0.00206863877935409,-100.14504047774992,461391.0,-0.00021705026859594121,336.18806575864426,80.69452206540919,-1.2801246597624269e-06,0.0001537600723725
FR,atlantic_to_france,2015-07-01,2015-07-05,5,1400.1494,-0.0017923657742915662,-72.30863793492917,175866.0,-0.0004111575741469594,336.18806575864426,80.69452206540919,-1.2801246597624269e-06,0.0001537600723725
FR,atlantic_to_france,2015-08-29,2015-08-31,3,1358.0715666666667,-0.0017385009022121928,-42.08135440567501,106364.0,-0.00039563531275314026,336.18806575864426,80.69452206540919,-1.2801246597624269e-06,0.0001537600723725
FR,atlantic_to_france,2016-08-25,2016-08-27,3,1310.7413666666669,-0.0016779123460407054,-40.61477564121411,72258.0,-0.0005620799861775044,336.18806575864426,80.69452206540919,-1.2801246597624269e-06,0.0001537600723725
FR,atlantic_to_france,2016-09-12,2016-09-14,3,1247.9336,-0.0015975105751061007,-38.668607299720755,133256.0,-0.0002901828608071738,336.18806575864426,80.69452206540919,-1.2801246597624269e-06,0.0001537600723725
FR,atlantic_to_france,2017-05-27,2017-05-29,3,1334.6953999999998,-0.001708576494811476,-41.357017943377514,117868.0,-0.0003508757079391991,336.18806575864426,80.69452206540919,-1.2801246597624269e-06,0.0001537600723725
FR,atlantic_to_france,2017-06-19,2017-06-22,4,1501.25115,-0.001921788617611702,-62.023910222578266,121730.0,-0.0005095203337104926,336.18806575864426,80.69452206540919,-1.2801246597624269e-06,0.0001537600723725
FR,atlantic_to_france,2018-05-06,2018-05-08,3,1872.2201666666667,-0.002396675203854521,-58.01281927456002,119869.0,-0.0004839684928927414,336.18806575864426,80.69452206540919,-1.2801246597624269e-06,0.0001537600723725
FR,atlantic_to_france,2018-08-03,2018-08-07,5,1890.97598,-0.0024206849830164215,-97.65664827015449,223847.0,-0.0004362651644657042,336.18806575864426,80.69452206540919,-1.2801246597624269e-06,0.0001537600723725
FR,atlantic_to_france,2018-09-11,2018-09-19,9,1457.4815777777778,-0.0018657581088627829,-135.48505171509035,348004.0,-0.00038932038630329065,336.18806575864426,80.69452206540919,-1.2801246597624269e-06,0.0001537600723725
FR,atlantic_to_france,2019-06-02,2019-06-04,3,1251.0001666666667,-0.001601436162716906,-38.76362827054143,169317.0,-0.00022894114749577083,336.18806575864426,80.69452206540919,-1.2801246597624269e-06,0.0001537600723725
FR,atlantic_to_france,2019-06-25,2019-06-29,5,1642.3836600000002,-0.0021024558239568698,-84.81846681588681,352817.0,-0.00024040357130151554,336.18806575864426,80.69452206540919,-1.2801246597624269e-06,0.0001537600723725
FR,atlantic_to_france,2019-07-23,2019-07-25,3,1312.9064666666666,-0.0016806839439415565,-40.68186366710316,148077.84210526317,-0.0002747329586163465,336.18806575864426,80.69452206540919,-1.2801246597624269e-06,0.0001537600723725
FR,atlantic_to_france,2019-08-26,2019-08-31,6,1459.9055833333334,-0.0018688611381498508,-90.47358881367794,205525.0,-0.00044020721962621546,336.18806575864426,80.69452206540919,-1.2801246597624269e-06,0.0001537600723725
FR,atlantic_to_france,2019-09-15,2019-09-21,7,1835.2000999999998,-0.0023492849036084716,-132.68666000689933,639476.0,-0.00020749279098339785,336.18806575864426,80.69452206540919,-1.2801246597624269e-06,0.0001537600723725
FR,atlantic_to_france,2020-08-08,2020-08-12,5,1612.6955400000002,-0.0020644513294428833,-83.28526791579176,171337.0,-0.000486090382788258,336.18806575864426,80.69452206540919,-1.2801246597624269e-06,0.0001537600723725
FR,atlantic_to_france,2020-09-14,2020-09-21,8,1650.3081375,-0.0021126001430203517,-136.3643435142619,517819.0,-0.00026334364616644406,336.18806575864426,80.69452206540919,-1.2801246597624269e-06,0.0001537600723725
FR,atlantic_to_france,2015-07-01,2015-07-07,7,1396.4638571428573,-0.0017876478199955264,-100.96562496080813,241029.0,-0.00041889409556861677,336.18806575864426,80.69452206540919,-1.2801246597624269e-06,0.0001537600723725
FR,atlantic_to_france,2015-08-29,2015-08-31,3,1358.0715666666667,-0.0017385009022121928,-42.08135440567501,106364.0,-0.00039563531275314026,336.18806575864426,80.69452206540919,-1.2801246597624269e-06,0.0001537600723725
FR,atlantic_to_france,2016-08-25,2016-08-27,3,1310.7413666666669,-0.0016779123460407054,-40.61477564121411,72258.0,-0.0005620799861775044,336.18806575864426,80.69452206540919,-1.2801246597624269e-06,0.0001537600723725
FR,atlantic_to_france,2016-09-12,2016-09-14,3,1247.9336,-0.0015975105751061007,-38.668607299720755,133256.0,-0.0002901828608071738,336.18806575864426,80.69452206540919,-1.2801246597624269e-06,0.0001537600723725
FR,atlantic_to_france,2017-05-27,2017-05-29,3,1334.6953999999998,-0.001708576494811476,-41.357017943377514,117868.0,-0.0003508757079391991,336.18806575864426,80.69452206540919,-1.2801246597624269e-06,0.0001537600723725
FR,atlantic_to_france,2017-06-19,2017-06-22,4,1501.25115,-0.001921788617611702,-62.023910222578266,121730.0,-0.0005095203337104926,336.18806575864426,80.69452206540919,-1.2801246597624269e-06,0.0001537600723725
FR,atlantic_to_france,2017-07-06,2017-07-08,3,1488.1773333333333,-0.001905052502499489,-46.112825950845696,96832.0,-0.0004762147425525208,336.18806575864426,80.69452206540919,-1.2801246597624269e-06,0.0001537600723725
FR,atlantic_to_france,2018-08-03,2018-08-06,4,2044.2491,-0.0026168936836071474,-84.45776887563845,164645.0,-0.0005129689263302162,336.18806575864426,80.69452206540919,-1.2801246597624269e-06,0.0001537600723725
FR,atlantic_to_france,2018-09-11,2018-09-20,10,1437.3725200000001,-0.0018400160081168623,-148.46194145609996,423133.0,-0.0003508635380745533,336.18806575864426,80.69452206540919,-1.2801246597624269e-06,0.0001537600723725
FR,atlantic_to_france,2019-06-02,2019-06-04,3,1251.0001666666667,-0.001601436162716906,-38.76362827054143,169317.0,-0.00022894114749577083,336.18806575864426,80.69452206540919,-1.2801246597624269e-06,0.0001537600723725
FR,atlantic_to_france,2019-06-25,2019-06-30,6,1585.0256833333335,-0.002029030463591792,-98.22755907652171,403216.0,-0.00024361027111156729,336.18806575864426,80.69452206540919,-1.2801246597624269e-06,0.0001537600723725
FR,atlantic_to_france,2019-07-23,2019-07-26,4,1346.0142,-0.0017230659698103954,-55.61032469424954,209869.84210526317,-0.0002649753015316865,336.18806575864426,80.69452206540919,-1.2801246597624269e-06,0.0001537600723725
FR,atlantic_to_france,2020-07-27,2020-07-31,5,1517.1482600000002,-0.0019421389001416582,-78.35087043278938,341917.0,-0.00022915172522217198,336.18806575864426,80.69452206540919,-1.2801246597624269e-06,0.0001537600723725
FR,atlantic_to_france,2020-08-08,2020-08-12,5,1612.6955400000002,-0.0020644513294428833,-83.28526791579176,171337.0,-0.000486090382788258,336.18806575864426,80.69452206540919,-1.2801246597624269e-06,0.0001537600723725
FR,atlantic_to_france,2020-09-12,2020-09-20,9,1639.846622222222,-0.002099208099334787,-152.4374014766923,553072.0,-0.0002756194518556215,336.18806575864426,80.69452206540919,-1.2801246597624269e-06,0.0001537600723725
FR,atlantic_to_france,2015-07-01,2015-07-22,22,1408.7350954545452,-0.0018033565347641395,-320.10894711605954,803972.0,-0.00039815932285708897,336.18806575864426,80.69452206540919,-1.2801246597624269e-06,0.0001537600723725
FR,atlantic_to_france,2015-08-29,2015-08-31,3,1358.0715666666667,-0.0017385009022121928,-42.08135440567501,106364.0,-0.00039563531275314026,336.18806575864426,80.69452206540919,-1.2801246597624269e-06,0.0001537600723725
FR,atlantic_to_france,2016-08-25,2016-08-28,4,1279.8342,-0.0016383473198273177,-52.87611038338607,123547.0,-0.0004279837663673426,336.18806575864426,80.69452206540919,-1.2801246597624269e-06,0.0001537600723725
FR,atlantic_to_france,2016-09-08,2016-09-14,7,1327.867557142857,-0.0016998360047970648,-96.0060491980173,249861.0,-0.0003842378330272323,336.18806575864426,80.69452206540919,-1.2801246597624269e-06,0.0001537600723725
FR,atlantic_to_france,2017-05-27,2017-05-29,3,1334.6953999999998,-0.001708576494811476,-41.357017943377514,117868.0,-0.0003508757079391991,336.18806575864426,80.69452206540919,-1.2801246597624269e-06,0.0001537600723725
FR,atlantic_to_france,2017-06-20,2017-06-22,3,1449.8085,-0.0018559356127831746,-44.923925076059504,85671.0,-0.0005243772697419138,336.18806575864426,80.69452206540919,-1.2801246597624269e-06,0.0001537600723725
FR,atlantic_to_france,2017-07-06,2017-07-08,3,1488.1773333333333,-0.001905052502499489,-46.112825950845696,96832.0,-0.0004762147425525208,336.18806575864426,80.69452206540919,-1.2801246597624269e-06,0.0001537600723725
FR,atlantic_to_france,2018-07-26,2018-08-04,10,1638.38589,-0.002097338179995811,-169.2240158338913,439413.0,-0.00038511381282276875,336.18806575864426,80.69452206540919,-1.2801246597624269e-06,0.0001537600723725
FR,atlantic_to_france,2018-09-10,2018-09-12,3,1403.4907,-0.0017966430548172303,-43.48871664895486,93409.0,-0.0004655730887704061,336.18806575864426,80.69452206540919,-1.2801246597624269e-06,0.0001537600723725
FR,atlantic_to_france,2018-09-18,2018-09-20,3,1224.4122333333332,-0.0015674002936047864,-37.939771654309745,199345.0,-0.00019032216335654139,336.18806575864426,80.69452206540919,-1.2801246597624269e-06,0.0001537600723725
FR,atlantic_to_france,2019-06-02,2019-06-04,3,1251.0001666666667,-0.001601436162716906,-38.76362827054143,169317.0,-0.00022894114749577083,336.18806575864426,80.69452206540919,-1.2801246597624269e-06,0.0001537600723725
FR,atlantic_to_france,2019-06-25,2019-06-30,6,1585.0256833333335,-0.002029030463591792,-98.22755907652171,403216.0,-0.00024361027111156729,336.18806575864426,80.69452206540919,-1.2801246597624269e-06,0.0001537600723725
FR,atlantic_to_france,2019-07-23,2019-07-26,4,1346.0142,-0.0017230659698103954,-55.61032469424954,209869.84210526317,-0.0002649753015316865,336.18806575864426,80.69452206540919,-1.2801246597624269e-06,0.0001537600723725
FR,atlantic_to_france,2020-08-09,2020-08-12,4,1584.2451,-0.002028031219617792,-65.45278973005918,141875.0,-0.000461341249198655,336.18806575864426,80.69452206540919,-1.2801246597624269e-06,0.0001537600723725
FR,atlantic_to_france,2020-09-13,2020-09-22,10,1607.6872299999998,-0.0020580400683081483,-166.05324235639307,577497.0,-0.0002875395757144939,336.18806575864426,80.69452206540919,-1.2801246597624269e-06,0.0001537600723725
FR,atlantic_to_france,2016-09-07,2016-09-14,8,1372.0901374999999,-0.0017564464204305689,-113.37529434110351,289237.0,-0.00039198060532056244,336.18806575864426,80.69452206540919,-1.2801246597624269e-06,0.0001537600723725
FR,atlantic_to_france,2017-06-18,2017-06-21,4,1685.874125,-0.0021581290406679043,-69.65157387261132,133340.0,-0.0005223606860102844,336.18806575864426,80.69452206540919,-1.2801246597624269e-06,0.0001537600723725
FR,atlantic_to_france,2018-05-22,2018-06-03,13,1558.5095000000001,-0.0019950864434240103,-209.2659667600354,373987.0,-0.0005595541202235249,336.18806575864426,80.69452206540919,-1.2801246597624269e-06,0.0001537600723725
FR,atlantic_to_france,2018-07-08,2018-07-12,5,2075.5951,-0.0026570204711920606,-107.19102874694165,237824.0,-0.0004507157761493443,336.18806575864426,80.69452206540919,-1.2801246597624269e-06,0.0001537600723725
FR,atlantic_to_france,2020-05-20,2020-06-03,15,1824.9247933333334,-0.0023361312301578506,-282.73659826504684,1061751.0,-0.00026629275438878495,336.18806575864426,80.69452206540919,-1.2801246597624269e-06,0.0001537600723725
FR,atlantic_to_france,2020-08-08,2020-08-20,13,1411.5291769230766,-0.001806933307353392,-189.53045702885012,533706.0,-0.00035512146580486285,336.18806575864426,80.69452206540919,-1.2801246597624269e-06,0.0001537600723725
FR,atlantic_to_france,2020-09-14,2020-09-18,5,1647.5750400000002,-0.002109101437513067,-85.08656793195529,391808.0,-0.000217163937265077,336.18806575864426,80.69452206540919,-1.2801246597624269e-06,0.0001537600723725
FR,atlantic_to_france,2015-06-30,2015-07-03,4,1483.3982,-0.0018989346160671965,-61.28631893546539,147530.0,-0.0004154159759741435,336.18806575864426,80.69452206540919,-1.2801246597624269e-06,0.0001537600723725
FR,atlantic_to_france,2016-07-18,2016-07-20,3,1425.5190333333333,-0.0018248420675306969,-44.17128899986682,99243.0,-0.0004450821619647413,336.18806575864426,80.69452206540919,-1.2801246597624269e-06,0.0001537600723725
FR,atlantic_to_france,2016-08-23,2016-08-27,5,1309.087,-0.001675794550474416,-67.60585542394448,145371.0,-0.0004650573733684468,336.18806575864426,80.69452206540919,-1.2801246597624269e-06,0.0001537600723725
FR,atlantic_to_france,2016-09-07,2016-09-12,6,1408.7448166666666,-0.001803368979127499,-87.30304256765012,186384.0,-0.0004684041686392079,336.18806575864426,80.69452206540919,-1.2801246597624269e-06,0.0001537600723725
FR,atlantic_to_france,2017-05-25,2017-05-27,3,1553.8154000000002,-0.0019890774102586193,-48.146694278332205,184446.0,-0.00026103409278776553,336.18806575864426,80.69452206540919,-1.2801246597624269e-06,0.0001537600723725
FR,atlantic_to_france,2017-06-18,2017-06-21,4,1685.874125,-0.0021581290406679043,-69.65157387261132,133340.0,-0.0005223606860102844,336.18806575864426,80.69452206540919,-1.2801246597624269e-06,0.0001537600723725
FR,atlantic_to_france,2018-06-28,2018-07-10,13,1793.8081615384615,-0.0022962980624684874,-240.8602572563002,648947.0,-0.0003711555138652312,336.18806575864426,80.69452206540919,-1.2801246597624269e-06,0.0001537600723725
FR,atlantic_to_france,2019-07-23,2019-07-29,7,1374.3876,-0.0017593874588316984,-99.36949120638037,409301.84210526315,-0.00024277802097168378,336.18806575864426,80.69452206540919,-1.2801246597624269e-06,0.0001537600723725
FR,atlantic_to_france,2019-09-20,2019-09-22,3,1415.5586333333333,-0.0018120915138695993,-43.862654953834124,361272.0,-0.00012141172012731162,336.18806575864426,80.69452206540919,-1.2801246597624269e-06,0.0001537600723725
FR,atlantic_to_france,2020-05-30,2020-06-01,3,1856.0514,-0.0023759771669265763,-57.51181209857394,251375.0,-0.00022878890939263626,336.18806575864426,80.69452206540919,-1.2801246597624269e-06,0.0001537600723725
FR,atlantic_to_france,2020-08-07,2020-08-21,15,1409.4076266666664,-0.0018042174585532359,-218.36029593563615,704794.0,-0.000309821445607704,336.18806575864426,80.69452206540919,-1.2801246597624269e-06,0.0001537600723725
FR,atlantic_to_france,2016-07-18,2016-07-20,3,1425.5190333333333,-0.0018248420675306969,-44.17128899986682,99243.0,-0.0004450821619647413,336.18806575864426,80.69452206540919,-1.2801246597624269e-06,0.0001537600723725
FR,atlantic_to_france,2016-08-23,2016-08-27,5,1309.087,-0.001675794550474416,-67.60585542394448,145371.0,-0.0004650573733684468,336.18806575864426,80.69452206540919,-1.2801246597624269e-06,0.0001537600723725
FR,atlantic_to_france,2016-09-07,2016-09-13,7,1392.8893571428573,-0.0017830720143992057,-100.70718531371206,246204.0,-0.00040903959851875706,336.18806575864426,80.69452206540919,-1.2801246597624269e-06,0.0001537600723725
FR,atlantic_to_france,2017-05-25,2017-06-01,8,1580.4106625,-0.002023122661617724,-130.58874132513463,327394.0,-0.0003988733493134713,336.18806575864426,80.69452206540919,-1.2801246597624269e-06,0.0001537600723725
FR,atlantic_to_france,2017-06-18,2017-06-21,4,1685.874125,-0.0021581290406679043,-69.65157387261132,133340.0,-0.0005223606860102844,336.18806575864426,80.69452206540919,-1.2801246597624269e-06,0.0001537600723725
FR,atlantic_to_france,2018-08-03,2018-08-06,4,2044.2491,-0.0026168936836071474,-84.45776887563845,164645.0,-0.0005129689263302162,336.18806575864426,80.69452206540919,-1.2801246597624269e-06,0.0001537600723725
FR,atlantic_to_france,2019-07-23,2019-07-25,3,1312.9064666666666,-0.0016806839439415565,-40.68186366710316,148077.84210526317,-0.0002747329586163465,336.18806575864426,80.69452206540919,-1.2801246597624269e-06,0.0001537600723725
FR,atlantic_to_france,2020-08-06,2020-08-12,7,1616.5519571428572,-0.0020693880241257853,-116.87819759867165,235330.0,-0.0004966565996629059,336.18806575864426,80.69452206540919,-1.2801246597624269e-06,0.0001537600723725
FR,atlantic_to_france,2015-06-30,2015-07-03,4,1483.3982,-0.0018989346160671965,-61.28631893546539,147530.0,-0.0004154159759741435,336.18806575864426,80.69452206540919,-1.2801246597624269e-06,0.0001537600723725
FR,atlantic_to_france,2016-08-23,2016-08-27,5,1309.087,-0.001675794550474416,-67.60585542394448,145371.0,-0.0004650573733684468,336.18806575864426,80.69452206540919,-1.2801246597624269e-06,0.0001537600723725
FR,atlantic_to_france,2016-09-07,2016-09-13,7,1392.8893571428573,-0.0017830720143992057,-100.70718531371206,246204.0,-0.00040903959851875706,336.18806575864426,80.69452206540919,-1.2801246597624269e-06,0.0001537600723725
FR,atlantic_to_france,2017-05-25,2017-05-28,4,1558.45065,-0.001995011108087783,-64.38709685712398,224372.0,-0.000286965828432799,336.18806575864426,80.69452206540919,-1.2801246597624269e-06,0.0001537600723725
FR,atlantic_to_france,2017-06-10,2017-06-21,12,1587.0766333333333,-0.0020316559352627312,-196.70932199895753,426237.0,-0.0004615022205931384,336.18806575864426,80.69452206540919,-1.2801246597624269e-06,0.0001537600723725
FR,atlantic_to_france,2018-08-03,2018-08-07,5,1890.97598,-0.0024206849830164215,-97.65664827015449,223847.0,-0.0004362651644657042,336.18806575864426,80.69452206540919,-1.2801246597624269e-06,0.0001537600723725
FR,atlantic_to_france,2019-07-23,2019-07-25,3,1312.9064666666666,-0.0016806839439415565,-40.68186366710316,148077.84210526317,-0.0002747329586163465,336.18806575864426,80.69452206540919,-1.2801246597624269e-06,0.0001537600723725
FR,atlantic_to_france,2019-08-24,2019-08-27,4,1481.85985,-0.001896965336296851,-61.222762293200105,103444.0,-0.0005918444984068685,336.18806575864426,80.69452206540919,-1.2801246597624269e-06,0.0001537600723725
FR,atlantic_to_france,2020-08-06,2020-08-12,7,1616.5519571428572,-0.0020693880241257853,-116.87819759867165,235330.0,-0.0004966565996629059,336.18806575864426,80.69452206540919,-1.2801246597624269e-06,0.0001537600723725
FR,atlantic_to_france,2020-09-14,2020-09-20,7,1630.054485714286,-0.0020866729439192183,-117.85444286903245,494762.0,-0.0002382043141329214,336.18806575864426,80.69452206540919,-1.2801246597624269e-06,0.0001537600723725
FR,atlantic_to_france,2015-06-30,2015-07-03,4,1483.3982,-0.0018989346160671965,-61.28631893546539,147530.0,-0.0004154159759741435,336.18806575864426,80.69452206540919,-1.2801246597624269e-06,0.0001537600723725
FR,atlantic_to_france,2016-08-23,2016-08-27,5,1309.087,-0.001675794550474416,-67.60585542394448,145371.0,-0.0004650573733684468,336.18806575864426,80.69452206540919,-1.2801246597624269e-06,0.0001537600723725
FR,atlantic_to_france,2017-05-26,2017-06-02,8,1534.477075,-0.001964321943547619,-126.79326618787869,277935.0,-0.0004561975504628013,336.18806575864426,80.69452206540919,-1.2801246597624269e-06,0.0001537600723725
FR,atlantic_to_france,2017-06-19,2017-06-21,3,1628.2763666666667,-0.0020843967298783675,-50.453949952184516,75368.0,-0.0006694346400618899,336.18806575864426,80.69452206540919,-1.2801246597624269e-06,0.0001537600723725
FR,atlantic_to_france,2018-05-06,2018-05-08,3,1872.2201666666667,-0.002396675203854521,-58.01281927456002,119869.0,-0.0004839684928927414,336.18806575864426,80.69452206540919,-1.2801246597624269e-06,0.0001537600723725
FR,atlantic_to_france,2018-08-03,2018-08-07,5,1890.97598,-0.0024206849830164215,-97.65664827015449,223847.0,-0.0004362651644657042,336.18806575864426,80.69452206540919,-1.2801246597624269e-06,0.0001537600723725
FR,atlantic_to_france,2019-07-23,2019-07-25,3,1312.9064666666666,-0.0016806839439415565,-40.68186366710316,148077.84210526317,-0.0002747329586163465,336.18806575864426,80.69452206540919,-1.2801246597624269e-06,0.0001537600723725
FR,atlantic_to_france,2019-08-25,2019-08-27,3,1436.0460333333333,-0.001838317939824016,-44.49747977559733,74709.0,-0.0005956106998567419,336.18806575864426,80.69452206540919,-1.2801246597624269e-06,0.0001537600723725
FR,atlantic_to_france,2020-08-06,2020-08-12,7,1616.5519571428572,-0.0020693880241257853,-116.87819759867165,235330.0,-0.0004966565996629059,336.18806575864426,80.69452206540919,-1.2801246597624269e-06,0.0001537600723725
FR,atlantic_to_france,2020-09-14,2020-09-20,7,1630.054485714286,-0.0020866729439192183,-117.85444286903245,494762.0,-0.0002382043141329214,336.18806575864426,80.69452206540919,-1.2801246597624269e-06,0.0001537600723725
FR,atlantic_to_france,2015-06-30,2015-07-03,4,1483.3982,-0.0018989346160671965,-61.28631893546539,147530.0,-0.0004154159759741435,336.18806575864426,80.69452206540919,-1.2801246597624269e-06,0.0001537600723725
FR,atlantic_to_france,2016-08-24,2016-08-27,4,1292.344875,-0.001654362543405091,-53.39298657896724,104944.0,-0.0005087759812754158,336.18806575864426,80.69452206540919,-1.2801246597624269e-06,0.0001537600723725
FR,atlantic_to_france,2016-09-12,2016-09-14,3,1247.9336,-0.0015975105751061007,-38.668607299720755,133256.0,-0.0002901828608071738,336.18806575864426,80.69452206540919,-1.2801246597624269e-06,0.0001537600723725
FR,atlantic_to_france,2017-05-26,2017-06-02,8,1534.477075,-0.001964321943547619,-126.79326618787869,277935.0,-0.0004561975504628013,336.18806575864426,80.69452206540919,-1.2801246597624269e-06,0.0001537600723725
FR,atlantic_to_france,2017-06-19,2017-06-22,4,1501.25115,-0.001921788617611702,-62.023910222578266,121730.0,-0.0005095203337104926,336.18806575864426,80.69452206540919,-1.2801246597624269e-06,0.0001537600723725
FR,atlantic_to_france,2018-05-06,2018-05-08,3,1872.2201666666667,-0.002396675203854521,-58.01281927456002,119869.0,-0.0004839684928927414,336.18806575864426,80.69452206540919,-1.2801246597624269e-06,0.0001537600723725
FR,atlantic_to_france,2018-08-03,2018-08-07,5,1890.97598,-0.0024206849830164215,-97.65664827015449,223847.0,-0.0004362651644657042,336.18806575864426,80.69452206540919,-1.2801246597624269e-06,0.0001537600723725
FR,atlantic_to_france,2019-06-25,2019-06-29,5,1642.3836600000002,-0.0021024558239568698,-84.81846681588681,352817.0,-0.00024040357130151554,336.18806575864426,80.69452206540919,-1.2801246597624269e-06,0.0001537600723725
FR,atlantic_to_france,2019-07-23,2019-07-25,3,1312.9064666666666,-0.0016806839439415565,-40.68186366710316,148077.84210526317,-0.0002747329586163465,336.18806575864426,80.69452206540919,-1.2801246597624269e-06,0.0001537600723725
FR,atlantic_to_france,2019-08-25,2019-08-31,7,1458.2227,-0.0018667068376953474,-105.43084626534336,226103.0,-0.0004662956540397224,336.18806575864426,80.69452206540919,-1.2801246597624269e-06,0.0001537600723725
FR,atlantic_to_france,2020-08-06,2020-08-12,7,1616.5519571428572,-0.0020693880241257853,-116.87819759867165,235330.0,-0.0004966565996629059,336.18806575864426,80.69452206540919,-1.2801246597624269e-06,0.0001537600723725
FR,atlantic_to_france,2020-09-14,2020-09-20,7,1630.054485714286,-0.0020866729439192183,-117.85444286903245,494762.0,-0.0002382043141329214,336.18806575864426,80.69452206540919,-1.2801246597624269e-06,0.0001537600723725
FR,atlantic_to_france,2015-07-01,2015-07-04,4,1389.766,-0.0017790737278993891,-57.41792212075356,143418.0,-0.0004003536663511802,336.18806575864426,80.69452206540919,-1.2801246597624269e-06,0.0001537600723725
FR,atlantic_to_france,2016-08-24,2016-08-27,4,1292.344875,-0.001654362543405091,-53.39298657896724,104944.0,-0.0005087759812754158,336.18806575864426,80.69452206540919,-1.2801246597624269e-06,0.0001537600723725
FR,atlantic_to_france,2016-09-08,2016-09-14,7,1327.867557142857,-0.0016998360047970648,-96.0060491980173,249861.0,-0.0003842378330272323,336.18806575864426,80.69452206540919,-1.2801246597624269e-06,0.0001537600723725
FR,atlantic_to_france,2017-05-26,2017-05-29,4,1402.2245749999997,-0.0017950222569823883,-57.93264581458803,195028.0,-0.0002970478383339214,336.18806575864426,80.69452206540919,-1.2801246597624269e-06,0.0001537600723725
FR,atlantic_to_france,2017-06-19,2017-06-22,4,1501.25115,-0.001921788617611702,-62.023910222578266,121730.0,-0.0005095203337104926,336.18806575864426,80.69452206540919,-1.2801246597624269e-06,0.0001537600723725
FR,atlantic_to_france,2018-05-06,2018-05-08,3,1872.2201666666667,-0.002396675203854521,-58.01281927456002,119869.0,-0.0004839684928927414,336.18806575864426,80.69452206540919,-1.2801246597624269e-06,0.0001537600723725
FR,atlantic_to_france,2018-07-25,2018-07-27,3,1642.8410999999999,-0.002103041404181231,-50.905254375506246,79001.0,-0.0006443621520677744,336.18806575864426,80.69452206540919,-1.2801246597624269e-06,0.0001537600723725
FR,atlantic_to_france,2018-08-03,2018-08-07,5,1890.97598,-0.0024206849830164215,-97.65664827015449,223847.0,-0.0004362651644657042,336.18806575864426,80.69452206540919,-1.2801246597624269e-06,0.0001537600723725
FR,atlantic_to_france,2019-06-25,2019-06-29,5,1642.3836600000002,-0.0021024558239568698,-84.81846681588681,352817.0,-0.00024040357130151554,336.18806575864426,80.69452206540919,-1.2801246597624269e-06,0.0001537600723725
FR,atlantic_to_france,2019-07-23,2019-07-26,4,1346.0142,-0.0017230659698103954,-55.61032469424954,209869.84210526317,-0.0002649753015316865,336.18806575864426,80.69452206540919,-1.2801246597624269e-06,0.0001537600723725
FR,atlantic_to_france,2019-08-25,2019-08-31,7,1458.2227,-0.0018667068376953474,-105.43084626534336,226103.0,-0.0004662956540397224,336.18806575864426,80.69452206540919,-1.2801246597624269e-06,0.0001537600723725
FR,atlantic_to_france,2020-08-06,2020-08-13,8,1559.98795,-0.0019969790437272357,-128.90122023767162,277433.0,-0.00046462108054078506,336.18806575864426,80.69452206540919,-1.2801246597624269e-06,0.0001537600723725
FR,atlantic_to_france,2020-09-14,2020-09-22,9,1606.138222222222,-0.002056057145253651,-149.303924946446,547568.0,-0.0002726673672428739,336.18806575864426,80.69452206540919,-1.2801246597624269e-06,0.0001537600723725
FR,atlantic_to_france,2015-07-01,2015-07-07,7,1396.4638571428573,-0.0017876478199955264,-100.96562496080813,241029.0,-0.00041889409556861677,336.18806575864426,80.69452206540919,-1.2801246597624269e-06,0.0001537600723725
FR,atlantic_to_france,2016-08-25,2016-08-27,3,1310.7413666666669,-0.0016779123460407054,-40.61477564121411,72258.0,-0.0005620799861775044,336.18806575864426,80.69452206540919,-1.2801246597624269e-06,0.0001537600723725
FR,atlantic_to_france,2016-09-12,2016-09-14,3,1247.9336,-0.0015975105751061007,-38.668607299720755,133256.0,-0.0002901828608071738,336.18806575864426,80.69452206540919,-1.2801246597624269e-06,0.0001537600723725
FR,atlantic_to_france,2017-05-27,2017-05-29,3,1334.6953999999998,-0.001708576494811476,-41.357017943377514,117868.0,-0.0003508757079391991,336.18806575864426,80.69452206540919,-1.2801246597624269e-06,0.0001537600723725
FR,atlantic_to_france,2017-06-15,2017-06-22,8,1566.4490624999999,-0.0020052500731679848,-129.43509954445912,322723.0,-0.00040107181559560095,336.18806575864426,80.69452206540919,-1.2801246597624269e-06,0.0001537600723725
FR,atlantic_to_france,2018-05-06,2018-05-09,4,1768.773825,-0.002264250990924811,-73.07655945898617,173256.0,-0.00042178371576733945,336.18806575864426,80.69452206540919,-1.2801246597624269e-06,0.0001537600723725
FR,atlantic_to_france,2018-07-25,2018-07-27,3,1642.8410999999999,-0.002103041404181231,-50.905254375506246,79001.0,-0.0006443621520677744,336.18806575864426,80.69452206540919,-1.2801246597624269e-06,0.0001537600723725
FR,atlantic_to_france,2018-08-03,2018-08-07,5,1890.97598,-0.0024206849830164215,-97.65664827015449,223847.0,-0.0004362651644657042,336.18806575864426,80.69452206540919,-1.2801246597624269e-06,0.0001537600723725
FR,atlantic_to_france,2019-06-02,2019-06-04,3,1251.0001666666667,-0.001601436162716906,-38.76362827054143,169317.0,-0.00022894114749577083,336.18806575864426,80.69452206540919,-1.2801246597624269e-06,0.0001537600723725
FR,atlantic_to_france,2019-06-25,2019-06-30,6,1585.0256833333335,-0.002029030463591792,-98.22755907652171,403216.0,-0.00024361027111156729,336.18806575864426,80.69452206540919,-1.2801246597624269e-06,0.0001537600723725
FR,atlantic_to_france,2019-07-23,2019-07-26,4,1346.0142,-0.0017230659698103954,-55.61032469424954,209869.84210526317,-0.0002649753015316865,336.18806575864426,80.69452206540919,-1.2801246597624269e-06,0.0001537600723725
FR,atlantic_to_france,2019-08-26,2019-08-31,6,1459.9055833333334,-0.0018688611381498508,-90.47358881367794,205525.0,-0.00044020721962621546,336.18806575864426,80.69452206540919,-1.2801246597624269e-06,0.0001537600723725
FR,atlantic_to_france,2020-08-08,2020-08-12,5,1612.6955400000002,-0.0020644513294428833,-83.28526791579176,171337.0,-0.000486090382788258,336.18806575864426,80.69452206540919,-1.2801246597624269e-06,0.0001537600723725
FR,atlantic_to_france,2020-09-14,2020-09-22,9,1606.138222222222,-0.002056057145253651,-149.303924946446,547568.0,-0.0002726673672428739,336.18806575864426,80.69452206540919,-1.2801246597624269e-06,0.0001537600723725
FR,atlantic_to_france,2015-07-01,2015-07-07,7,1396.4638571428573,-0.0017876478199955264,-100.96562496080813,241029.0,-0.00041889409556861677,336.18806575864426,80.69452206540919,-1.2801246597624269e-06,0.0001537600723725
FR,atlantic_to_france,2016-08-26,2016-08-28,3,1300.7757333333332,-0.0016651550930605545,-40.305979434541186,101496.0,-0.00039711889566624485,336.18806575864426,80.69452206540919,-1.2801246597624269e-06,0.0001537600723725
FR,atlantic_to_france,2016-09-08,2016-09-14,7,1327.867557142857,-0.0016998360047970648,-96.0060491980173,249861.0,-0.0003842378330272323,336.18806575864426,80.69452206540919,-1.2801246597624269e-06,0.0001537600723725
FR,atlantic_to_france,2016-09-25,2016-09-29,5,1344.6067600000001,-0.0017212642711592592,-69.44022071765927,181561.0,-0.00038246220673855767,336.18806575864426,80.69452206540919,-1.2801246597624269e-06,0.0001537600723725
FR,atlantic_to_france,2017-05-27,2017-05-29,3,1334.6953999999998,-0.001708576494811476,-41.357017943377514,117868.0,-0.0003508757079391991,336.18806575864426,80.69452206540919,-1.2801246597624269e-06,0.0001537600723725
FR,atlantic_to_france,2017-06-20,2017-06-22,3,1449.8085,-0.0018559356127831746,-44.923925076059504,85671.0,-0.0005243772697419138,336.18806575864426,80.69452206540919,-1.2801246597624269e-06,0.0001537600723725
FR,atlantic_to_france,2018-07-25,2018-07-27,3,1642.8410999999999,-0.002103041404181231,-50.905254375506246,79001.0,-0.0006443621520677744,336.18806575864426,80.69452206540919,-1.2801246597624269e-06,0.0001537600723725
FR,atlantic_to_france,2018-08-03,2018-08-07,5,1890.97598,-0.0024206849830164215,-97.65664827015449,223847.0,-0.0004362651644657042,336.18806575864426,80.69452206540919,-1.2801246597624269e-06,0.0001537600723725
FR,atlantic_to_france,2018-09-18,2018-09-20,3,1224.4122333333332,-0.0015674002936047864,-37.939771654309745,199345.0,-0.00019032216335654139,336.18806575864426,80.69452206540919,-1.2801246597624269e-06,0.0001537600723725
FR,atlantic_to_france,2019-06-02,2019-06-04,3,1251.0001666666667,-0.001601436162716906,-38.76362827054143,169317.0,-0.00022894114749577083,336.18806575864426,80.69452206540919,-1.2801246597624269e-06,0.0001537600723725
FR,atlantic_to_france,2019-06-25,2019-06-30,6,1585.0256833333335,-0.002029030463591792,-98.22755907652171,403216.0,-0.00024361027111156729,336.18806575864426,80.69452206540919,-1.2801246597624269e-06,0.0001537600723725
FR,atlantic_to_france,2019-07-23,2019-07-26,4,1346.0142,-0.0017230659698103954,-55.61032469424954,209869.84210526317,-0.0002649753015316865,336.18806575864426,80.69452206540919,-1.2801246597624269e-06,0.0001537600723725
FR,atlantic_to_france,2019-08-27,2019-08-31,5,1430.56404,-0.0018313003049733629,-73.87935688226523,181737.0,-0.0004065179731274602,336.18806575864426,80.69452206540919,-1.2801246597624269e-06,0.0001537600723725
FR,atlantic_to_france,2020-08-08,2020-08-12,5,1612.6955400000002,-0.0020644513294428833,-83.28526791579176,171337.0,-0.000486090382788258,336.18806575864426,80.69452206540919,-1.2801246597624269e-06,0.0001537600723725
FR,atlantic_to_france,2020-09-14,2020-09-16,3,1467.184,-0.0018781784188088766,-45.46232422336693,139409.0,-0.0003261075269413519,336.18806575864426,80.69452206540919,-1.2801246597624269e-06,0.0001537600723725
FR,atlantic_to_france,2016-08-23,2016-08-27,5,1309.087,-0.001675794550474416,-67.60585542394448,145371.0,-0.0004650573733684468,336.18806575864426,80.69452206540919,-1.2801246597624269e-06,0.0001537600723725
FR,atlantic_to_france,2017-06-18,2017-06-21,4,1685.874125,-0.0021581290406679043,-69.65157387261132,133340.0,-0.0005223606860102844,336.18806575864426,80.69452206540919,-1.2801246597624269e-06,0.0001537600723725
FR,atlantic_to_france,2018-06-26,2018-07-02,7,1889.0054999999998,-0.0024181625229768525,-136.57684005665806,439587.0,-0.00031069353747189535,336.18806575864426,80.69452206540919,-1.2801246597624269e-06,0.0001537600723725
FR,atlantic_to_france,2019-07-23,2019-07-25,3,1312.9064666666666,-0.0016806839439415565,-40.68186366710316,148077.84210526317,-0.0002747329586163465,336.18806575864426,80.69452206540919,-1.2801246597624269e-06,0.0001537600723725
FR,atlantic_to_france,2020-05-27,2020-06-02,7,1957.1635428571426,-0.0025054133143994255,-141.5047294237747,559414.0,-0.000252951712727559,336.18806575864426,80.69452206540919,-1.2801246597624269e-06,0.0001537600723725
FR,atlantic_to_france,2020-08-10,2020-08-13,4,1482.380025,-0.0018976312251417428,-61.24425322594646,142060.0,-0.00043111539649406206,336.18806575864426,80.69452206540919,-1.2801246597624269e-06,0.0001537600723725
FR,atlantic_to_france,2016-05-08,2016-05-12,5,1332.10544,-0.001705261023147678,-68.79460859827495,208123.0,-0.0003305478423733799,336.18806575864426,80.69452206540919,-1.2801246597624269e-06,0.0001537600723725
FR,atlantic_to_france,2017-06-18,2017-06-21,4,1685.874125,-0.0021581290406679043,-69.65157387261132,133340.0,-0.0005223606860102844,336.18806575864426,80.69452206540919,-1.2801246597624269e-06,0.0001537600723725
FR,atlantic_to_france,2018-05-26,2018-05-28,3,1510.7727666666667,-0.0019339774739075071,-46.81297052451027,133130.0,-0.0003516335200519062,336.18806575864426,80.69452206540919,-1.2801246597624269e-06,0.0001537600723725
FR,atlantic_to_france,2018-06-26,2018-07-09,14,1805.0732857142855,-0.0023107188257212455,-261.0169270905206,705454.0,-0.0003699985074725221,336.18806575864426,80.69452206540919,-1.2801246597624269e-06,0.0001537600723725
FR,atlantic_to_france,2018-08-03,2018-08-05,3,2064.1076,-0.0026423150391630392,-63.9586643141663,141555.0,-0.00045182907219219596,336.18806575864426,80.69452206540919,-1.2801246597624269e-06,0.0001537600723725
FR,atlantic_to_france,2019-07-23,2019-07-25,3,1312.9064666666666,-0.0016806839439415565,-40.68186366710316,148077.84210526317,-0.0002747329586163465,336.18806575864426,80.69452206540919,-1.2801246597624269e-06,0.0001537600723725
FR,atlantic_to_france,2019-08-24,2019-08-27,4,1481.85985,-0.001896965336296851,-61.222762293200105,103444.0,-0.0005918444984068685,336.18806575864426,80.69452206540919,-1.2801246597624269e-06,0.0001537600723725
FR,atlantic_to_france,2020-05-27,2020-06-02,7,1957.1635428571426,-0.0025054133143994255,-141.5047294237747,559414.0,-0.000252951712727559,336.18806575864426,80.69452206540919,-1.2801246597624269e-06,0.0001537600723725
FR,atlantic_to_france,2020-08-07,2020-08-13,7,1541.4934857142855,-0.0019733038239259973,-111.45140088092931,248030.0,-0.00044934645357791117,336.18806575864426,80.69452206540919,-1.2801246597624269e-06,0.0001537600723725
FR,atlantic_to_france,2020-09-14,2020-09-21,8,1650.3081375,-0.0021126001430203517,-136.3643435142619,517819.0,-0.00026334364616644406,336.18806575864426,80.69452206540919,-1.2801246597624269e-06,0.0001537600723725
FR,atlantic_to_france,2016-09-13,2016-09-15,3,1236.1586666666665,-0.0015824371925790416,-38.303747924953484,126052.0,-0.0003038725916681487,336.18806575864426,80.69452206540919,-1.2801246597624269e-06,0.0001537600723725
FR,atlantic_to_france,2017-06-17,2017-06-21,5,1712.6256999999998,-0.002192374391512888,-88.4460127321803,179331.0,-0.0004931997966451996,336.18806575864426,80.69452206540919,-1.2801246597624269e-06,0.0001537600723725
FR,atlantic_to_france,2018-05-26,2018-05-28,3,1510.7727666666667,-0.0019339774739075071,-46.81297052451027,133130.0,-0.0003516335200519062,336.18806575864426,80.69452206540919,-1.2801246597624269e-06,0.0001537600723725
FR,atlantic_to_france,2018-07-01,2018-07-09,9,1734.1168888888888,-0.002219885792377167,-161.20060792078502,361847.0,-0.0004454938355735574,336.18806575864426,80.69452206540919,-1.2801246597624269e-06,0.0001537600723725
FR,atlantic_to_france,2018-08-03,2018-08-07,5,1890.97598,-0.0024206849830164215,-97.65664827015449,223847.0,-0.0004362651644657042,336.18806575864426,80.69452206540919,-1.2801246597624269e-06,0.0001537600723725
FR,atlantic_to_france,2019-07-23,2019-07-25,3,1312.9064666666666,-0.0016806839439415565,-40.68186366710316,148077.84210526317,-0.0002747329586163465,336.18806575864426,80.69452206540919,-1.2801246597624269e-06,0.0001537600723725
FR,atlantic_to_france,2019-08-24,2019-08-27,4,1481.85985,-0.001896965336296851,-61.222762293200105,103444.0,-0.0005918444984068685,336.18806575864426,80.69452206540919,-1.2801246597624269e-06,0.0001537600723725
FR,atlantic_to_france,2020-05-31,2020-06-02,3,1862.6833333333334,-0.0023844668683284764,-57.717309911682406,202686.0,-0.0002847621933023613,336.18806575864426,80.69452206540919,-1.2801246597624269e-06,0.0001537600723725
FR,atlantic_to_france,2020-08-07,2020-08-13,7,1541.4934857142855,-0.0019733038239259973,-111.45140088092931,248030.0,-0.00044934645357791117,336.18806575864426,80.69452206540919,-1.2801246597624269e-06,0.0001537600723725
FR,atlantic_to_france,2020-09-14,2020-09-20,7,1630.054485714286,-0.0020866729439192183,-117.85444286903245,494762.0,-0.0002382043141329214,336.18806575864426,80.69452206540919,-1.2801246597624269e-06,0.0001537600723725
FR,atlantic_to_france,2016-08-23,2016-08-25,3,1276.7401666666667,-0.001634386571459191,-39.56121073157527,95164.0,-0.0004157161398383346,336.18806575864426,80.69452206540919,-1.2801246597624269e-06,0.0001537600723725
FR,atlantic_to_france,2016-09-07,2016-09-15,9,1351.2160999999999,-0.0017297250502780132,-125.60679049260361,312436.0,-0.0004020240641046602,336.18806575864426,80.69452206540919,-1.2801246597624269e-06,0.0001537600723725
FR,atlantic_to_france,2017-06-17,2017-06-21,5,1712.6256999999998,-0.002192374391512888,-88.4460127321803,179331.0,-0.0004931997966451996,336.18806575864426,80.69452206540919,-1.2801246597624269e-06,0.0001537600723725
FR,atlantic_to_france,2018-05-26,2018-05-28,3,1510.7727666666667,-0.0019339774739075071,-46.81297052451027,133130.0,-0.0003516335200519062,336.18806575864426,80.69452206540919,-1.2801246597624269e-06,0.0001537600723725
FR,atlantic_to_france,2018-07-01,2018-07-09,9,1734.1168888888888,-0.002219885792377167,-161.20060792078502,361847.0,-0.0004454938355735574,336.18806575864426,80.69452206540919,-1.2801246597624269e-06,0.0001537600723725
FR,atlantic_to_france,2018-07-23,2018-07-27,5,1701.07296,-0.002177585444151064,-87.84938861919895,123625.0,-0.0007106118391846224,336.18806575864426,80.69452206540919,-1.2801246597624269e-06,0.0001537600723725
FR,atlantic_to_france,2018-08-03,2018-08-07,5,1890.97598,-0.0024206849830164215,-97.65664827015449,223847.0,-0.0004362651644657042,336.18806575864426,80.69452206540919,-1.2801246597624269e-06,0.0001537600723725
FR,atlantic_to_france,2019-07-23,2019-07-25,3,1312.9064666666666,-0.0016806839439415565,-40.68186366710316,148077.84210526317,-0.0002747329586163465,336.18806575864426,80.69452206540919,-1.2801246597624269e-06,0.0001537600723725
FR,atlantic_to_france,2019-08-24,2019-08-27,4,1481.85985,-0.001896965336296851,-61.222762293200105,103444.0,-0.0005918444984068685,336.18806575864426,80.69452206540919,-1.2801246597624269e-06,0.0001537600723725
FR,atlantic_to_france,2020-05-21,2020-06-02,13,1814.6949153846156,-0.002323035711129337,-243.66478731280247,970113.0,-0.00025117155147163524,336.18806575864426,80.69452206540919,-1.2801246597624269e-06,0.0001537600723725
FR,atlantic_to_france,2020-08-07,2020-08-13,7,1541.4934857142855,-0.0019733038239259973,-111.45140088092931,248030.0,-0.00044934645357791117,336.18806575864426,80.69452206540919,-1.2801246597624269e-06,0.0001537600723725
FR,atlantic_to_france,2020-09-14,2020-09-22,9,1606.138222222222,-0.002056057145253651,-149.303924946446,547568.0,-0.0002726673672428739,336.18806575864426,80.69452206540919,-1.2801246597624269e-06,0.0001537600723725
FR,atlantic_to_france,2015-07-01,2015-07-04,4,1389.766,-0.0017790737278993891,-57.41792212075356,143418.0,-0.0004003536663511802,336.18806575864426,80.69452206540919,-1.2801246597624269e-06,0.0001537600723725
FR,atlantic_to_france,2016-05-07,2016-05-09,3,1256.9529,-0.0016090564034498957,-38.94808031801144,183017.0,-0.00021281127063612365,336.18806575864426,80.69452206540919,-1.2801246597624269e-06,0.0001537600723725
FR,atlantic_to_france,2016-08-23,2016-08-27,5,1309.087,-0.001675794550474416,-67.60585542394448,145371.0,-0.0004650573733684468,336.18806575864426,80.69452206540919,-1.2801246597624269e-06,0.0001537600723725
FR,atlantic_to_france,2016-09-07,2016-09-15,9,1351.2160999999999,-0.0017297250502780132,-125.60679049260361,312436.0,-0.0004020240641046602,336.18806575864426,80.69452206540919,-1.2801246597624269e-06,0.0001537600723725
FR,atlantic_to_france,2017-05-16,2017-05-27,12,1396.0673583333335,-0.0017871402520918886,-173.03478468197412,522277.0,-0.0003313084525682236,336.18806575864426,80.69452206540919,-1.2801246597624269e-06,0.0001537600723725
FR,atlantic_to_france,2017-06-18,2017-06-21,4,1685.874125,-0.0021581290406679043,-69.65157387261132,133340.0,-0.0005223606860102844,336.18806575864426,80.69452206540919,-1.2801246597624269e-06,0.0001537600723725
FR,atlantic_to_france,2018-07-25,2018-07-27,3,1642.8410999999999,-0.002103041404181231,-50.905254375506246,79001.0,-0.0006443621520677744,336.18806575864426,80.69452206540919,-1.2801246597624269e-06,0.0001537600723725
FR,atlantic_to_france,2018-08-03,2018-08-07,5,1890.97598,-0.0024206849830164215,-97.65664827015449,223847.0,-0.0004362651644657042,336.18806575864426,80.69452206540919,-1.2801246597624269e-06,0.0001537600723725
FR,atlantic_to_france,2019-07-23,2019-07-25,3,1312.9064666666666,-0.0016806839439415565,-40.68186366710316,148077.84210526317,-0.0002747329586163465,336.18806575864426,80.69452206540919,-1.2801246597624269e-06,0.0001537600723725
FR,atlantic_to_france,2019-08-25,2019-08-27,3,1436.0460333333333,-0.001838317939824016,-44.49747977559733,74709.0,-0.0005956106998567419,336.18806575864426,80.69452206540919,-1.2801246597624269e-06,0.0001537600723725
FR,atlantic_to_france,2020-08-06,2020-08-13,8,1559.98795,-0.0019969790437272357,-128.90122023767162,277433.0,-0.00046462108054078506,336.18806575864426,80.69452206540919,-1.2801246597624269e-06,0.0001537600723725
FR,atlantic_to_france,2015-07-01,2015-07-04,4,1389.766,-0.0017790737278993891,-57.41792212075356,143418.0,-0.0004003536663511802,336.18806575864426,80.69452206540919,-1.2801246597624269e-06,0.0001537600723725
FR,atlantic_to_france,2016-08-24,2016-08-27,4,1292.344875,-0.001654362543405091,-53.39298657896724,104944.0,-0.0005087759812754158,336.18806575864426,80.69452206540919,-1.2801246597624269e-06,0.0001537600723725
FR,atlantic_to_france,2016-09-07,2016-09-15,9,1351.2160999999999,-0.0017297250502780132,-125.60679049260361,312436.0,-0.0004020240641046602,336.18806575864426,80.69452206540919,-1.2801246597624269e-06,0.0001537600723725
FR,atlantic_to_france,2017-05-26,2017-06-02,8,1534.477075,-0.001964321943547619,-126.79326618787869,277935.0,-0.0004561975504628013,336.18806575864426,80.69452206540919,-1.2801246597624269e-06,0.0001537600723725
FR,atlantic_to_france,2017-06-19,2017-06-21,3,1628.2763666666667,-0.0020843967298783675,-50.453949952184516,75368.0,-0.0006694346400618899,336.18806575864426,80.69452206540919,-1.2801246597624269e-06,0.0001537600723725
FR,atlantic_to_france,2018-05-26,2018-05-28,3,1510.7727666666667,-0.0019339774739075071,-46.81297052451027,133130.0,-0.0003516335200519062,336.18806575864426,80.69452206540919,-1.2801246597624269e-06,0.0001537600723725
FR,atlantic_to_france,2018-08-03,2018-08-07,5,1890.97598,-0.0024206849830164215,-97.65664827015449,223847.0,-0.0004362651644657042,336.18806575864426,80.69452206540919,-1.2801246597624269e-06,0.0001537600723725
FR,atlantic_to_france,2019-06-25,2019-06-29,5,1642.3836600000002,-0.0021024558239568698,-84.81846681588681,352817.0,-0.00024040357130151554,336.18806575864426,80.69452206540919,-1.2801246597624269e-06,0.0001537600723725
FR,atlantic_to_france,2019-07-23,2019-07-25,3,1312.9064666666666,-0.0016806839439415565,-40.68186366710316,148077.84210526317,-0.0002747329586163465,336.18806575864426,80.69452206540919,-1.2801246597624269e-06,0.0001537600723725
FR,atlantic_to_france,2019-08-25,2019-08-31,7,1458.2227,-0.0018667068376953474,-105.43084626534336,226103.0,-0.0004662956540397224,336.18806575864426,80.69452206540919,-1.2801246597624269e-06,0.0001537600723725
FR,atlantic_to_france,2020-08-07,2020-08-13,7,1541.4934857142855,-0.0019733038239259973,-111.45140088092931,248030.0,-0.00044934645357791117,336.18806575864426,80.69452206540919,-1.2801246597624269e-06,0.0001537600723725
FR,atlantic_to_france,2020-09-14,2020-09-19,6,1615.966666666667,-0.00206863877935409,-100.14504047774992,461391.0,-0.00021705026859594121,336.18806575864426,80.69452206540919,-1.2801246597624269e-06,0.0001537600723725
FR,atlantic_to_france,2015-07-01,2015-07-04,4,1389.766,-0.0017790737278993891,-57.41792212075356,143418.0,-0.0004003536663511802,336.18806575864426,80.69452206540919,-1.2801246597624269e-06,0.0001537600723725
FR,atlantic_to_france,2016-08-24,2016-08-27,4,1292.344875,-0.001654362543405091,-53.39298657896724,104944.0,-0.0005087759812754158,336.18806575864426,80.69452206540919,-1.2801246597624269e-06,0.0001537600723725
FR,atlantic_to_france,2016-09-08,2016-09-15,8,1309.9120874999999,-0.0016768507653296277,-108.2375453495174,273060.0,-0.0003963874069783835,336.18806575864426,80.69452206540919,-1.2801246597624269e-06,0.0001537600723725
FR,atlantic_to_france,2017-05-26,2017-05-29,4,1402.2245749999997,-0.0017950222569823883,-57.93264581458803,195028.0,-0.0002970478383339214,336.18806575864426,80.69452206540919,-1.2801246597624269e-06,0.0001537600723725
FR,atlantic_to_france,2017-06-19,2017-06-22,4,1501.25115,-0.001921788617611702,-62.023910222578266,121730.0,-0.0005095203337104926,336.18806575864426,80.69452206540919,-1.2801246597624269e-06,0.0001537600723725
FR,atlantic_to_france,2018-05-26,2018-05-28,3,1510.7727666666667,-0.0019339774739075071,-46.81297052451027,133130.0,-0.0003516335200519062,336.18806575864426,80.69452206540919,-1.2801246597624269e-06,0.0001537600723725
FR,atlantic_to_france,2018-08-03,2018-08-07,5,1890.97598,-0.0024206849830164215,-97.65664827015449,223847.0,-0.0004362651644657042,336.18806575864426,80.69452206540919,-1.2801246597624269e-06,0.0001537600723725
FR,atlantic_to_france,2019-06-25,2019-06-29,5,1642.3836600000002,-0.0021024558239568698,-84.81846681588681,352817.0,-0.00024040357130151554,336.18806575864426,80.69452206540919,-1.2801246597624269e-06,0.0001537600723725
FR,atlantic_to_france,2019-07-23,2019-07-26,4,1346.0142,-0.0017230659698103954,-55.61032469424954,209869.84210526317,-0.0002649753015316865,336.18806575864426,80.69452206540919,-1.2801246597624269e-06,0.0001537600723725
FR,atlantic_to_france,2019-08-25,2019-08-31,7,1458.2227,-0.0018667068376953474,-105.43084626534336,226103.0,-0.0004662956540397224,336.18806575864426,80.69452206540919,-1.2801246597624269e-06,0.0001537600723725
FR,atlantic_to_france,2020-08-06,2020-08-13,8,1559.98795,-0.0019969790437272357,-128.90122023767162,277433.0,-0.00046462108054078506,336.18806575864426,80.69452206540919,-1.2801246597624269e-06,0.0001537600723725
FR,atlantic_to_france,2020-09-14,2020-09-19,6,1615.966666666667,-0.00206863877935409,-100.14504047774992,461391.0,-0.00021705026859594121,336.18806575864426,80.69452206540919,-1.2801246597624269e-06,0.0001537600723725
FR,atlantic_to_france,2015-07-01,2015-07-04,4,1389.766,-0.0017790737278993891,-57.41792212075356,143418.0,-0.0004003536663511802,336.18806575864426,80.69452206540919,-1.2801246597624269e-06,0.0001537600723725
FR,atlantic_to_france,2015-08-03,2015-08-06,4,1250.81705,-0.0016012017505562927,-51.67727226325202,135153.0,-0.00038236126658862195,336.18806575864426,80.69452206540919,-1.2801246597624269e-06,0.0001537600723725
FR,atlantic_to_france,2016-08-24,2016-08-27,4,1292.344875,-0.001654362543405091,-53.39298657896724,104944.0,-0.0005087759812754158,336.18806575864426,80.69452206540919,-1.2801246597624269e-06,0.0001537600723725
FR,atlantic_to_france,2016-09-08,2016-09-15,8,1309.9120874999999,-0.0016768507653296277,-108.2375453495174,273060.0,-0.0003963874069783835,336.18806575864426,80.69452206540919,-1.2801246597624269e-06,0.0001537600723725
FR,atlantic_to_france,2017-05-27,2017-05-29,3,1334.6953999999998,-0.001708576494811476,-41.357017943377514,117868.0,-0.0003508757079391991,336.18806575864426,80.69452206540919,-1.2801246597624269e-06,0.0001537600723725
FR,atlantic_to_france,2017-06-15,2017-06-22,8,1566.4490624999999,-0.0020052500731679848,-129.43509954445912,322723.0,-0.00040107181559560095,336.18806575864426,80.69452206540919,-1.2801246597624269e-06,0.0001537600723725
FR,atlantic_to_france,2018-05-26,2018-05-28,3,1510.7727666666667,-0.0019339774739075071,-46.81297052451027,133130.0,-0.0003516335200519062,336.18806575864426,80.69452206540919,-1.2801246597624269e-06,0.0001537600723725
FR,atlantic_to_france,2018-07-25,2018-07-27,3,1642.8410999999999,-0.002103041404181231,-50.905254375506246,79001.0,-0.0006443621520677744,336.18806575864426,80.69452206540919,-1.2801246597624269e-06,0.0001537600723725
FR,atlantic_to_france,2018-08-03,2018-08-07,5,1890.97598,-0.0024206849830164215,-97.65664827015449,223847.0,-0.0004362651644657042,336.18806575864426,80.69452206540919,-1.2801246597624269e-06,0.0001537600723725
FR,atlantic_to_france,2019-06-02,2019-06-04,3,1251.0001666666667,-0.001601436162716906,-38.76362827054143,169317.0,-0.00022894114749577083,336.18806575864426,80.69452206540919,-1.2801246597624269e-06,0.0001537600723725
FR,atlantic_to_france,2019-06-25,2019-06-29,5,1642.3836600000002,-0.0021024558239568698,-84.81846681588681,352817.0,-0.00024040357130151554,336.18806575864426,80.69452206540919,-1.2801246597624269e-06,0.0001537600723725
FR,atlantic_to_france,2019-07-23,2019-07-26,4,1346.0142,-0.0017230659698103954,-55.61032469424954,209869.84210526317,-0.0002649753015316865,336.18806575864426,80.69452206540919,-1.2801246597624269e-06,0.0001537600723725
FR,atlantic_to_france,2019-08-25,2019-08-31,7,1458.2227,-0.0018667068376953474,-105.43084626534336,226103.0,-0.0004662956540397224,336.18806575864426,80.69452206540919,-1.2801246597624269e-06,0.0001537600723725
FR,atlantic_to_france,2020-08-06,2020-08-20,15,1440.1510199999998,-0.0018435728344840118,-223.12338671173,597699.0,-0.00037330393176453365,336.18806575864426,80.69452206540919,-1.2801246597624269e-06,0.0001537600723725
FR,atlantic_to_france,2020-09-14,2020-09-16,3,1467.184,-0.0018781784188088766,-45.46232422336693,139409.0,-0.0003261075269413519,336.18806575864426,80.69452206540919,-1.2801246597624269e-06,0.0001537600723725
FR,atlantic_to_france,2015-07-01,2015-07-07,7,1396.4638571428573,-0.0017876478199955264,-100.96562496080813,241029.0,-0.00041889409556861677,336.18806575864426,80.69452206540919,-1.2801246597624269e-06,0.0001537600723725
FR,atlantic_to_france,2016-08-25,2016-08-28,4,1279.8342,-0.0016383473198273177,-52.87611038338607,123547.0,-0.0004279837663673426,336.18806575864426,80.69452206540919,-1.2801246597624269e-06,0.0001537600723725
FR,atlantic_to_france,2016-09-08,2016-09-15,8,1309.9120874999999,-0.0016768507653296277,-108.2375453495174,273060.0,-0.0003963874069783835,336.18806575864426,80.69452206540919,-1.2801246597624269e-06,0.0001537600723725
FR,atlantic_to_france,2017-05-27,2017-05-29,3,1334.6953999999998,-0.001708576494811476,-41.357017943377514,117868.0,-0.0003508757079391991,336.18806575864426,80.69452206540919,-1.2801246597624269e-06,0.0001537600723725
FR,atlantic_to_france,2017-06-15,2017-06-22,8,1566.4490624999999,-0.0020052500731679848,-129.43509954445912,322723.0,-0.00040107181559560095,336.18806575864426,80.69452206540919,-1.2801246597624269e-06,0.0001537600723725
FR,atlantic_to_france,2018-05-26,2018-05-29,4,1510.362175,-0.001933451865389914,-62.40033051483627,156957.0,-0.00039756322123152374,336.18806575864426,80.69452206540919,-1.2801246597624269e-06,0.0001537600723725
FR,atlantic_to_france,2018-07-25,2018-08-07,14,1693.2432714285717,-0.002167562466732519,-244.84610072221864,590115.0,-0.00041491251827562194,336.18806575864426,80.69452206540919,-1.2801246597624269e-06,0.0001537600723725
FR,atlantic_to_france,2018-09-18,2018-09-20,3,1224.4122333333332,-0.0015674002936047864,-37.939771654309745,199345.0,-0.00019032216335654139,336.18806575864426,80.69452206540919,-1.2801246597624269e-06,0.0001537600723725
FR,atlantic_to_france,2019-06-25,2019-06-30,6,1585.0256833333335,-0.002029030463591792,-98.22755907652171,403216.0,-0.00024361027111156729,336.18806575864426,80.69452206540919,-1.2801246597624269e-06,0.0001537600723725
FR,atlantic_to_france,2019-07-23,2019-07-26,4,1346.0142,-0.0017230659698103954,-55.61032469424954,209869.84210526317,-0.0002649753015316865,336.18806575864426,80.69452206540919,-1.2801246597624269e-06,0.0001537600723725
FR,atlantic_to_france,2019-08-26,2019-08-31,6,1459.9055833333334,-0.0018688611381498508,-90.47358881367794,205525.0,-0.00044020721962621546,336.18806575864426,80.69452206540919,-1.2801246597624269e-06,0.0001537600723725
FR,atlantic_to_france,2020-08-07,2020-08-16,10,1498.75065,-0.001918587665899966,-154.80150633295239,341563.0,-0.0004532150916022883,336.18806575864426,80.69452206540919,-1.2801246597624269e-06,0.0001537600723725
FR,atlantic_to_france,2020-09-14,2020-09-22,9,1606.138222222222,-0.002056057145253651,-149.303924946446,547568.0,-0.0002726673672428739,336.18806575864426,80.69452206540919,-1.2801246597624269e-06,0.0001537600723725
GB,uk_offshore_to_continent,2018-06-09,2018-06-14,6,2855.0050333333334,1.5774101820818447,0.0,449059.0,0.0,0.0,0.0,0.0005525069706235,5.651348887382973e-05
GB,uk_offshore_to_continent,2018-06-26,2018-07-15,20,3119.28074,1.7234243521816295,0.0,916433.0,0.0,0.0,0.0,0.0005525069706235,5.651348887382973e-05
GB,uk_offshore_to_continent,2018-07-22,2018-07-26,5,3428.1609,1.8940827936689313,0.0,252254.0,0.0,0.0,0.0,0.0005525069706235,5.651348887382973e-05
GB,uk_offshore_to_continent,2020-05-28,2020-06-03,7,4170.685971428572,2.30433307149593,0.0,621121.0,0.0,0.0,0.0,0.0005525069706235,5.651348887382973e-05
GB,uk_offshore_to_continent,2020-08-14,2020-08-19,6,4025.5886166666664,2.224165771570946,0.0,374528.0,0.0,0.0,0.0,0.0005525069706235,5.651348887382973e-05
GB,uk_offshore_to_continent,2015-06-30,2015-07-03,4,2901.568225,1.603136670052156,0.0,244653.0,0.0,0.0,0.0,0.0005525069706235,5.651348887382973e-05
GB,uk_offshore_to_continent,2016-06-06,2016-06-09,4,2263.577225,1.2506421953570988,0.0,66411.0,0.0,0.0,0.0,0.0005525069706235,5.651348887382973e-05
GB,uk_offshore_to_continent,2016-08-15,2016-08-17,3,3052.8024666666665,1.6866946427699483,0.0,125686.0,0.0,0.0,0.0,0.0005525069706235,5.651348887382973e-05
GB,uk_offshore_to_continent,2016-09-03,2016-09-14,12,2947.6939249999996,1.6286214408270443,0.0,897036.0,0.0,0.0,0.0,0.0005525069706235,5.651348887382973e-05
GB,uk_offshore_to_continent,2017-06-19,2017-06-21,3,3547.2717666666667,1.959892377779271,0.0,151028.0,0.0,0.0,0.0,0.0005525069706235,5.651348887382973e-05
GB,uk_offshore_to_continent,2018-06-26,2018-07-15,20,3119.28074,1.7234243521816295,0.0,916433.0,0.0,0.0,0.0,0.0005525069706235,5.651348887382973e-05
GB,uk_offshore_to_continent,2018-07-26,2018-07-29,4,4058.351125,2.242267285800223,0.0,438430.0,0.0,0.0,0.0,0.0005525069706235,5.651348887382973e-05
GB,uk_offshore_to_continent,2019-09-21,2019-09-26,6,4238.416766666667,2.34175480799085,0.0,698927.0,0.0,0.0,0.0,0.0005525069706235,5.651348887382973e-05
GB,uk_offshore_to_continent,2020-05-28,2020-06-03,7,4170.685971428572,2.30433307149593,0.0,621121.0,0.0,0.0,0.0,0.0005525069706235,5.651348887382973e-05
GB,uk_offshore_to_continent,2020-08-13,2020-08-19,7,4117.307614285715,2.2748411570940705,0.0,436277.0,0.0,0.0,0.0,0.0005525069706235,5.651348887382973e-05
GB,uk_offshore_to_continent,2020-09-14,2020-09-17,4,4097.9353,2.264137818414104,0.0,298120.0,0.0,0.0,0.0,0.0005525069706235,5.651348887382973e-05
GB,uk_offshore_to_continent,2016-08-23,2016-08-27,5,2872.71302,1.587193968150886,0.0,183962.0,0.0,0.0,0.0,0.0005525069706235,5.651348887382973e-05
GB,uk_offshore_to_continent,2017-06-18,2017-06-21,4,3423.933625,1.8917471947646889,0.0,188449.0,0.0,0.0,0.0,0.0005525069706235,5.651348887382973e-05
GB,uk_offshore_to_continent,2018-06-26,2018-07-02,7,3662.109985714285,2.0233412942970683,0.0,407781.0,0.0,0.0,0.0,0.0005525069706235,5.651348887382973e-05
GB,uk_offshore_to_continent,2019-07-23,2019-07-25,3,4104.557566666666,2.2677966669087644,0.0,318452.0,0.0,0.0,0.0,0.0005525069706235,5.651348887382973e-05
GB,uk_offshore_to_continent,2020-05-27,2020-06-02,7,4252.066099999999,2.3492961598018796,0.0,512861.0,0.0,0.0,0.0,0.0005525069706235,5.651348887382973e-05
GB,uk_offshore_to_continent,2020-08-10,2020-08-13,4,4742.6280750000005,2.6203350705122115,0.0,210611.0,0.0,0.0,0.0,0.0005525069706235,5.651348887382973e-05
GB,uk_offshore_to_continent,2016-05-08,2016-05-12,5,3556.78892,1.9651506713364302,0.0,494895.0,0.0,0.0,0.0,0.0005525069706235,5.651348887382973e-05
GB,uk_offshore_to_continent,2017-06-18,2017-06-21,4,3423.933625,1.8917471947646889,0.0,188449.0,0.0,0.0,0.0,0.0005525069706235,5.651348887382973e-05
GB,uk_offshore_to_continent,2018-05-26,2018-05-28,3,4122.5223,2.2777223073008233,0.0,298249.0,0.0,0.0,0.0,0.0005525069706235,5.651348887382973e-05
GB,uk_offshore_to_continent,2018-06-26,2018-07-09,14,3208.818557142857,1.7728946202874702,0.0,666183.0,0.0,0.0,0.0,0.0005525069706235,5.651348887382973e-05
GB,uk_offshore_to_continent,2018-08-03,2018-08-05,3,2920.3974000000003,1.613539920490746,0.0,133582.0,0.0,0.0,0.0,0.0005525069706235,5.651348887382973e-05
GB,uk_offshore_to_continent,2019-07-23,2019-07-25,3,4104.557566666666,2.2677966669087644,0.0,318452.0,0.0,0.0,0.0,0.0005525069706235,5.651348887382973e-05
GB,uk_offshore_to_continent,2019-08-24,2019-08-27,4,4999.850175,2.762452073760626,0.0,173552.0,0.0,0.0,0.0,0.0005525069706235,5.651348887382973e-05
GB,uk_offshore_to_continent,2020-05-27,2020-06-02,7,4252.066099999999,2.3492961598018796,0.0,512861.0,0.0,0.0,0.0,0.0005525069706235,5.651348887382973e-05
GB,uk_offshore_to_continent,2020-08-07,2020-08-13,7,4683.306842857142,2.5875596762473076,0.0,487633.0,0.0,0.0,0.0,0.0005525069706235,5.651348887382973e-05
GB,uk_offshore_to_continent,2020-09-14,2020-09-21,8,4448.989187499999,2.458097538322331,0.0,759433.0,0.0,0.0,0.0,0.0005525069706235,5.651348887382973e-05
GB,uk_offshore_to_continent,2016-09-13,2016-09-15,3,3766.8322666666663,2.081201084502852,0.0,126201.0,0.0,0.0,0.0,0.0005525069706235,5.651348887382973e-05
GB,uk_offshore_to_continent,2017-06-17,2017-06-21,5,3159.59066,1.745695863966905,0.0,262591.0,0.0,0.0,0.0,0.0005525069706235,5.651348887382973e-05
GB,uk_offshore_to_continent,2018-05-26,2018-05-28,3,4122.5223,2.2777223073008233,0.0,298249.0,0.0,0.0,0.0,0.0005525069706235,5.651348887382973e-05
GB,uk_offshore_to_continent,2018-07-01,2018-07-09,9,3069.2465777777775,1.6957801287845444,0.0,439589.0,0.0,0.0,0.0,0.0005525069706235,5.651348887382973e-05
GB,uk_offshore_to_continent,2018-08-03,2018-08-07,5,3309.30548,1.8284143456225477,0.0,229452.0,0.0,0.0,0.0,0.0005525069706235,5.651348887382973e-05
GB,uk_offshore_to_continent,2019-07-23,2019-07-25,3,4104.557566666666,2.2677966669087644,0.0,318452.0,0.0,0.0,0.0,0.0005525069706235,5.651348887382973e-05
GB,uk_offshore_to_continent,2019-08-24,2019-08-27,4,4999.850175,2.762452073760626,0.0,173552.0,0.0,0.0,0.0,0.0005525069706235,5.651348887382973e-05
GB,uk_offshore_to_continent,2020-05-31,2020-06-02,3,4369.838166666666,2.414366047579949,0.0,222885.0,0.0,0.0,0.0,0.0005525069706235,5.651348887382973e-05
GB,uk_offshore_to_continent,2020-08-07,2020-08-13,7,4683.306842857142,2.5875596762473076,0.0,487633.0,0.0,0.0,0.0,0.0005525069706235,5.651348887382973e-05
GB,uk_offshore_to_continent,2020-09-14,2020-09-20,7,4328.092357142857,2.391301196823723,0.0,698682.0,0.0,0.0,0.0,0.0005525069706235,5.651348887382973e-05
GB,uk_offshore_to_continent,2016-08-23,2016-08-25,3,3023.858733333333,1.6707030283474138,0.0,79507.0,0.0,0.0,0.0,0.0005525069706235,5.651348887382973e-05
GB,uk_offshore_to_continent,2016-09-07,2016-09-15,9,3196.094333333333,1.7658643979369346,0.0,674652.0,0.0,0.0,0.0,0.0005525069706235,5.651348887382973e-05
GB,uk_offshore_to_continent,2017-06-17,2017-06-21,5,3159.59066,1.745695863966905,0.0,262591.0,0.0,0.0,0.0,0.0005525069706235,5.651348887382973e-05
GB,uk_offshore_to_continent,2018-05-26,2018-05-28,3,4122.5223,2.2777223073008233,0.0,298249.0,0.0,0.0,0.0,0.0005525069706235,5.651348887382973e-05
GB,uk_offshore_to_continent,2018-07-01,2018-07-09,9,3069.2465777777775,1.6957801287845444,0.0,439589.0,0.0,0.0,0.0,0.0005525069706235,5.651348887382973e-05
GB,uk_offshore_to_continent,2018-07-23,2018-07-27,5,3852.8626400000003,2.128733465454861,0.0,267873.0,0.0,0.0,0.0,0.0005525069706235,5.651348887382973e-05
GB,uk_offshore_to_continent,2018-08-03,2018-08-07,5,3309.30548,1.8284143456225477,0.0,229452.0,0.0,0.0,0.0,0.0005525069706235,5.651348887382973e-05
GB,uk_offshore_to_continent,2019-07-23,2019-07-25,3,4104.557566666666,2.2677966669087644,0.0,318452.0,0.0,0.0,0.0,0.0005525069706235,5.651348887382973e-05
GB,uk_offshore_to_continent,2019-08-24,2019-08-27,4,4999.850175,2.762452073760626,0.0,173552.0,0.0,0.0,0.0,0.0005525069706235,5.651348887382973e-05
GB,uk_offshore_to_continent,2020-05-21,2020-06-02,13,4004.1020615384623,2.212294300087927,0.0,1404738.0,0.0,0.0,0.0,0.0005525069706235,5.651348887382973e-05
GB,uk_offshore_to_continent,2020-08-07,2020-08-13,7,4683.306842857142,2.5875596762473076,0.0,487633.0,0.0,0.0,0.0,0.0005525069706235,5.651348887382973e-05
GB,uk_offshore_to_continent,2020-09-14,2020-09-22,9,4359.6047,2.4087119859129724,0.0,911863.0,0.0,0.0,0.0,0.0005525069706235,5.651348887382973e-05
GB,uk_offshore_to_continent,2015-07-01,2015-07-04,4,2997.492725,1.65613562495573,0.0,261687.0,0.0,0.0,0.0,0.0005525069706235,5.651348887382973e-05
GB,uk_offshore_to_continent,2016-05-07,2016-05-09,3,3682.6553,2.0346927236535763,0.0,273006.0,0.0,0.0,0.0,0.0005525069706235,5.651348887382973e-05
GB,uk_offshore_to_continent,2016-08-23,2016-08-27,5,2872.71302,1.587193968150886,0.0,183962.0,0.0,0.0,0.0,0.0005525069706235,5.651348887382973e-05
GB,uk_offshore_to_continent,2016-09-07,2016-09-15,9,3196.094333333333,1.7658643979369346,0.0,674652.0,0.0,0.0,0.0,0.0005525069706235,5.651348887382973e-05
GB,uk_offshore_to_continent,2017-05-16,2017-05-27,12,3162.080483333333,1.7470715087141926,0.0,819729.0,0.0,0.0,0.0,0.0005525069706235,5.651348887382973e-05
GB,uk_offshore_to_continent,2017-06-18,2017-06-21,4,3423.933625,1.8917471947646889,0.0,188449.0,0.0,0.0,0.0,0.0005525069706235,5.651348887382973e-05
GB,uk_offshore_to_continent,2018-07-25,2018-07-27,3,4369.44,2.4141460577211458,0.0,172872.0,0.0,0.0,0.0,0.0005525069706235,5.651348887382973e-05
GB,uk_offshore_to_continent,2018-08-03,2018-08-07,5,3309.30548,1.8284143456225477,0.0,229452.0,0.0,0.0,0.0,0.0005525069706235,5.651348887382973e-05
GB,uk_offshore_to_continent,2019-07-23,2019-07-25,3,4104.557566666666,2.2677966669087644,0.0,318452.0,0.0,0.0,0.0,0.0005525069706235,5.651348887382973e-05
GB,uk_offshore_to_continent,2019-08-25,2019-08-27,3,5036.622566666667,2.7827690764829573,0.0,112607.0,0.0,0.0,0.0,0.0005525069706235,5.651348887382973e-05
GB,uk_offshore_to_continent,2020-08-06,2020-08-13,8,4592.2719625,2.53726227028011,0.0,561128.0,0.0,0.0,0.0,0.0005525069706235,5.651348887382973e-05
GB,uk_offshore_to_continent,2016-05-09,2016-05-13,5,3330.06518,1.8398842245806002,0.0,519174.0,0.0,0.0,0.0,0.0005525069706235,5.651348887382973e-05
GB,uk_offshore_to_continent,2017-06-17,2017-06-21,5,3159.59066,1.745695863966905,0.0,262591.0,0.0,0.0,0.0,0.0005525069706235,5.651348887382973e-05
GB,uk_offshore_to_continent,2018-05-25,2018-05-29,5,3998.11564,2.208986760458836,0.0,484681.0,0.0,0.0,0.0,0.0005525069706235,5.651348887382973e-05
GB,uk_offshore_to_continent,2018-06-25,2018-07-08,14,3209.9474071428567,1.7735183177812583,0.0,645788.0,0.0,0.0,0.0,0.0005525069706235,5.651348887382973e-05
GB,uk_offshore_to_continent,2018-08-18,2018-08-21,4,2993.73685,1.6540604778374393,0.0,312250.0,0.0,0.0,0.0,0.0005525069706235,5.651348887382973e-05
GB,uk_offshore_to_continent,2020-05-28,2020-06-02,6,4388.315233333334,2.424574755709958,0.0,479152.0,0.0,0.0,0.0,0.0005525069706235,5.651348887382973e-05
GB,uk_offshore_to_continent,2020-08-11,2020-08-18,8,4277.5485,2.3633753634300962,0.0,413136.0,0.0,0.0,0.0,0.0005525069706235,5.651348887382973e-05
GB,uk_offshore_to_continent,2020-09-14,2020-09-16,3,3897.3903000000005,2.1533353079904143,0.0,193231.0,0.0,0.0,0.0,0.0005525069706235,5.651348887382973e-05
GB,uk_offshore_to_continent,2016-05-08,2016-05-12,5,3556.78892,1.9651506713364302,0.0,494895.0,0.0,0.0,0.0,0.0005525069706235,5.651348887382973e-05
GB,uk_offshore_to_continent,2016-09-05,2016-09-14,10,3050.2877099999996,1.685305222182193,0.0,761861.0,0.0,0.0,0.0,0.0005525069706235,5.651348887382973e-05
GB,uk_offshore_to_continent,2017-06-19,2017-06-21,3,3547.2717666666667,1.959892377779271,0.0,151028.0,0.0,0.0,0.0,0.0005525069706235,5.651348887382973e-05
GB,uk_offshore_to_continent,2018-06-25,2018-07-08,14,3209.9474071428567,1.7735183177812583,0.0,645788.0,0.0,0.0,0.0,0.0005525069706235,5.651348887382973e-05
GB,uk_offshore_to_continent,2018-07-22,2018-07-26,5,3428.1609,1.8940827936689313,0.0,252254.0,0.0,0.0,0.0,0.0005525069706235,5.651348887382973e-05
GB,uk_offshore_to_continent,2018-08-14,2018-08-21,8,2860.78945,1.5806061126111688,0.0,814714.0,0.0,0.0,0.0,0.0005525069706235,5.651348887382973e-05
GB,uk_offshore_to_continent,2019-09-20,2019-09-22,3,4060.4628,2.2434340009574143,0.0,364757.0,0.0,0.0,0.0,0.0005525069706235,5.651348887382973e-05
GB,uk_offshore_to_continent,2020-05-28,2020-06-02,6,4388.315233333334,2.424574755709958,0.0,479152.0,0.0,0.0,0.0,0.0005525069706235,5.651348887382973e-05
GB,uk_offshore_to_continent,2016-05-08,2016-05-12,5,3556.78892,1.9651506713364302,0.0,494895.0,0.0,0.0,0.0,0.0005525069706235,5.651348887382973e-05
GB,uk_offshore_to_continent,2016-08-15,2016-08-17,3,3052.8024666666665,1.6866946427699483,0.0,125686.0,0.0,0.0,0.0,0.0005525069706235,5.651348887382973e-05
GB,uk_offshore_to_continent,2016-09-07,2016-09-14,8,3121.3972375,1.7245937318036866,0.0,649274.0,0.0,0.0,0.0,0.0005525069706235,5.651348887382973e-05
GB,uk_offshore_to_continent,2017-06-18,2017-06-21,4,3423.933625,1.8917471947646889,0.0,188449.0,0.0,0.0,0.0,0.0005525069706235,5.651348887382973e-05
GB,uk_offshore_to_continent,2018-05-26,2018-05-29,4,3958.439725,2.1870655408554707,0.0,408275.0,0.0,0.0,0.0,0.0005525069706235,5.651348887382973e-05
GB,uk_offshore_to_continent,2018-06-26,2018-07-08,13,3270.735861538461,1.8071043625682583,0.0,624988.0,0.0,0.0,0.0,0.0005525069706235,5.651348887382973e-05
GB,uk_offshore_to_continent,2019-07-23,2019-07-25,3,4104.557566666666,2.2677966669087644,0.0,318452.0,0.0,0.0,0.0,0.0005525069706235,5.651348887382973e-05
GB,uk_offshore_to_continent,2020-05-28,2020-06-01,5,4501.664699999999,2.4872011261597464,0.0,441381.0,0.0,0.0,0.0,0.0005525069706235,5.651348887382973e-05
GB,uk_offshore_to_continent,2020-08-11,2020-08-20,10,4294.89807,2.372961121792417,0.0,709909.0,0.0,0.0,0.0,0.0005525069706235,5.651348887382973e-05
GB,uk_offshore_to_continent,2017-06-17,2017-06-21,5,3159.59066,1.745695863966905,0.0,262591.0,0.0,0.0,0.0,0.0005525069706235,5.651348887382973e-05
GB,uk_offshore_to_continent,2018-06-26,2018-07-08,13,3270.735861538461,1.8071043625682583,0.0,624988.0,0.0,0.0,0.0,0.0005525069706235,5.651348887382973e-05
GB,uk_offshore_to_continent,2019-07-23,2019-07-25,3,4104.557566666666,2.2677966669087644,0.0,318452.0,0.0,0.0,0.0,0.0005525069706235,5.651348887382973e-05
GB,uk_offshore_to_continent,2019-08-23,2019-08-27,5,4702.7504,2.5983023771024527,0.0,281481.0,0.0,0.0,0.0,0.0005525069706235,5.651348887382973e-05
GB,uk_offshore_to_continent,2020-05-28,2020-05-31,4,4466.848875,2.467965140159239,0.0,374534.0,0.0,0.0,0.0,0.0005525069706235,5.651348887382973e-05
GB,uk_offshore_to_continent,2020-08-07,2020-08-12,6,4685.92105,2.58900404391639,0.0,425884.0,0.0,0.0,0.0,0.0005525069706235,5.651348887382973e-05
GB,uk_offshore_to_continent,2016-09-13,2016-09-15,3,3766.8322666666663,2.081201084502852,0.0,126201.0,0.0,0.0,0.0,0.0005525069706235,5.651348887382973e-05
GB,uk_offshore_to_continent,2016-09-24,2016-09-28,5,2659.1065200000003,1.4691748879303974,0.0,560874.0,0.0,0.0,0.0,0.0005525069706235,5.651348887382973e-05
GB,uk_offshore_to_continent,2017-05-24,2017-05-26,3,2946.7317333333326,1.6280898232241348,0.0,179734.0,0.0,0.0,0.0,0.0005525069706235,5.651348887382973e-05
GB,uk_offshore_to_continent,2017-06-17,2017-06-21,5,3159.59066,1.745695863966905,0.0,262591.0,0.0,0.0,0.0,0.0005525069706235,5.651348887382973e-05
GB,uk_offshore_to_continent,2018-07-01,2018-07-08,8,3152.4156999999996,1.74173164855296,0.0,398394.0,0.0,0.0,0.0,0.0005525069706235,5.651348887382973e-05
GB,uk_offshore_to_continent,2018-07-23,2018-07-27,5,3852.8626400000003,2.128733465454861,0.0,267873.0,0.0,0.0,0.0,0.0005525069706235,5.651348887382973e-05
GB,uk_offshore_to_continent,2018-08-02,2018-08-06,5,3169.1887799999995,1.7509988921717856,0.0,247873.0,0.0,0.0,0.0,0.0005525069706235,5.651348887382973e-05
GB,uk_offshore_to_continent,2019-07-23,2019-07-25,3,4104.557566666666,2.2677966669087644,0.0,318452.0,0.0,0.0,0.0,0.0005525069706235,5.651348887382973e-05
GB,uk_offshore_to_continent,2019-08-24,2019-08-27,4,4999.850175,2.762452073760626,0.0,173552.0,0.0,0.0,0.0,0.0005525069706235,5.651348887382973e-05
GB,uk_offshore_to_continent,2020-08-07,2020-08-12,6,4685.92105,2.58900404391639,0.0,425884.0,0.0,0.0,0.0,0.0005525069706235,5.651348887382973e-05
GB,uk_offshore_to_continent,2016-09-13,2016-09-15,3,3766.8322666666663,2.081201084502852,0.0,126201.0,0.0,0.0,0.0,0.0005525069706235,5.651348887382973e-05
GB,uk_offshore_to_continent,2017-05-24,2017-06-01,9,2925.9184555555557,1.61659034217039,0.0,583004.0,0.0,0.0,0.0,0.0005525069706235,5.651348887382973e-05
GB,uk_offshore_to_continent,2017-06-17,2017-06-21,5,3159.59066,1.745695863966905,0.0,262591.0,0.0,0.0,0.0,0.0005525069706235,5.651348887382973e-05
GB,uk_offshore_to_continent,2018-07-01,2018-07-08,8,3152.4156999999996,1.74173164855296,0.0,398394.0,0.0,0.0,0.0,0.0005525069706235,5.651348887382973e-05
GB,uk_offshore_to_continent,2018-07-23,2018-07-27,5,3852.8626400000003,2.128733465454861,0.0,267873.0,0.0,0.0,0.0,0.0005525069706235,5.651348887382973e-05
GB,uk_offshore_to_continent,2018-08-02,2018-08-07,6,3376.1555999999996,1.8653495029095648,0.0,287049.0,0.0,0.0,0.0,0.0005525069706235,5.651348887382973e-05
GB,uk_offshore_to_continent,2019-07-23,2019-07-25,3,4104.557566666666,2.2677966669087644,0.0,318452.0,0.0,0.0,0.0,0.0005525069706235,5.651348887382973e-05
GB,uk_offshore_to_continent,2019-08-24,2019-08-27,4,4999.850175,2.762452073760626,0.0,173552.0,0.0,0.0,0.0,0.0005525069706235,5.651348887382973e-05
GB,uk_offshore_to_continent,2020-05-19,2020-05-25,7,3639.8131000000003,2.0110221095167304,0.0,973474.0,0.0,0.0,0.0,0.0005525069706235,5.651348887382973e-05
GB,uk_offshore_to_continent,2020-06-24,2020-06-26,3,4999.596966666667,2.76231217439144,0.0,307120.0,0.0,0.0,0.0,0.0005525069706235,5.651348887382973e-05
GB,uk_offshore_to_continent,2020-08-07,2020-08-12,6,4685.92105,2.58900404391639,0.0,425884.0,0.0,0.0,0.0,0.0005525069706235,5.651348887382973e-05
GB,uk_offshore_to_continent,2015-07-01,2015-07-04,4,2997.492725,1.65613562495573,0.0,261687.0,0.0,0.0,0.0,0.0005525069706235,5.651348887382973e-05
GB,uk_offshore_to_continent,2016-05-07,2016-05-09,3,3682.6553,2.0346927236535763,0.0,273006.0,0.0,0.0,0.0,0.0005525069706235,5.651348887382973e-05
GB,uk_offshore_to_continent,2016-08-22,2016-08-24,3,2719.783066666667,1.5026991029170929,0.0,148859.0,0.0,0.0,0.0,0.0005525069706235,5.651348887382973e-05
GB,uk_offshore_to_continent,2016-09-06,2016-09-15,10,3169.6866600000003,1.75127397434232,0.0,730020.0,0.0,0.0,0.0,0.0005525069706235,5.651348887382973e-05
GB,uk_offshore_to_continent,2016-09-24,2016-09-28,5,2659.1065200000003,1.4691748879303974,0.0,560874.0,0.0,0.0,0.0,0.0005525069706235,5.651348887382973e-05
GB,uk_offshore_to_continent,2017-05-27,2017-06-02,7,3062.6990285714287,1.6921625622075362,0.0,428662.0,0.0,0.0,0.0,0.0005525069706235,5.651348887382973e-05
GB,uk_offshore_to_continent,2017-06-10,2017-06-22,13,2908.5417153846156,1.6069895720992322,0.0,1160858.0,0.0,0.0,0.0,0.0005525069706235,5.651348887382973e-05
GB,uk_offshore_to_continent,2018-07-23,2018-07-27,5,3852.8626400000003,2.128733465454861,0.0,267873.0,0.0,0.0,0.0,0.0005525069706235,5.651348887382973e-05
GB,uk_offshore_to_continent,2018-08-02,2018-08-07,6,3376.1555999999996,1.8653495029095648,0.0,287049.0,0.0,0.0,0.0,0.0005525069706235,5.651348887382973e-05
GB,uk_offshore_to_continent,2019-05-26,2019-06-02,8,3180.2429625,1.7571064050575802,0.0,956871.0,0.0,0.0,0.0,0.0005525069706235,5.651348887382973e-05
GB,uk_offshore_to_continent,2019-06-24,2019-06-29,6,3688.1569000000004,2.0377323960031593,0.0,492215.0,0.0,0.0,0.0,0.0005525069706235,5.651348887382973e-05
GB,uk_offshore_to_continent,2019-07-22,2019-07-26,5,4098.61846,2.2645152690761545,0.0,585878.0,0.0,0.0,0.0,0.0005525069706235,5.651348887382973e-05
GB,uk_offshore_to_continent,2019-08-25,2019-08-27,3,5036.622566666667,2.7827690764829573,0.0,112607.0,0.0,0.0,0.0,0.0005525069706235,5.651348887382973e-05
GB,uk_offshore_to_continent,2020-06-24,2020-06-26,3,4999.596966666667,2.76231217439144,0.0,307120.0,0.0,0.0,0.0,0.0005525069706235,5.651348887382973e-05
GB,uk_offshore_to_continent,2020-08-07,2020-08-12,6,4685.92105,2.58900404391639,0.0,425884.0,0.0,0.0,0.0,0.0005525069706235,5.651348887382973e-05
GB,uk_offshore_to_continent,2016-05-08,2016-05-12,5,3556.78892,1.9651506713364302,0.0,494895.0,0.0,0.0,0.0,0.0005525069706235,5.651348887382973e-05
GB,uk_offshore_to_continent,2016-09-05,2016-09-07,3,2826.7070333333336,1.561775339827141,0.0,149980.0,0.0,0.0,0.0,0.0005525069706235,5.651348887382973e-05
GB,uk_offshore_to_continent,2017-06-17,2017-06-21,5,3159.59066,1.745695863966905,0.0,262591.0,0.0,0.0,0.0,0.0005525069706235,5.651348887382973e-05
GB,uk_offshore_to_continent,2018-06-24,2018-07-04,11,3289.1496636363636,1.8172781165830312,0.0,550172.0,0.0,0.0,0.0,0.0005525069706235,5.651348887382973e-05
GB,uk_offshore_to_continent,2019-09-19,2019-09-21,3,3548.7325,1.9606994431281597,0.0,297961.0,0.0,0.0,0.0,0.0005525069706235,5.651348887382973e-05
GB,uk_offshore_to_continent,2020-05-28,2020-06-02,6,4388.315233333334,2.424574755709958,0.0,479152.0,0.0,0.0,0.0,0.0005525069706235,5.651348887382973e-05
GB,uk_offshore_to_continent,2020-08-08,2020-08-15,8,4469.12895,2.4692248974902835,0.0,521963.0,0.0,0.0,0.0,0.0005525069706235,5.651348887382973e-05
GB,uk_offshore_to_continent,2020-09-14,2020-09-16,3,3897.3903000000005,2.1533353079904143,0.0,193231.0,0.0,0.0,0.0,0.0005525069706235,5.651348887382973e-05
GB,uk_offshore_to_continent,2016-05-08,2016-05-12,5,3556.78892,1.9651506713364302,0.0,494895.0,0.0,0.0,0.0,0.0005525069706235,5.651348887382973e-05
GB,uk_offshore_to_continent,2016-09-05,2016-09-12,8,2874.5064249999996,1.5881848369145368,0.0,661038.0,0.0,0.0,0.0,0.0005525069706235,5.651348887382973e-05
GB,uk_offshore_to_continent,2017-06-17,2017-06-21,5,3159.59066,1.745695863966905,0.0,262591.0,0.0,0.0,0.0,0.0005525069706235,5.651348887382973e-05
GB,uk_offshore_to_continent,2018-06-25,2018-07-08,14,3209.9474071428567,1.7735183177812583,0.0,645788.0,0.0,0.0,0.0,0.0005525069706235,5.651348887382973e-05
GB,uk_offshore_to_continent,2018-08-15,2018-08-22,8,2963.882025,1.6375654789181946,0.0,830173.0,0.0,0.0,0.0,0.0005525069706235,5.651348887382973e-05
GB,uk_offshore_to_continent,2019-08-23,2019-08-25,3,4485.7201,2.478391623515943,0.0,204243.0,0.0,0.0,0.0,0.0005525069706235,5.651348887382973e-05
GB,uk_offshore_to_continent,2020-05-28,2020-06-02,6,4388.315233333334,2.424574755709958,0.0,479152.0,0.0,0.0,0.0,0.0005525069706235,5.651348887382973e-05
GB,uk_offshore_to_continent,2020-09-08,2020-09-15,8,3379.245025,1.8670564317572835,0.0,1103580.0,0.0,0.0,0.0,0.0005525069706235,5.651348887382973e-05
GB,uk_offshore_to_continent,2016-05-08,2016-05-12,5,3556.78892,1.9651506713364302,0.0,494895.0,0.0,0.0,0.0,0.0005525069706235,5.651348887382973e-05
GB,uk_offshore_to_continent,2016-08-15,2016-08-18,4,3113.024775,1.7199678879111526,0.0,164224.0,0.0,0.0,0.0,0.0005525069706235,5.651348887382973e-05
GB,uk_offshore_to_continent,2016-09-05,2016-09-15,11,3117.868018181818,1.7226438135295319,0.0,787239.0,0.0,0.0,0.0,0.0005525069706235,5.651348887382973e-05
GB,uk_offshore_to_continent,2017-05-25,2017-05-27,3,3616.2353999999996,1.9979952659154605,0.0,223909.0,0.0,0.0,0.0,0.0005525069706235,5.651348887382973e-05
GB,uk_offshore_to_continent,2017-06-19,2017-06-21,3,3547.2717666666667,1.959892377779271,0.0,151028.0,0.0,0.0,0.0,0.0005525069706235,5.651348887382973e-05
GB,uk_offshore_to_continent,2018-05-26,2018-05-29,4,3958.439725,2.1870655408554707,0.0,408275.0,0.0,0.0,0.0,0.0005525069706235,5.651348887382973e-05
GB,uk_offshore_to_continent,2018-06-26,2018-07-02,7,3662.109985714285,2.0233412942970683,0.0,407781.0,0.0,0.0,0.0,0.0005525069706235,5.651348887382973e-05
GB,uk_offshore_to_continent,2019-09-20,2019-09-22,3,4060.4628,2.2434340009574143,0.0,364757.0,0.0,0.0,0.0,0.0005525069706235,5.651348887382973e-05
GB,uk_offshore_to_continent,2020-05-29,2020-05-31,3,4569.229966666667,2.524531406965116,0.0,315159.0,0.0,0.0,0.0,0.0005525069706235,5.651348887382973e-05
GB,uk_offshore_to_continent,2020-08-11,2020-08-20,10,4294.89807,2.372961121792417,0.0,709909.0,0.0,0.0,0.0,0.0005525069706235,5.651348887382973e-05
GB,uk_offshore_to_continent,2016-05-08,2016-05-12,5,3556.78892,1.9651506713364302,0.0,494895.0,0.0,0.0,0.0,0.0005525069706235,5.651348887382973e-05
GB,uk_offshore_to_continent,2016-06-05,2016-06-07,3,2487.6729333333333,1.3744566362980761,0.0,73305.0,0.0,0.0,0.0,0.0005525069706235,5.651348887382973e-05
GB,uk_offshore_to_continent,2016-08-15,2016-08-23,9,2936.2165111111112,1.6222800896487024,0.0,639740.0,0.0,0.0,0.0,0.0005525069706235,5.651348887382973e-05
GB,uk_offshore_to_continent,2016-09-06,2016-09-14,9,3100.3550555555557,1.712967779602253,0.0,704642.0,0.0,0.0,0.0,0.0005525069706235,5.651348887382973e-05
GB,uk_offshore_to_continent,2017-05-25,2017-05-27,3,3616.2353999999996,1.9979952659154605,0.0,223909.0,0.0,0.0,0.0,0.0005525069706235,5.651348887382973e-05
GB,uk_offshore_to_continent,2017-06-18,2017-06-21,4,3423.933625,1.8917471947646889,0.0,188449.0,0.0,0.0,0.0,0.0005525069706235,5.651348887382973e-05
GB,uk_offshore_to_continent,2018-05-27,2018-05-31,5,3908.3155399999996,2.1593715792461485,0.0,372759.0,0.0,0.0,0.0,0.0005525069706235,5.651348887382973e-05
GB,uk_offshore_to_continent,2018-06-26,2018-07-02,7,3662.109985714285,2.0233412942970683,0.0,407781.0,0.0,0.0,0.0,0.0005525069706235,5.651348887382973e-05
GB,uk_offshore_to_continent,2019-07-23,2019-07-25,3,4104.557566666666,2.2677966669087644,0.0,318452.0,0.0,0.0,0.0,0.0005525069706235,5.651348887382973e-05
GB,uk_offshore_to_continent,2019-08-24,2019-08-27,4,4999.850175,2.762452073760626,0.0,173552.0,0.0,0.0,0.0,0.0005525069706235,5.651348887382973e-05
GB,uk_offshore_to_continent,2020-05-28,2020-05-31,4,4466.848875,2.467965140159239,0.0,374534.0,0.0,0.0,0.0,0.0005525069706235,5.651348887382973e-05
GB,uk_offshore_to_continent,2020-08-07,2020-08-14,8,4574.01135,2.5271731545860057,0.0,538996.0,0.0,0.0,0.0,0.0005525069706235,5.651348887382973e-05
GB,uk_offshore_to_continent,2016-09-06,2016-09-13,8,3017.1050375000004,1.6669715643220266,0.0,648843.0,0.0,0.0,0.0,0.0005525069706235,5.651348887382973e-05
GB,uk_offshore_to_continent,2017-05-24,2017-05-27,4,3225.5086999999994,1.7821160405567433,0.0,272414.0,0.0,0.0,0.0,0.0005525069706235,5.651348887382973e-05
GB,uk_offshore_to_continent,2017-06-17,2017-06-21,5,3159.59066,1.745695863966905,0.0,262591.0,0.0,0.0,0.0,0.0005525069706235,5.651348887382973e-05
GB,uk_offshore_to_continent,2018-05-05,2018-05-08,4,4536.1194749999995,2.506237629518511,0.0,246013.0,0.0,0.0,0.0,0.0005525069706235,5.651348887382973e-05
GB,uk_offshore_to_continent,2018-07-01,2018-07-08,8,3152.4156999999996,1.74173164855296,0.0,398394.0,0.0,0.0,0.0,0.0005525069706235,5.651348887382973e-05
GB,uk_offshore_to_continent,2018-07-23,2018-07-27,5,3852.8626400000003,2.128733465454861,0.0,267873.0,0.0,0.0,0.0,0.0005525069706235,5.651348887382973e-05
GB,uk_offshore_to_continent,2018-08-05,2018-08-07,3,3557.6432333333337,1.9656226854081937,0.0,132068.0,0.0,0.0,0.0,0.0005525069706235,5.651348887382973e-05
GB,uk_offshore_to_continent,2019-07-23,2019-07-25,3,4104.557566666666,2.2677966669087644,0.0,318452.0,0.0,0.0,0.0,0.0005525069706235,5.651348887382973e-05
GB,uk_offshore_to_continent,2019-08-23,2019-08-27,5,4702.7504,2.5983023771024527,0.0,281481.0,0.0,0.0,0.0,0.0005525069706235,5.651348887382973e-05
GB,uk_offshore_to_continent,2020-08-07,2020-08-12,6,4685.92105,2.58900404391639,0.0,425884.0,0.0,0.0,0.0,0.0005525069706235,5.651348887382973e-05
GB,uk_offshore_to_continent,2015-06-30,2015-07-04,5,2978.1849,1.6454679170556514,0.0,331205.0,0.0,0.0,0.0,0.0005525069706235,5.651348887382973e-05
GB,uk_offshore_to_continent,2016-07-18,2016-07-20,3,2725.5713333333333,1.5058971605982536,0.0,150933.0,0.0,0.0,0.0,0.0005525069706235,5.651348887382973e-05
GB,uk_offshore_to_continent,2016-09-06,2016-09-13,8,3017.1050375000004,1.6669715643220266,0.0,648843.0,0.0,0.0,0.0,0.0005525069706235,5.651348887382973e-05
GB,uk_offshore_to_continent,2017-05-24,2017-06-01,9,2925.9184555555557,1.61659034217039,0.0,583004.0,0.0,0.0,0.0,0.0005525069706235,5.651348887382973e-05
GB,uk_offshore_to_continent,2017-06-17,2017-06-19,3,2833.4581,1.565505351219618,0.0,141077.0,0.0,0.0,0.0,0.0005525069706235,5.651348887382973e-05
GB,uk_offshore_to_continent,2018-07-05,2018-07-08,4,2741.0085249999997,1.514426316600938,0.0,119724.0,0.0,0.0,0.0,0.0005525069706235,5.651348887382973e-05
GB,uk_offshore_to_continent,2018-07-23,2018-07-27,5,3852.8626400000003,2.128733465454861,0.0,267873.0,0.0,0.0,0.0,0.0005525069706235,5.651348887382973e-05
GB,uk_offshore_to_continent,2018-08-02,2018-08-07,6,3376.1555999999996,1.8653495029095648,0.0,287049.0,0.0,0.0,0.0,0.0005525069706235,5.651348887382973e-05
GB,uk_offshore_to_continent,2018-09-17,2018-09-19,3,3225.9048333333335,1.7823349069847068,0.0,582184.0,0.0,0.0,0.0,0.0005525069706235,5.651348887382973e-05
GB,uk_offshore_to_continent,2019-05-30,2019-06-02,4,3410.93995,1.8845680987531725,0.0,544237.0,0.0,0.0,0.0,0.0005525069706235,5.651348887382973e-05
GB,uk_offshore_to_continent,2019-07-22,2019-07-26,5,4098.61846,2.2645152690761545,0.0,585878.0,0.0,0.0,0.0,0.0005525069706235,5.651348887382973e-05
GB,uk_offshore_to_continent,2019-08-25,2019-08-30,6,4207.0068666666675,2.3244006192942632,0.0,568469.0,0.0,0.0,0.0,0.0005525069706235,5.651348887382973e-05
GB,uk_offshore_to_continent,2020-05-20,2020-05-22,3,4487.471666666667,2.479359376308789,0.0,375841.0,0.0,0.0,0.0,0.0005525069706235,5.651348887382973e-05
GB,uk_offshore_to_continent,2020-08-07,2020-08-11,5,4619.432859999999,2.55226885547725,0.0,396125.0,0.0,0.0,0.0,0.0005525069706235,5.651348887382973e-05
GB,uk_offshore_to_continent,2015-07-01,2015-07-04,4,2997.492725,1.65613562495573,0.0,261687.0,0.0,0.0,0.0,0.0005525069706235,5.651348887382973e-05
GB,uk_offshore_to_continent,2016-05-08,2016-05-10,3,3635.5628666666667,2.0086738259732875,0.0,297935.0,0.0,0.0,0.0,0.0005525069706235,5.651348887382973e-05
GB,uk_offshore_to_continent,2016-09-08,2016-09-15,8,3227.0533875,1.7829694911679288,0.0,637259.0,0.0,0.0,0.0,0.0005525069706235,5.651348887382973e-05
GB,uk_offshore_to_continent,2016-09-24,2016-09-29,6,2594.82115,1.4336567728962866,0.0,713198.0,0.0,0.0,0.0,0.0005525069706235,5.651348887382973e-05
GB,uk_offshore_to_continent,2017-06-18,2017-06-23,6,3208.4188333333336,1.7726737700963844,0.0,417140.0,0.0,0.0,0.0,0.0005525069706235,5.651348887382973e-05
GB,uk_offshore_to_continent,2018-07-23,2018-07-30,8,3785.07645,2.091281122967852,0.0,678130.0,0.0,0.0,0.0,0.0005525069706235,5.651348887382973e-05
GB,uk_offshore_to_continent,2019-07-22,2019-07-26,5,4098.61846,2.2645152690761545,0.0,585878.0,0.0,0.0,0.0,0.0005525069706235,5.651348887382973e-05
GB,uk_offshore_to_continent,2019-08-26,2019-08-30,5,4037.7530400000005,2.230886700256228,0.0,533100.0,0.0,0.0,0.0,0.0005525069706235,5.651348887382973e-05
GB,uk_offshore_to_continent,2016-05-08,2016-05-11,4,3596.0686499999997,1.9868529959656391,0.0,387992.0,0.0,0.0,0.0,0.0005525069706235,5.651348887382973e-05
GB,uk_offshore_to_continent,2016-06-05,2016-06-09,5,2285.15238,1.262562618886881,0.0,105714.0,0.0,0.0,0.0,0.0005525069706235,5.651348887382973e-05
GB,uk_offshore_to_continent,2016-09-06,2016-09-12,7,2913.7671142857143,1.6098766414163777,0.0,603819.0,0.0,0.0,0.0,0.0005525069706235,5.651348887382973e-05
GB,uk_offshore_to_continent,2018-05-26,2018-05-29,4,3958.439725,2.1870655408554707,0.0,408275.0,0.0,0.0,0.0,0.0005525069706235,5.651348887382973e-05
GB,uk_offshore_to_continent,2018-06-26,2018-07-07,12,3290.5752666666663,1.8180657721946154,0.0,591949.0,0.0,0.0,0.0,0.0005525069706235,5.651348887382973e-05
GB,uk_offshore_to_continent,2019-07-22,2019-07-25,4,3927.4903249999998,2.1699657816188553,0.0,503397.0,0.0,0.0,0.0,0.0005525069706235,5.651348887382973e-05
GB,uk_offshore_to_continent,2020-05-28,2020-06-01,5,4501.664699999999,2.4872011261597464,0.0,441381.0,0.0,0.0,0.0,0.0005525069706235,5.651348887382973e-05
GB,uk_offshore_to_continent,2016-05-08,2016-05-12,5,3556.78892,1.9651506713364302,0.0,494895.0,0.0,0.0,0.0,0.0005525069706235,5.651348887382973e-05
GB,uk_offshore_to_continent,2016-06-05,2016-06-07,3,2487.6729333333333,1.3744566362980761,0.0,73305.0,0.0,0.0,0.0,0.0005525069706235,5.651348887382973e-05
GB,uk_offshore_to_continent,2016-09-05,2016-09-14,10,3050.2877099999996,1.685305222182193,0.0,761861.0,0.0,0.0,0.0,0.0005525069706235,5.651348887382973e-05
GB,uk_offshore_to_continent,2017-06-17,2017-06-21,5,3159.59066,1.745695863966905,0.0,262591.0,0.0,0.0,0.0,0.0005525069706235,5.651348887382973e-05
GB,uk_offshore_to_continent,2018-05-26,2018-05-29,4,3958.439725,2.1870655408554707,0.0,408275.0,0.0,0.0,0.0,0.0005525069706235,5.651348887382973e-05
GB,uk_offshore_to_continent,2018-06-26,2018-07-04,9,3506.170233333333,1.9371834941092898,0.0,505264.0,0.0,0.0,0.0,0.0005525069706235,5.651348887382973e-05
GB,uk_offshore_to_continent,2019-07-22,2019-07-25,4,3927.4903249999998,2.1699657816188553,0.0,503397.0,0.0,0.0,0.0,0.0005525069706235,5.651348887382973e-05
GB,uk_offshore_to_continent,2019-08-23,2019-08-25,3,4485.7201,2.478391623515943,0.0,204243.0,0.0,0.0,0.0,0.0005525069706235,5.651348887382973e-05
GB,uk_offshore_to_continent,2020-08-13,2020-08-20,8,4142.76825,2.2889083358027187,0.0,632236.0,0.0,0.0,0.0,0.0005525069706235,5.651348887382973e-05
GB,uk_offshore_to_continent,2020-09-08,2020-09-15,8,3379.245025,1.8670564317572835,0.0,1103580.0,0.0,0.0,0.0,0.0005525069706235,5.651348887382973e-05
GB,uk_offshore_to_continent,2016-05-08,2016-05-11,4,3596.0686499999997,1.9868529959656391,0.0,387992.0,0.0,0.0,0.0,0.0005525069706235,5.651348887382973e-05
GB,uk_offshore_to_continent,2016-06-05,2016-06-07,3,2487.6729333333333,1.3744566362980761,0.0,73305.0,0.0,0.0,0.0,0.0005525069706235,5.651348887382973e-05
GB,uk_offshore_to_continent,2016-08-16,2016-08-18,3,3282.1639,1.8134184334788122,0.0,133463.0,0.0,0.0,0.0,0.0005525069706235,5.651348887382973e-05
GB,uk_offshore_to_continent,2016-09-05,2016-09-15,11,3117.868018181818,1.7226438135295319,0.0,787239.0,0.0,0.0,0.0,0.0005525069706235,5.651348887382973e-05
GB,uk_offshore_to_continent,2017-05-25,2017-05-27,3,3616.2353999999996,1.9979952659154605,0.0,223909.0,0.0,0.0,0.0,0.0005525069706235,5.651348887382973e-05
GB,uk_offshore_to_continent,2017-06-17,2017-06-20,4,2999.789575,1.6574046505912063,0.0,187036.0,0.0,0.0,0.0,0.0005525069706235,5.651348887382973e-05
GB,uk_offshore_to_continent,2018-05-25,2018-05-28,4,4131.09655,2.2824596401936925,0.0,374655.0,0.0,0.0,0.0,0.0005525069706235,5.651348887382973e-05
GB,uk_offshore_to_continent,2018-06-26,2018-07-03,8,3604.20515,1.9913484689321173,0.0,478794.0,0.0,0.0,0.0,0.0005525069706235,5.651348887382973e-05
GB,uk_offshore_to_continent,2019-07-23,2019-07-25,3,4104.557566666666,2.2677966669087644,0.0,318452.0,0.0,0.0,0.0,0.0005525069706235,5.651348887382973e-05
GB,uk_offshore_to_continent,2020-05-29,2020-06-01,4,4587.154475,2.5344348227642817,0.0,382006.0,0.0,0.0,0.0,0.0005525069706235,5.651348887382973e-05
GB,uk_offshore_to_continent,2020-08-11,2020-08-19,9,4291.998666666666,2.371359181240101,0.0,513950.0,0.0,0.0,0.0,0.0005525069706235,5.651348887382973e-05
GB,uk_offshore_to_continent,2016-09-06,2016-09-15,10,3169.6866600000003,1.75127397434232,0.0,730020.0,0.0,0.0,0.0,0.0005525069706235,5.651348887382973e-05
GB,uk_offshore_to_continent,2017-05-25,2017-05-27,3,3616.2353999999996,1.9979952659154605,0.0,223909.0,0.0,0.0,0.0,0.0005525069706235,5.651348887382973e-05
GB,uk_offshore_to_continent,2017-06-17,2017-06-19,3,2833.4581,1.565505351219618,0.0,141077.0,0.0,0.0,0.0,0.0005525069706235,5.651348887382973e-05
GB,uk_offshore_to_continent,2018-06-25,2018-07-01,7,3450.1205857142854,1.9062156730987754,0.0,345038.0,0.0,0.0,0.0,0.0005525069706235,5.651348887382973e-05
GB,uk_offshore_to_continent,2019-07-23,2019-07-25,3,4104.557566666666,2.2677966669087644,0.0,318452.0,0.0,0.0,0.0,0.0005525069706235,5.651348887382973e-05
GB,uk_offshore_to_continent,2019-08-24,2019-08-27,4,4999.850175,2.762452073760626,0.0,173552.0,0.0,0.0,0.0,0.0005525069706235,5.651348887382973e-05
GB,uk_offshore_to_continent,2020-05-28,2020-06-02,6,4388.315233333334,2.424574755709958,0.0,479152.0,0.0,0.0,0.0,0.0005525069706235,5.651348887382973e-05
GB,uk_offshore_to_continent,2020-08-07,2020-08-12,6,4685.92105,2.58900404391639,0.0,425884.0,0.0,0.0,0.0,0.0005525069706235,5.651348887382973e-05
GB,uk_offshore_to_continent,2015-06-30,2015-07-02,3,3138.048733333333,1.7337937993229113,0.0,193914.0,0.0,0.0,0.0,0.0005525069706235,5.651348887382973e-05
GB,uk_offshore_to_continent,2015-08-21,2015-08-23,3,3246.5182666666665,1.793723972589856,0.0,259440.0,0.0,0.0,0.0,0.0005525069706235,5.651348887382973e-05
GB,uk_offshore_to_continent,2016-09-06,2016-09-13,8,3017.1050375000004,1.6669715643220266,0.0,648843.0,0.0,0.0,0.0,0.0005525069706235,5.651348887382973e-05
GB,uk_offshore_to_continent,2016-09-24,2016-09-29,6,2594.82115,1.4336567728962866,0.0,713198.0,0.0,0.0,0.0,0.0005525069706235,5.651348887382973e-05
GB,uk_offshore_to_continent,2017-05-24,2017-06-01,9,2925.9184555555557,1.61659034217039,0.0,583004.0,0.0,0.0,0.0,0.0005525069706235,5.651348887382973e-05
GB,uk_offshore_to_continent,2017-06-17,2017-06-21,5,3159.59066,1.745695863966905,0.0,262591.0,0.0,0.0,0.0,0.0005525069706235,5.651348887382973e-05
GB,uk_offshore_to_continent,2018-05-05,2018-05-08,4,4536.1194749999995,2.506237629518511,0.0,246013.0,0.0,0.0,0.0,0.0005525069706235,5.651348887382973e-05
GB,uk_offshore_to_continent,2018-07-22,2018-07-27,6,3601.8747499999995,1.9900609066877761,0.0,319366.0,0.0,0.0,0.0,0.0005525069706235,5.651348887382973e-05
GB,uk_offshore_to_continent,2019-07-23,2019-07-26,4,4274.200925,2.3615258049079118,0.0,400933.0,0.0,0.0,0.0,0.0005525069706235,5.651348887382973e-05
GB,uk_offshore_to_continent,2019-08-23,2019-08-26,4,4638.632825,2.562876969975478,0.0,246278.0,0.0,0.0,0.0,0.0005525069706235,5.651348887382973e-05
GB,uk_offshore_to_continent,2020-05-29,2020-06-02,5,4434.03716,2.449836438903627,0.0,419777.0,0.0,0.0,0.0,0.0005525069706235,5.651348887382973e-05
GB,uk_offshore_to_continent,2016-09-06,2016-09-13,8,3017.1050375000004,1.6669715643220266,0.0,648843.0,0.0,0.0,0.0,0.0005525069706235,5.651348887382973e-05
GB,uk_offshore_to_continent,2016-09-24,2016-09-29,6,2594.82115,1.4336567728962866,0.0,713198.0,0.0,0.0,0.0,0.0005525069706235,5.651348887382973e-05
GB,uk_offshore_to_continent,2018-07-22,2018-07-28,7,3607.622214285714,1.9932364207690432,0.0,463581.0,0.0,0.0,0.0,0.0005525069706235,5.651348887382973e-05
GB,uk_offshore_to_continent,2019-07-22,2019-07-26,5,4098.61846,2.2645152690761545,0.0,585878.0,0.0,0.0,0.0,0.0005525069706235,5.651348887382973e-05
GB,uk_offshore_to_continent,2019-08-05,2019-08-09,5,3557.1258799999996,1.9653368440852514,0.0,612871.0,0.0,0.0,0.0,0.0005525069706235,5.651348887382973e-05
GB,uk_offshore_to_continent,2019-08-26,2019-08-31,6,4024.4980333333333,2.2235632166772334,0.0,674338.0,0.0,0.0,0.0,0.0005525069706235,5.651348887382973e-05
GB,uk_offshore_to_continent,2016-05-08,2016-05-10,3,3635.5628666666667,2.0086738259732875,0.0,297935.0,0.0,0.0,0.0,0.0005525069706235,5.651348887382973e-05
GB,uk_offshore_to_continent,2016-09-06,2016-09-16,11,3187.1593454545455,1.7609277548514681,0.0,819492.0,0.0,0.0,0.0,0.0005525069706235,5.651348887382973e-05
GB,uk_offshore_to_continent,2016-09-24,2016-09-29,6,2594.82115,1.4336567728962866,0.0,713198.0,0.0,0.0,0.0,0.0005525069706235,5.651348887382973e-05
GB,uk_offshore_to_continent,2018-07-23,2018-07-28,6,3817.7367,2.109326138755158,0.0,412088.0,0.0,0.0,0.0,0.0005525069706235,5.651348887382973e-05
GB,uk_offshore_to_continent,2018-08-15,2018-08-18,4,2893.5444,1.598703450808593,0.0,564285.0,0.0,0.0,0.0,0.0005525069706235,5.651348887382973e-05
GB,uk_offshore_to_continent,2019-07-25,2019-07-27,3,4639.367333333333,2.563282790949625,0.0,263315.0,0.0,0.0,0.0,0.0005525069706235,5.651348887382973e-05
GB,uk_offshore_to_continent,2019-08-26,2019-08-31,6,4024.4980333333333,2.2235632166772334,0.0,674338.0,0.0,0.0,0.0,0.0005525069706235,5.651348887382973e-05
GB,uk_offshore_to_continent,2020-06-24,2020-06-27,4,4858.7264749999995,2.6844802457904464,0.0,484999.0,0.0,0.0,0.0,0.0005525069706235,5.651348887382973e-05
GB,uk_offshore_to_continent,2016-05-09,2016-05-12,4,3515.3576,1.9422595782342973,0.0,413720.0,0.0,0.0,0.0,0.0005525069706235,5.651348887382973e-05
GB,uk_offshore_to_continent,2016-06-05,2016-06-07,3,2487.6729333333333,1.3744566362980761,0.0,73305.0,0.0,0.0,0.0,0.0005525069706235,5.651348887382973e-05
GB,uk_offshore_to_continent,2016-09-07,2016-09-12,6,2910.725366666667,1.6081960546539764,0.0,548451.0,0.0,0.0,0.0,0.0005525069706235,5.651348887382973e-05
GB,uk_offshore_to_continent,2018-05-26,2018-05-30,5,3989.8965800000005,2.2044456725168633,0.0,459106.0,0.0,0.0,0.0,0.0005525069706235,5.651348887382973e-05
GB,uk_offshore_to_continent,2019-07-23,2019-07-26,4,4274.200925,2.3615258049079118,0.0,400933.0,0.0,0.0,0.0,0.0005525069706235,5.651348887382973e-05
GB,uk_offshore_to_continent,2016-05-09,2016-05-11,3,3553.920133333333,1.963565646705865,0.0,306817.0,0.0,0.0,0.0,0.0005525069706235,5.651348887382973e-05
GB,uk_offshore_to_continent,2016-06-05,2016-06-07,3,2487.6729333333333,1.3744566362980761,0.0,73305.0,0.0,0.0,0.0,0.0005525069706235,5.651348887382973e-05
GB,uk_offshore_to_continent,2018-05-26,2018-05-30,5,3989.8965800000005,2.2044456725168633,0.0,459106.0,0.0,0.0,0.0,0.0005525069706235,5.651348887382973e-05
GB,uk_offshore_to_continent,2018-06-27,2018-07-04,8,3557.4828875,1.9655340932175664,0.0,489212.0,0.0,0.0,0.0,0.0005525069706235,5.651348887382973e-05
GB,uk_offshore_to_continent,2019-09-20,2019-09-25,6,4077.9606666666673,2.253101694261789,0.0,644201.0,0.0,0.0,0.0,0.0005525069706235,5.651348887382973e-05
GB,uk_offshore_to_continent,2020-05-29,2020-05-31,3,4569.229966666667,2.524531406965116,0.0,315159.0,0.0,0.0,0.0,0.0005525069706235,5.651348887382973e-05
GB,uk_offshore_to_continent,2020-06-13,2020-06-18,6,4123.8495,2.278455594552235,0.0,202590.0,0.0,0.0,0.0,0.0005525069706235,5.651348887382973e-05
GB,uk_offshore_to_continent,2020-08-13,2020-08-20,8,4142.76825,2.2889083358027187,0.0,632236.0,0.0,0.0,0.0,0.0005525069706235,5.651348887382973e-05
GB,uk_offshore_to_continent,2015-08-19,2015-08-23,5,3238.35804,1.789215390474655,0.0,398274.0,0.0,0.0,0.0,0.0005525069706235,5.651348887382973e-05
GB,uk_offshore_to_continent,2016-05-09,2016-05-11,3,3553.920133333333,1.963565646705865,0.0,306817.0,0.0,0.0,0.0,0.0005525069706235,5.651348887382973e-05
GB,uk_offshore_to_continent,2016-09-12,2016-09-15,4,3663.321825,2.0240108439497013,0.0,229138.0,0.0,0.0,0.0,0.0005525069706235,5.651348887382973e-05
GB,uk_offshore_to_continent,2017-05-25,2017-05-27,3,3616.2353999999996,1.9979952659154605,0.0,223909.0,0.0,0.0,0.0,0.0005525069706235,5.651348887382973e-05
GB,uk_offshore_to_continent,2018-05-28,2018-06-02,6,3481.161333333333,1.9233659025316638,0.0,277370.0,0.0,0.0,0.0,0.0005525069706235,5.651348887382973e-05
GB,uk_offshore_to_continent,2018-06-27,2018-07-04,8,3557.4828875,1.9655340932175664,0.0,489212.0,0.0,0.0,0.0,0.0005525069706235,5.651348887382973e-05
GB,uk_offshore_to_continent,2019-07-23,2019-07-26,4,4274.200925,2.3615258049079118,0.0,400933.0,0.0,0.0,0.0,0.0005525069706235,5.651348887382973e-05
GB,uk_offshore_to_continent,2019-08-24,2019-08-26,3,5013.393333333333,2.7699347631440507,0.0,138349.0,0.0,0.0,0.0,0.0005525069706235,5.651348887382973e-05
GB,uk_offshore_to_continent,2019-09-20,2019-09-24,5,4064.28288,2.245544621785754,0.0,595569.0,0.0,0.0,0.0,0.0005525069706235,5.651348887382973e-05
GB,uk_offshore_to_continent,2020-05-29,2020-06-01,4,4587.154475,2.5344348227642817,0.0,382006.0,0.0,0.0,0.0,0.0005525069706235,5.651348887382973e-05
GB,uk_offshore_to_continent,2020-06-14,2020-06-18,5,3963.5514000000003,2.1898897769245327,0.0,129898.0,0.0,0.0,0.0,0.0005525069706235,5.651348887382973e-05
GB,uk_offshore_to_continent,2020-08-11,2020-08-15,5,4475.1902,2.472573780365975,0.0,248477.0,0.0,0.0,0.0,0.0005525069706235,5.651348887382973e-05
GB,uk_offshore_to_continent,2020-09-18,2020-09-20,3,4634.968433333333,2.56085236803655,0.0,400562.0,0.0,0.0,0.0,0.0005525069706235,5.651348887382973e-05
GB,uk_offshore_to_continent,2015-06-30,2015-07-02,3,3138.048733333333,1.7337937993229113,0.0,193914.0,0.0,0.0,0.0,0.0005525069706235,5.651348887382973e-05
GB,uk_offshore_to_continent,2016-09-06,2016-09-15,10,3169.6866600000003,1.75127397434232,0.0,730020.0,0.0,0.0,0.0,0.0005525069706235,5.651348887382973e-05
GB,uk_offshore_to_continent,2017-05-24,2017-05-27,4,3225.5086999999994,1.7821160405567433,0.0,272414.0,0.0,0.0,0.0,0.0005525069706235,5.651348887382973e-05
GB,uk_offshore_to_continent,2018-05-28,2018-06-02,6,3481.161333333333,1.9233659025316638,0.0,277370.0,0.0,0.0,0.0,0.0005525069706235,5.651348887382973e-05
GB,uk_offshore_to_continent,2018-06-25,2018-06-28,4,3100.1902750000004,1.7128767371966855,0.0,115565.0,0.0,0.0,0.0,0.0005525069706235,5.651348887382973e-05
GB,uk_offshore_to_continent,2018-07-04,2018-07-08,5,2737.185,1.5123137923860848,0.0,146194.0,0.0,0.0,0.0,0.0005525069706235,5.651348887382973e-05
GB,uk_offshore_to_continent,2018-07-22,2018-07-27,6,3601.8747499999995,1.9900609066877761,0.0,319366.0,0.0,0.0,0.0,0.0005525069706235,5.651348887382973e-05
GB,uk_offshore_to_continent,2019-07-23,2019-07-26,4,4274.200925,2.3615258049079118,0.0,400933.0,0.0,0.0,0.0,0.0005525069706235,5.651348887382973e-05
GB,uk_offshore_to_continent,2020-05-28,2020-06-01,5,4501.664699999999,2.4872011261597464,0.0,441381.0,0.0,0.0,0.0,0.0005525069706235,5.651348887382973e-05
GB,uk_offshore_to_continent,2020-08-07,2020-08-12,6,4685.92105,2.58900404391639,0.0,425884.0,0.0,0.0,0.0,0.0005525069706235,5.651348887382973e-05
GB,uk_offshore_to_continent,2015-06-30,2015-07-02,3,3138.048733333333,1.7337937993229113,0.0,193914.0,0.0,0.0,0.0,0.0005525069706235,5.651348887382973e-05
GB,uk_offshore_to_continent,2016-09-24,2016-09-29,6,2594.82115,1.4336567728962866,0.0,713198.0,0.0,0.0,0.0,0.0005525069706235,5.651348887382973e-05
GB,uk_offshore_to_continent,2017-05-24,2017-05-26,3,2946.7317333333326,1.6280898232241348,0.0,179734.0,0.0,0.0,0.0,0.0005525069706235,5.651348887382973e-05
GB,uk_offshore_to_continent,2018-07-22,2018-07-28,7,3607.622214285714,1.9932364207690432,0.0,463581.0,0.0,0.0,0.0,0.0005525069706235,5.651348887382973e-05
GB,uk_offshore_to_continent,2019-07-22,2019-07-26,5,4098.61846,2.2645152690761545,0.0,585878.0,0.0,0.0,0.0,0.0005525069706235,5.651348887382973e-05
GB,uk_offshore_to_continent,2016-05-09,2016-05-11,3,3553.920133333333,1.963565646705865,0.0,306817.0,0.0,0.0,0.0,0.0005525069706235,5.651348887382973e-05
GB,uk_offshore_to_continent,2016-09-06,2016-09-15,10,3169.6866600000003,1.75127397434232,0.0,730020.0,0.0,0.0,0.0,0.0005525069706235,5.651348887382973e-05
GB,uk_offshore_to_continent,2016-09-24,2016-09-29,6,2594.82115,1.4336567728962866,0.0,713198.0,0.0,0.0,0.0,0.0005525069706235,5.651348887382973e-05
GB,uk_offshore_to_continent,2018-07-22,2018-07-28,7,3607.622214285714,1.9932364207690432,0.0,463581.0,0.0,0.0,0.0,0.0005525069706235,5.651348887382973e-05
GB,uk_offshore_to_continent,2019-08-26,2019-08-28,3,4588.725233333334,2.5353026776926133,0.0,164996.0,0.0,0.0,0.0,0.0005525069706235,5.651348887382973e-05
GB,uk_offshore_to_continent,2016-05-08,2016-05-11,4,3596.0686499999997,1.9868529959656391,0.0,387992.0,0.0,0.0,0.0,0.0005525069706235,5.651348887382973e-05
GB,uk_offshore_to_continent,2016-09-06,2016-09-16,11,3187.1593454545455,1.7609277548514681,0.0,819492.0,0.0,0.0,0.0,0.0005525069706235,5.651348887382973e-05
GB,uk_offshore_to_continent,2016-09-24,2016-09-29,6,2594.82115,1.4336567728962866,0.0,713198.0,0.0,0.0,0.0,0.0005525069706235,5.651348887382973e-05
GB,uk_offshore_to_continent,2018-07-24,2018-07-28,5,4052.5966399999998,2.2390878927253746,0.0,351569.0,0.0,0.0,0.0,0.0005525069706235,5.651348887382973e-05
GB,uk_offshore_to_continent,2019-08-26,2019-08-31,6,4024.4980333333333,2.2235632166772334,0.0,674338.0,0.0,0.0,0.0,0.0005525069706235,5.651348887382973e-05
GB,uk_offshore_to_continent,2020-06-24,2020-06-27,4,4858.7264749999995,2.6844802457904464,0.0,484999.0,0.0,0.0,0.0,0.0005525069706235,5.651348887382973e-05
GB,uk_offshore_to_continent,2016-09-08,2016-09-12,5,2903.18606,1.6040305351669748,0.0,511058.0,0.0,0.0,0.0,0.0005525069706235,5.651348887382973e-05
GB,uk_offshore_to_continent,2017-09-23,2017-09-27,5,4127.23034,2.280323532218798,0.0,487647.0,0.0,0.0,0.0,0.0005525069706235,5.651348887382973e-05
GB,uk_offshore_to_continent,2018-05-26,2018-05-29,4,3958.439725,2.1870655408554707,0.0,408275.0,0.0,0.0,0.0,0.0005525069706235,5.651348887382973e-05
GB,uk_offshore_to_continent,2019-07-25,2019-07-28,4,4555.929249999999,2.517182668292494,0.0,358680.0,0.0,0.0,0.0,0.0005525069706235,5.651348887382973e-05
GB,uk_offshore_to_continent,2020-05-29,2020-05-31,3,4569.229966666667,2.524531406965116,0.0,315159.0,0.0,0.0,0.0,0.0005525069706235,5.651348887382973e-05
GB,uk_offshore_to_continent,2016-09-08,2016-09-12,5,2903.18606,1.6040305351669748,0.0,511058.0,0.0,0.0,0.0,0.0005525069706235,5.651348887382973e-05
GB,uk_offshore_to_continent,2017-05-25,2017-05-27,3,3616.2353999999996,1.9979952659154605,0.0,223909.0,0.0,0.0,0.0,0.0005525069706235,5.651348887382973e-05
GB,uk_offshore_to_continent,2018-05-27,2018-05-29,3,3929.956433333333,2.1713283236633347,0.0,296484.0,0.0,0.0,0.0,0.0005525069706235,5.651348887382973e-05
GB,uk_offshore_to_continent,2018-06-30,2018-07-04,5,3672.5528399999994,2.0291110440831313,0.0,349195.0,0.0,0.0,0.0,0.0005525069706235,5.651348887382973e-05
GB,uk_offshore_to_continent,2019-07-23,2019-07-28,6,4327.531616666667,2.390991383801918,0.0,564190.0,0.0,0.0,0.0,0.0005525069706235,5.651348887382973e-05
GB,uk_offshore_to_continent,2020-05-29,2020-06-01,4,4587.154475,2.5344348227642817,0.0,382006.0,0.0,0.0,0.0,0.0005525069706235,5.651348887382973e-05
GB,uk_offshore_to_continent,2016-09-12,2016-09-15,4,3663.321825,2.0240108439497013,0.0,229138.0,0.0,0.0,0.0,0.0005525069706235,5.651348887382973e-05
GB,uk_offshore_to_continent,2017-05-25,2017-05-27,3,3616.2353999999996,1.9979952659154605,0.0,223909.0,0.0,0.0,0.0,0.0005525069706235,5.651348887382973e-05
GB,uk_offshore_to_continent,2018-06-27,2018-07-04,8,3557.4828875,1.9655340932175664,0.0,489212.0,0.0,0.0,0.0,0.0005525069706235,5.651348887382973e-05
GB,uk_offshore_to_continent,2019-07-23,2019-07-26,4,4274.200925,2.3615258049079118,0.0,400933.0,0.0,0.0,0.0,0.0005525069706235,5.651348887382973e-05
GB,uk_offshore_to_continent,2019-08-24,2019-08-26,3,5013.393333333333,2.7699347631440507,0.0,138349.0,0.0,0.0,0.0,0.0005525069706235,5.651348887382973e-05
GB,uk_offshore_to_continent,2020-05-29,2020-06-01,4,4587.154475,2.5344348227642817,0.0,382006.0,0.0,0.0,0.0,0.0005525069706235,5.651348887382973e-05
GB,uk_offshore_to_continent,2016-08-30,2016-09-06,8,2492.741275,1.3772569303984108,0.0,567732.0,0.0,0.0,0.0,0.0005525069706235,5.651348887382973e-05
GB,uk_offshore_to_continent,2017-05-24,2017-05-27,4,3225.5086999999994,1.7821160405567433,0.0,272414.0,0.0,0.0,0.0,0.0005525069706235,5.651348887382973e-05
GB,uk_offshore_to_continent,2017-06-17,2017-06-21,5,3159.59066,1.745695863966905,0.0,262591.0,0.0,0.0,0.0,0.0005525069706235,5.651348887382973e-05
GB,uk_offshore_to_continent,2018-07-25,2018-07-28,4,4187.60675,2.3136819196050205,0.0,317087.0,0.0,0.0,0.0,0.0005525069706235,5.651348887382973e-05
GB,uk_offshore_to_continent,2019-07-23,2019-07-28,6,4327.531616666667,2.390991383801918,0.0,564190.0,0.0,0.0,0.0,0.0005525069706235,5.651348887382973e-05
GB,uk_offshore_to_continent,2020-06-22,2020-06-24,3,4079.227533333333,2.2538016469259725,0.0,330391.0,0.0,0.0,0.0,0.0005525069706235,5.651348887382973e-05
GB,uk_offshore_to_continent,2016-09-24,2016-09-29,6,2594.82115,1.4336567728962866,0.0,713198.0,0.0,0.0,0.0,0.0005525069706235,5.651348887382973e-05
GB,uk_offshore_to_continent,2018-07-14,2018-07-16,3,3962.925866666667,2.1895441653975083,0.0,159361.0,0.0,0.0,0.0,0.0005525069706235,5.651348887382973e-05
GB,uk_offshore_to_continent,2018-07-26,2018-07-28,3,4203.530833333333,2.3224800866474764,0.0,282456.0,0.0,0.0,0.0,0.0005525069706235,5.651348887382973e-05
GB,uk_offshore_to_continent,2019-07-25,2019-07-28,4,4555.929249999999,2.517182668292494,0.0,358680.0,0.0,0.0,0.0,0.0005525069706235,5.651348887382973e-05
GB,uk_offshore_to_continent,2016-09-06,2016-09-16,11,3187.1593454545455,1.7609277548514681,0.0,819492.0,0.0,0.0,0.0,0.0005525069706235,5.651348887382973e-05
GB,uk_offshore_to_continent,2016-09-24,2016-09-29,6,2594.82115,1.4336567728962866,0.0,713198.0,0.0,0.0,0.0,0.0005525069706235,5.651348887382973e-05
GB,uk_offshore_to_continent,2018-05-28,2018-05-31,4,3852.4307999999996,2.1284948708446665,0.0,234252.0,0.0,0.0,0.0,0.0005525069706235,5.651348887382973e-05
GB,uk_offshore_to_continent,2018-07-26,2018-07-28,3,4203.530833333333,2.3224800866474764,0.0,282456.0,0.0,0.0,0.0,0.0005525069706235,5.651348887382973e-05
GB,uk_offshore_to_continent,2019-07-25,2019-07-28,4,4555.929249999999,2.517182668292494,0.0,358680.0,0.0,0.0,0.0,0.0005525069706235,5.651348887382973e-05
GB,uk_offshore_to_continent,2020-06-23,2020-06-27,5,4694.96594,2.594001408689913,0.0,576360.0,0.0,0.0,0.0,0.0005525069706235,5.651348887382973e-05
GB,uk_offshore_to_continent,2016-05-08,2016-05-10,3,3635.5628666666667,2.0086738259732875,0.0,297935.0,0.0,0.0,0.0,0.0005525069706235,5.651348887382973e-05
GB,uk_offshore_to_continent,2016-09-06,2016-09-16,11,3187.1593454545455,1.7609277548514681,0.0,819492.0,0.0,0.0,0.0,0.0005525069706235,5.651348887382973e-05
GB,uk_offshore_to_continent,2016-09-24,2016-09-29,6,2594.82115,1.4336567728962866,0.0,713198.0,0.0,0.0,0.0,0.0005525069706235,5.651348887382973e-05
GB,uk_offshore_to_continent,2018-05-27,2018-06-01,6,3710.28145,2.049956364100067,0.0,393073.0,0.0,0.0,0.0,0.0005525069706235,5.651348887382973e-05
GB,uk_offshore_to_continent,2018-07-26,2018-07-28,3,4203.530833333333,2.3224800866474764,0.0,282456.0,0.0,0.0,0.0,0.0005525069706235,5.651348887382973e-05
GB,uk_offshore_to_continent,2019-08-26,2019-08-30,5,4037.7530400000005,2.230886700256228,0.0,533100.0,0.0,0.0,0.0,0.0005525069706235,5.651348887382973e-05
GB,uk_offshore_to_continent,2020-06-19,2020-06-27,9,4086.130466666667,2.2576155657103887,0.0,1091594.0,0.0,0.0,0.0,0.0005525069706235,5.651348887382973e-05
ES,atlantic_to_iberia,2015-05-13,2015-05-17,5,3341.59228,-0.7131199698265909,-15058.329984699456,981268.0,-0.015345787271876242,175.9677032131679,64.69102594479604,-0.0002134072352557,5.104394125290821e-05
ES,atlantic_to_iberia,2015-06-03,2015-06-07,5,2930.10958,-0.6253065844640403,-13204.051616664954,559505.0,-0.023599523894629992,175.9677032131679,64.69102594479604,-0.0002134072352557,5.104394125290821e-05
ES,atlantic_to_iberia,2016-07-14,2016-07-17,4,3558.6447249999997,-0.7594405320195308,-12829.152590060461,527842.0,-0.02430491054152656,175.9677032131679,64.69102594479604,-0.0002134072352557,5.104394125290821e-05
ES,atlantic_to_iberia,2016-08-06,2016-08-12,7,3646.8199142857147,-0.7782577553831432,-23007.30259339801,1286375.0,-0.0178853775869385,175.9677032131679,64.69102594479604,-0.0002134072352557,5.104394125290821e-05
ES,atlantic_to_iberia,2016-09-03,2016-09-06,4,3139.17695,-0.6699230738779208,-11316.9431654211,242382.0,-0.04669052638158403,175.9677032131679,64.69102594479604,-0.0002134072352557,5.104394125290821e-05
ES,atlantic_to_iberia,2017-06-12,2017-06-25,14,2778.0736428571427,-0.5928610154588737,-35052.99544821461,1228888.0,-0.028524157977142434,175.9677032131679,64.69102594479604,-0.0002134072352557,5.104394125290821e-05
ES,atlantic_to_iberia,2018-08-19,2018-08-21,3,3689.596666666667,-0.7873866238419799,-9975.932333153552,341459.0,-0.029215608120311817,175.9677032131679,64.69102594479604,-0.0002134072352557,5.104394125290821e-05
ES,atlantic_to_iberia,2018-09-17,2018-09-28,12,3107.4071666666664,-0.6631431722520814,-33607.23290573557,1011458.0,-0.033226523400611364,175.9677032131679,64.69102594479604,-0.0002134072352557,5.104394125290821e-05
ES,atlantic_to_iberia,2020-05-23,2020-05-27,5,3251.453,-0.6938835952938515,-14652.132307338525,841884.0,-0.017403980010712312,175.9677032131679,64.69102594479604,-0.0002134072352557,5.104394125290821e-05
ES,atlantic_to_iberia,2020-07-15,2020-07-17,3,3811.9778,-0.8135036431541057,-10306.826470178821,604650.0,-0.01704593809671516,175.9677032131679,64.69102594479604,-0.0002134072352557,5.104394125290821e-05
ES,atlantic_to_iberia,2015-05-12,2015-05-17,6,3195.0289666666667,-0.6818422983382094,-17277.440139671373,1066664.0,-0.016197640625043475,175.9677032131679,64.69102594479604,-0.0002134072352557,5.104394125290821e-05
ES,atlantic_to_iberia,2015-06-02,2015-06-07,6,2823.6345333333334,-0.6025840391311853,-15269.087427671286,620801.0,-0.02459578420084904,175.9677032131679,64.69102594479604,-0.0002134072352557,5.104394125290821e-05
ES,atlantic_to_iberia,2015-06-26,2015-06-28,3,2959.0843333333337,-0.6314900064651229,-8000.772914861009,180197.0,-0.04440014492394995,175.9677032131679,64.69102594479604,-0.0002134072352557,5.104394125290821e-05
ES,atlantic_to_iberia,2015-07-06,2015-07-08,3,2836.2702666666664,-0.6052805960472802,-7668.708212587477,338806.0,-0.022634511232349712,175.9677032131679,64.69102594479604,-0.0002134072352557,5.104394125290821e-05
ES,atlantic_to_iberia,2016-07-09,2016-07-15,7,3378.7991,-0.7210601744154475,-21316.39486542259,879336.0,-0.024241467272376645,175.9677032131679,64.69102594479604,-0.0002134072352557,5.104394125290821e-05
ES,atlantic_to_iberia,2016-08-06,2016-08-08,3,3723.4125333333336,-0.7946031744550887,-10067.3636813823,500951.0,-0.020096503812513197,175.9677032131679,64.69102594479604,-0.0002134072352557,5.104394125290821e-05
ES,atlantic_to_iberia,2016-09-03,2016-09-07,5,2902.4252,-0.6193985374684722,-13079.296561430685,322407.0,-0.04056765691014986,175.9677032131679,64.69102594479604,-0.0002134072352557,5.104394125290821e-05
ES,atlantic_to_iberia,2016-09-27,2016-09-29,3,3134.295733333334,-0.6688813869244035,-8474.50953929704,333612.0,-0.025402292301527043,175.9677032131679,64.69102594479604,-0.0002134072352557,5.104394125290821e-05
ES,atlantic_to_iberia,2017-06-07,2017-06-18,12,2963.3007999999995,-0.6323898309590039,-32048.693593695192,1082932.0,-0.02959437304807245,175.9677032131679,64.69102594479604,-0.0002134072352557,5.104394125290821e-05
ES,atlantic_to_iberia,2018-09-16,2018-09-27,12,3031.29145,-0.646899527598742,-32784.02613539538,982725.0,-0.03336032576295035,175.9677032131679,64.69102594479604,-0.0002134072352557,5.104394125290821e-05
ES,atlantic_to_iberia,2020-05-22,2020-05-24,3,2982.272333333333,-0.6364384934362319,-8063.468634702426,358735.0,-0.022477507448959332,175.9677032131679,64.69102594479604,-0.0002134072352557,5.104394125290821e-05
ES,atlantic_to_iberia,2020-07-15,2020-07-20,6,3474.006033333333,-0.7413780228352878,-18786.0366563105,903352.0,-0.0207959208108362,175.9677032131679,64.69102594479604,-0.0002134072352557,5.104394125290821e-05
ES,atlantic_to_iberia,2015-05-12,2015-05-14,3,2620.1309333333334,-0.5591548984906035,-7084.310632400415,441291.0,-0.01605360325137022,175.9677032131679,64.69102594479604,-0.0002134072352557,5.104394125290821e-05
ES,atlantic_to_iberia,2015-07-05,2015-07-07,3,2525.609233333333,-0.5389832838219347,-6828.742837759453,288111.0,-0.02370177757100372,175.9677032131679,64.69102594479604,-0.0002134072352557,5.104394125290821e-05
ES,atlantic_to_iberia,2015-07-14,2015-07-22,9,2657.8497888888887,-0.5672043751717236,-21558.884648708492,694706.0,-0.031033105585252598,175.9677032131679,64.69102594479604,-0.0002134072352557,5.104394125290821e-05
ES,atlantic_to_iberia,2016-08-29,2016-09-06,9,3225.486588888889,-0.6883421752891165,-26163.214187842434,711467.0,-0.03677361590606793,175.9677032131679,64.69102594479604,-0.0002134072352557,5.104394125290821e-05
ES,atlantic_to_iberia,2017-06-16,2017-06-25,10,2813.3087399999995,-0.6003804401240969,-25355.416104659565,852019.0,-0.0297592144126593,175.9677032131679,64.69102594479604,-0.0002134072352557,5.104394125290821e-05
ES,atlantic_to_iberia,2017-08-04,2017-08-07,4,2774.7898999999998,-0.5921602409744402,-10003.303443689114,509804.0,-0.019621861428488426,175.9677032131679,64.69102594479604,-0.0002134072352557,5.104394125290821e-05
ES,atlantic_to_iberia,2018-09-19,2018-09-26,8,3246.57675,-0.6928429682629359,-23408.25327602354,747971.0,-0.03129566958615179,175.9677032131679,64.69102594479604,-0.0002134072352557,5.104394125290821e-05
ES,atlantic_to_iberia,2015-05-13,2015-05-15,3,2980.4210666666663,-0.6360434197351775,-8058.463179454663,575954.0,-0.013991504841453768,175.9677032131679,64.69102594479604,-0.0002134072352557,5.104394125290821e-05
ES,atlantic_to_iberia,2015-07-06,2015-07-30,25,2901.088404,-0.6191132555300113,-65366.36256266593,2330680.0,-0.02804604774686612,175.9677032131679,64.69102594479604,-0.0002134072352557,5.104394125290821e-05
ES,atlantic_to_iberia,2016-05-19,2016-05-22,4,3177.847675,-0.6781756863855043,-11456.353719194001,541586.0,-0.02115334170232244,175.9677032131679,64.69102594479604,-0.0002134072352557,5.104394125290821e-05
ES,atlantic_to_iberia,2016-08-18,2016-08-20,3,2858.9414,-0.6101187799320603,-7730.006428214273,260553.0,-0.029667693053675347,175.9677032131679,64.69102594479604,-0.0002134072352557,5.104394125290821e-05
ES,atlantic_to_iberia,2016-09-04,2016-09-12,9,2895.9459555555554,-0.6180158198250374,-23490.178062627205,643300.0,-0.03651512212440106,175.9677032131679,64.69102594479604,-0.0002134072352557,5.104394125290821e-05
ES,atlantic_to_iberia,2017-06-03,2017-06-06,4,2996.790475,-0.6395367699103659,-10803.63038606355,453608.0,-0.023817107251334964,175.9677032131679,64.69102594479604,-0.0002134072352557,5.104394125290821e-05
ES,atlantic_to_iberia,2017-06-22,2017-06-26,5,2440.23018,-0.5207627761013192,-10996.491555535482,346214.0,-0.031762122720443084,175.9677032131679,64.69102594479604,-0.0002134072352557,5.104394125290821e-05
ES,atlantic_to_iberia,2017-07-24,2017-07-28,5,3304.3348000000005,-0.7051689540271965,-14890.435346087732,457870.0,-0.0325210984473491,175.9677032131679,64.69102594479604,-0.0002134072352557,5.104394125290821e-05
ES,atlantic_to_iberia,2017-08-04,2017-08-08,5,2882.27232,-0.6150977670652322,-12988.480958642049,654918.0,-0.019832224734458434,175.9677032131679,64.69102594479604,-0.0002134072352557,5.104394125290821e-05
ES,atlantic_to_iberia,2017-09-12,2017-09-14,3,3243.247766666667,-0.692132539133557,-8769.094072590964,322549.0,-0.02718685865586613,175.9677032131679,64.69102594479604,-0.0002134072352557,5.104394125290821e-05
ES,atlantic_to_iberia,2018-09-22,2018-09-26,5,3639.8372000000004,-0.7767675936328484,-16402.321125839004,632649.0,-0.02592641595235115,175.9677032131679,64.69102594479604,-0.0002134072352557,5.104394125290821e-05
ES,atlantic_to_iberia,2019-05-10,2019-05-15,6,3687.681966666667,-0.7869780130086358,-19941.510733688476,881025.0,-0.022634443669235806,175.9677032131679,64.69102594479604,-0.0002134072352557,5.104394125290821e-05
ES,atlantic_to_iberia,2020-05-19,2020-05-23,5,3435.2339999999995,-0.7331037903963792,-15480.310825550221,400501.0,-0.03865236497674218,175.9677032131679,64.69102594479604,-0.0002134072352557,5.104394125290821e-05
ES,atlantic_to_iberia,2020-08-21,2020-08-28,8,3041.49805,-0.6490776898861028,-21929.608376863944,741174.0,-0.029587665483225185,175.9677032131679,64.69102594479604,-0.0002134072352557,5.104394125290821e-05
ES,atlantic_to_iberia,2015-05-02,2015-05-04,3,2441.499,-0.5210335514695562,-6601.325569135035,510447.0,-0.012932440721828193,175.9677032131679,64.69102594479604,-0.0002134072352557,5.104394125290821e-05
ES,atlantic_to_iberia,2015-05-13,2015-05-15,3,2980.4210666666663,-0.6360434197351775,-8058.463179454663,575954.0,-0.013991504841453768,175.9677032131679,64.69102594479604,-0.0002134072352557,5.104394125290821e-05
ES,atlantic_to_iberia,2015-07-05,2015-07-30,26,2877.5485153846157,-0.6140896729823749,-67429.40837669955,2433078.0,-0.02771362380355235,175.9677032131679,64.69102594479604,-0.0002134072352557,5.104394125290821e-05
ES,atlantic_to_iberia,2015-08-07,2015-08-13,7,3002.1911571428573,-0.6406893145549679,-18940.425362116704,799112.0,-0.023701840745873802,175.9677032131679,64.69102594479604,-0.0002134072352557,5.104394125290821e-05
ES,atlantic_to_iberia,2016-07-31,2016-08-05,6,3109.4093333333335,-0.663570449104936,-16814.44337027413,625322.0,-0.026889256047722822,175.9677032131679,64.69102594479604,-0.0002134072352557,5.104394125290821e-05
ES,atlantic_to_iberia,2016-09-04,2016-09-12,9,2895.9459555555554,-0.6180158198250374,-23490.178062627205,643300.0,-0.03651512212440106,175.9677032131679,64.69102594479604,-0.0002134072352557,5.104394125290821e-05
ES,atlantic_to_iberia,2017-06-15,2017-06-27,13,2740.269676923077,-0.5847933756071841,-32106.28111387994,1182728.0,-0.027145955041125214,175.9677032131679,64.69102594479604,-0.0002134072352557,5.104394125290821e-05
ES,atlantic_to_iberia,2017-08-04,2017-08-08,5,2882.27232,-0.6150977670652322,-12988.480958642049,654918.0,-0.019832224734458434,175.9677032131679,64.69102594479604,-0.0002134072352557,5.104394125290821e-05
ES,atlantic_to_iberia,2018-09-20,2018-09-26,7,3362.7784285714283,-0.717641247218936,-21215.322576697097,730656.0,-0.029035993103043153,175.9677032131679,64.69102594479604,-0.0002134072352557,5.104394125290821e-05
ES,atlantic_to_iberia,2019-05-11,2019-05-16,6,3657.3907999999997,-0.7805136588776328,-19777.70820660524,849434.0,-0.023283396010290662,175.9677032131679,64.69102594479604,-0.0002134072352557,5.104394125290821e-05
ES,atlantic_to_iberia,2020-05-19,2020-05-23,5,3435.2339999999995,-0.7331037903963792,-15480.310825550221,400501.0,-0.03865236497674218,175.9677032131679,64.69102594479604,-0.0002134072352557,5.104394125290821e-05
ES,atlantic_to_iberia,2020-07-31,2020-08-03,4,3048.17545,-0.6505026953587992,-10988.876662681245,514295.0,-0.021366874386648218,175.9677032131679,64.69102594479604,-0.0002134072352557,5.104394125290821e-05
ES,atlantic_to_iberia,2015-05-02,2015-05-15,14,2685.797507142857,-0.5731686204560082,-33888.67967368925,1993184.0,-0.017002283619419606,175.9677032131679,64.69102594479604,-0.0002134072352557,5.104394125290821e-05
ES,atlantic_to_iberia,2015-06-28,2015-07-31,34,2787.894732352941,-0.5949569070153709,-85429.65155765698,3342018.0,-0.02556229546269858,175.9677032131679,64.69102594479604,-0.0002134072352557,5.104394125290821e-05
ES,atlantic_to_iberia,2015-08-06,2015-08-14,9,2945.814233333333,-0.6286580711125561,-23894.67964610093,969499.0,-0.024646420105746296,175.9677032131679,64.69102594479604,-0.0002134072352557,5.104394125290821e-05
ES,atlantic_to_iberia,2016-09-04,2016-09-12,9,2895.9459555555554,-0.6180158198250374,-23490.178062627205,643300.0,-0.03651512212440106,175.9677032131679,64.69102594479604,-0.0002134072352557,5.104394125290821e-05
ES,atlantic_to_iberia,2017-06-18,2017-06-25,8,2595.8266,-0.5539681779092038,-18716.25752061431,631636.0,-0.02963139770471333,175.9677032131679,64.69102594479604,-0.0002134072352557,5.104394125290821e-05
ES,atlantic_to_iberia,2017-08-04,2017-08-08,5,2882.27232,-0.6150977670652322,-12988.480958642049,654918.0,-0.019832224734458434,175.9677032131679,64.69102594479604,-0.0002134072352557,5.104394125290821e-05
ES,atlantic_to_iberia,2018-09-19,2018-09-25,7,3302.333914285714,-0.704741950538848,-20833.986162240562,591395.0,-0.03522854633914822,175.9677032131679,64.69102594479604,-0.0002134072352557,5.104394125290821e-05
ES,atlantic_to_iberia,2020-05-02,2020-05-04,3,2546.4405666666667,-0.5434288410752913,-6885.06660171451,432754.0,-0.015909885527839167,175.9677032131679,64.69102594479604,-0.0002134072352557,5.104394125290821e-05
ES,atlantic_to_iberia,2020-05-19,2020-05-23,5,3435.2339999999995,-0.7331037903963792,-15480.310825550221,400501.0,-0.03865236497674218,175.9677032131679,64.69102594479604,-0.0002134072352557,5.104394125290821e-05
ES,atlantic_to_iberia,2020-08-01,2020-08-03,3,3298.5846,-0.703941819743029,-8918.713815543266,459347.0,-0.019416070673245425,175.9677032131679,64.69102594479604,-0.0002134072352557,5.104394125290821e-05
ES,atlantic_to_iberia,2020-08-22,2020-08-28,7,3155.057557142857,-0.6733121103424599,-19904.83918123239,632064.0,-0.03149180966046538,175.9677032131679,64.69102594479604,-0.0002134072352557,5.104394125290821e-05
ES,atlantic_to_iberia,2015-05-02,2015-05-04,3,2441.499,-0.5210335514695562,-6601.325569135035,510447.0,-0.012932440721828193,175.9677032131679,64.69102594479604,-0.0002134072352557,5.104394125290821e-05
ES,atlantic_to_iberia,2015-05-10,2015-05-14,5,2624.93286,-0.5601796643844374,-11828.823471414324,633339.0,-0.01867692258239951,175.9677032131679,64.69102594479604,-0.0002134072352557,5.104394125290821e-05
ES,atlantic_to_iberia,2015-07-28,2015-08-13,17,2886.412670588235,-0.6159813478372568,-44224.27178443801,1764740.0,-0.025059936185748616,175.9677032131679,64.69102594479604,-0.0002134072352557,5.104394125290821e-05
ES,atlantic_to_iberia,2016-09-04,2016-09-12,9,2895.9459555555554,-0.6180158198250374,-23490.178062627205,643300.0,-0.03651512212440106,175.9677032131679,64.69102594479604,-0.0002134072352557,5.104394125290821e-05
ES,atlantic_to_iberia,2017-05-21,2017-05-25,5,3015.3939600000003,-0.6435068882103369,-13588.371494427092,542292.0,-0.025057296612207246,175.9677032131679,64.69102594479604,-0.0002134072352557,5.104394125290821e-05
ES,atlantic_to_iberia,2017-06-24,2017-06-27,4,2503.6499750000003,-0.5342970192127525,-9025.825853232951,404553.0,-0.022310614068448264,175.9677032131679,64.69102594479604,-0.0002134072352557,5.104394125290821e-05
ES,atlantic_to_iberia,2017-07-12,2017-07-14,3,3082.6439000000005,-0.6578585119768486,-8334.853300209483,298699.0,-0.027903854047752027,175.9677032131679,64.69102594479604,-0.0002134072352557,5.104394125290821e-05
ES,atlantic_to_iberia,2018-09-23,2018-09-25,3,3892.7323333333334,-0.8307372448471366,-10525.170596355772,435719.0,-0.024155867878967344,175.9677032131679,64.69102594479604,-0.0002134072352557,5.104394125290821e-05
ES,atlantic_to_iberia,2019-08-07,2019-08-09,3,2594.3798,-0.5536594203212359,-7014.684712050852,424966.0,-0.016506461015824446,175.9677032131679,64.69102594479604,-0.0002134072352557,5.104394125290821e-05
ES,atlantic_to_iberia,2020-05-20,2020-05-23,4,3201.764675,-0.6832797472311148,-11542.576106143988,302948.0,-0.038100849340956165,175.9677032131679,64.69102594479604,-0.0002134072352557,5.104394125290821e-05
ES,atlantic_to_iberia,2020-07-26,2020-08-02,8,2766.2265625,-0.5903327627940038,-19944.864076866186,925209.0,-0.02155714446883481,175.9677032131679,64.69102594479604,-0.0002134072352557,5.104394125290821e-05
ES,atlantic_to_iberia,2020-08-09,2020-08-11,3,2190.046233333333,-0.46737171173782627,-5921.44751961447,339911.0,-0.017420582210091674,175.9677032131679,64.69102594479604,-0.0002134072352557,5.104394125290821e-05
ES,atlantic_to_iberia,2015-05-02,2015-05-14,13,2619.852484615384,-0.5590954755195454,-30695.416971663086,1773125.0,-0.01731147943414203,175.9677032131679,64.69102594479604,-0.0002134072352557,5.104394125290821e-05
ES,atlantic_to_iberia,2017-05-05,2017-05-09,5,3138.6174199999996,-0.669803666127578,-14143.657527867535,627887.0,-0.02252580086523138,175.9677032131679,64.69102594479604,-0.0002134072352557,5.104394125290821e-05
ES,atlantic_to_iberia,2017-06-25,2017-06-27,3,2504.0944,-0.5343918627232809,-6770.571026344002,321302.0,-0.02107229655073421,175.9677032131679,64.69102594479604,-0.0002134072352557,5.104394125290821e-05
ES,atlantic_to_iberia,2017-07-11,2017-07-14,4,2986.681475,-0.637379436169166,-10767.186763967242,344101.0,-0.031290774406256425,175.9677032131679,64.69102594479604,-0.0002134072352557,5.104394125290821e-05
ES,atlantic_to_iberia,2017-07-28,2017-08-02,6,2526.6448833333334,-0.5392042990251273,-13663.086056944969,487101.0,-0.02804980087691253,175.9677032131679,64.69102594479604,-0.0002134072352557,5.104394125290821e-05
ES,atlantic_to_iberia,2019-07-06,2019-07-12,7,3212.8964714285717,-0.6856553531303656,-20269.737211275555,582533.0,-0.03479586085470789,175.9677032131679,64.69102594479604,-0.0002134072352557,5.104394125290821e-05
ES,atlantic_to_iberia,2019-08-07,2019-08-09,3,2594.3798,-0.5536594203212359,-7014.684712050852,424966.0,-0.016506461015824446,175.9677032131679,64.69102594479604,-0.0002134072352557,5.104394125290821e-05
ES,atlantic_to_iberia,2019-09-28,2020-05-05,8,2657.1555625,-0.5670562222374294,-19158.44755581238,34699528.47368421,-0.0005521241468840698,175.9677032131679,64.69102594479604,-0.0002134072352557,5.104394125290821e-05
ES,atlantic_to_iberia,2020-06-30,2020-07-02,3,2608.465333333333,-0.5566653750470045,-7052.769180382904,310956.0,-0.02268092328298185,175.9677032131679,64.69102594479604,-0.0002134072352557,5.104394125290821e-05
ES,atlantic_to_iberia,2020-07-26,2020-08-02,8,2766.2265625,-0.5903327627940038,-19944.864076866186,925209.0,-0.02155714446883481,175.9677032131679,64.69102594479604,-0.0002134072352557,5.104394125290821e-05
ES,atlantic_to_iberia,2015-05-02,2015-05-14,13,2619.852484615384,-0.5590954755195454,-30695.416971663086,1773125.0,-0.01731147943414203,175.9677032131679,64.69102594479604,-0.0002134072352557,5.104394125290821e-05
ES,atlantic_to_iberia,2015-07-29,2015-07-31,3,2882.923533333333,-0.6152367407022605,-7794.849325948712,386427.0,-0.020171595996006264,175.9677032131679,64.69102594479604,-0.0002134072352557,5.104394125290821e-05
ES,atlantic_to_iberia,2016-05-25,2016-05-27,3,2506.8857,-0.5349875463390501,-6778.118143939024,197122.0,-0.034385396576429944,175.9677032131679,64.69102594479604,-0.0002134072352557,5.104394125290821e-05
ES,atlantic_to_iberia,2017-05-26,2017-05-28,3,2353.8809,-0.5023352149901988,-6364.423729794111,342643.0,-0.018574503870775444,175.9677032131679,64.69102594479604,-0.0002134072352557,5.104394125290821e-05
ES,atlantic_to_iberia,2017-07-11,2017-07-14,4,2986.681475,-0.637379436169166,-10767.186763967242,344101.0,-0.031290774406256425,175.9677032131679,64.69102594479604,-0.0002134072352557,5.104394125290821e-05
ES,atlantic_to_iberia,2017-07-31,2017-08-02,3,2677.0846,-0.5713092230316116,-7238.301969698798,231045.0,-0.031328537599596605,175.9677032131679,64.69102594479604,-0.0002134072352557,5.104394125290821e-05
ES,atlantic_to_iberia,2019-06-08,2019-06-13,6,2777.222783333333,-0.5926794358803066,-15018.111226588835,653888.0,-0.022967406079617357,175.9677032131679,64.69102594479604,-0.0002134072352557,5.104394125290821e-05
ES,atlantic_to_iberia,2019-06-23,2019-06-27,5,2329.37334,-0.4971051243677357,-10496.933638858398,557897.0,-0.018815182083535845,175.9677032131679,64.69102594479604,-0.0002134072352557,5.104394125290821e-05
ES,atlantic_to_iberia,2019-08-07,2019-08-11,5,2600.63692,-0.5549947350010991,-11719.337857625302,601155.0,-0.019494702460472427,175.9677032131679,64.69102594479604,-0.0002134072352557,5.104394125290821e-05
ES,atlantic_to_iberia,2019-09-28,2020-05-07,10,2697.35927,-0.5756359843020332,-24310.40209067519,34909711.47368421,-0.0006963793473057193,175.9677032131679,64.69102594479604,-0.0002134072352557,5.104394125290821e-05
ES,atlantic_to_iberia,2020-06-30,2020-07-02,3,2608.465333333333,-0.5566653750470045,-7052.769180382904,310956.0,-0.02268092328298185,175.9677032131679,64.69102594479604,-0.0002134072352557,5.104394125290821e-05
ES,atlantic_to_iberia,2016-08-07,2016-08-12,6,3571.5730666666664,-0.7621995336710552,-19313.640191555023,1109293.0,-0.017410765407836364,175.9677032131679,64.69102594479604,-0.0002134072352557,5.104394125290821e-05
ES,atlantic_to_iberia,2016-09-03,2016-09-06,4,3139.17695,-0.6699230738779208,-11316.9431654211,242382.0,-0.04669052638158403,175.9677032131679,64.69102594479604,-0.0002134072352557,5.104394125290821e-05
ES,atlantic_to_iberia,2016-09-28,2017-05-03,6,2833.2734333333337,-0.6046410501310916,-15321.210747835119,27987463.0,-0.0005474312104614527,175.9677032131679,64.69102594479604,-0.0002134072352557,5.104394125290821e-05
ES,atlantic_to_iberia,2017-05-16,2017-05-20,5,3137.57694,-0.6695816201674393,-14138.96877775393,492395.0,-0.028714687959369874,175.9677032131679,64.69102594479604,-0.0002134072352557,5.104394125290821e-05
ES,atlantic_to_iberia,2017-06-16,2017-06-19,4,3221.626825,-0.6875184737488488,-11614.18048725193,447714.0,-0.025941070610371642,175.9677032131679,64.69102594479604,-0.0002134072352557,5.104394125290821e-05
ES,atlantic_to_iberia,2018-08-02,2018-08-05,4,3968.0251749999998,-0.8468052820217651,-14304.996532430294,339968.0,-0.04207747944638993,175.9677032131679,64.69102594479604,-0.0002134072352557,5.104394125290821e-05
ES,atlantic_to_iberia,2018-09-22,2018-09-27,6,3491.8097333333335,-0.7451774612296098,-18882.311952786324,708619.0,-0.026646635149193465,175.9677032131679,64.69102594479604,-0.0002134072352557,5.104394125290821e-05
ES,atlantic_to_iberia,2019-05-12,2019-05-14,3,3988.7289333333333,-0.851223613847084,-10784.726225962842,468297.0,-0.02302967182357103,175.9677032131679,64.69102594479604,-0.0002134072352557,5.104394125290821e-05
ES,atlantic_to_iberia,2019-05-29,2019-06-01,4,3545.91615,-0.756724162020036,-12783.26522463119,446170.0,-0.02865110882540554,175.9677032131679,64.69102594479604,-0.0002134072352557,5.104394125290821e-05
ES,atlantic_to_iberia,2015-05-10,2015-05-17,8,3054.3056625,-0.6518109270599541,-22021.95297868528,1258712.0,-0.017495624875813753,175.9677032131679,64.69102594479604,-0.0002134072352557,5.104394125290821e-05
ES,atlantic_to_iberia,2015-06-26,2015-06-28,3,2959.0843333333337,-0.6314900064651229,-8000.772914861009,180197.0,-0.04440014492394995,175.9677032131679,64.69102594479604,-0.0002134072352557,5.104394125290821e-05
ES,atlantic_to_iberia,2016-09-03,2016-09-06,4,3139.17695,-0.6699230738779208,-11316.9431654211,242382.0,-0.04669052638158403,175.9677032131679,64.69102594479604,-0.0002134072352557,5.104394125290821e-05
ES,atlantic_to_iberia,2017-06-07,2017-06-18,12,2963.3007999999995,-0.6323898309590039,-32048.693593695192,1082932.0,-0.02959437304807245,175.9677032131679,64.69102594479604,-0.0002134072352557,5.104394125290821e-05
ES,atlantic_to_iberia,2017-07-12,2017-07-14,3,3082.6439000000005,-0.6578585119768486,-8334.853300209483,298699.0,-0.027903854047752027,175.9677032131679,64.69102594479604,-0.0002134072352557,5.104394125290821e-05
ES,atlantic_to_iberia,2018-08-02,2018-08-05,4,3968.0251749999998,-0.8468052820217651,-14304.996532430294,339968.0,-0.04207747944638993,175.9677032131679,64.69102594479604,-0.0002134072352557,5.104394125290821e-05
ES,atlantic_to_iberia,2018-09-21,2018-09-26,6,3543.5308333333337,-0.7562151181849934,-19161.998997420615,683225.0,-0.028046396132197466,175.9677032131679,64.69102594479604,-0.0002134072352557,5.104394125290821e-05
ES,atlantic_to_iberia,2020-07-16,2020-07-20,5,3419.2053800000003,-0.7296831669172151,-15408.080514687957,687406.0,-0.022414818192869945,175.9677032131679,64.69102594479604,-0.0002134072352557,5.104394125290821e-05
ES,atlantic_to_iberia,2015-05-10,2015-05-14,5,2624.93286,-0.5601796643844374,-11828.823471414324,633339.0,-0.01867692258239951,175.9677032131679,64.69102594479604,-0.0002134072352557,5.104394125290821e-05
ES,atlantic_to_iberia,2016-09-03,2016-09-07,5,2902.4252,-0.6193985374684722,-13079.296561430685,322407.0,-0.04056765691014986,175.9677032131679,64.69102594479604,-0.0002134072352557,5.104394125290821e-05
ES,atlantic_to_iberia,2017-06-11,2017-06-19,9,2959.171577777777,-0.6315086250608031,-24003.026419231104,916717.0,-0.02618368200789459,175.9677032131679,64.69102594479604,-0.0002134072352557,5.104394125290821e-05
ES,atlantic_to_iberia,2017-07-12,2017-07-14,3,3082.6439000000005,-0.6578585119768486,-8334.853300209483,298699.0,-0.027903854047752027,175.9677032131679,64.69102594479604,-0.0002134072352557,5.104394125290821e-05
ES,atlantic_to_iberia,2018-08-02,2018-08-04,3,3825.9961333333335,-0.8164952569136652,-10344.729243135103,261094.0,-0.039620708415877434,175.9677032131679,64.69102594479604,-0.0002134072352557,5.104394125290821e-05
ES,atlantic_to_iberia,2018-09-22,2018-09-26,5,3639.8372000000004,-0.7767675936328484,-16402.321125839004,632649.0,-0.02592641595235115,175.9677032131679,64.69102594479604,-0.0002134072352557,5.104394125290821e-05
ES,atlantic_to_iberia,2015-05-10,2015-05-14,5,2624.93286,-0.5601796643844374,-11828.823471414324,633339.0,-0.01867692258239951,175.9677032131679,64.69102594479604,-0.0002134072352557,5.104394125290821e-05
ES,atlantic_to_iberia,2015-06-27,2015-06-29,3,2970.049033333333,-0.633829952777531,-8030.419273294042,198428.0,-0.04047019207618906,175.9677032131679,64.69102594479604,-0.0002134072352557,5.104394125290821e-05
ES,atlantic_to_iberia,2015-07-05,2015-07-21,17,2770.691064705882,-0.5912855198665541,-42451.23918864157,1512141.0,-0.028073598420148366,175.9677032131679,64.69102594479604,-0.0002134072352557,5.104394125290821e-05
ES,atlantic_to_iberia,2016-09-04,2016-09-07,4,2907.666075,-0.6205169781125428,-10482.330954551015,265123.0,-0.03953761444518587,175.9677032131679,64.69102594479604,-0.0002134072352557,5.104394125290821e-05
ES,atlantic_to_iberia,2017-06-11,2017-06-18,8,3033.8855624999997,-0.6474531299753091,-21874.72132222691,780543.0,-0.02802500480079497,175.9677032131679,64.69102594479604,-0.0002134072352557,5.104394125290821e-05
ES,atlantic_to_iberia,2017-07-11,2017-07-14,4,2986.681475,-0.637379436169166,-10767.186763967242,344101.0,-0.031290774406256425,175.9677032131679,64.69102594479604,-0.0002134072352557,5.104394125290821e-05
ES,atlantic_to_iberia,2017-08-03,2017-08-06,4,2904.74325,-0.6198932261101566,-10471.793974656503,434847.0,-0.024081559662723906,175.9677032131679,64.69102594479604,-0.0002134072352557,5.104394125290821e-05
ES,atlantic_to_iberia,2018-08-03,2018-08-06,4,3739.7955500000003,-0.7980994287470701,-13482.213447586873,317865.0,-0.04241490396107427,175.9677032131679,64.69102594479604,-0.0002134072352557,5.104394125290821e-05
ES,atlantic_to_iberia,2018-09-22,2018-09-25,4,3835.72735,-0.8185719689581727,-13828.054012056022,476073.0,-0.029046079093029895,175.9677032131679,64.69102594479604,-0.0002134072352557,5.104394125290821e-05
ES,atlantic_to_iberia,2020-05-02,2020-05-04,3,2546.4405666666667,-0.5434288410752913,-6885.06660171451,432754.0,-0.015909885527839167,175.9677032131679,64.69102594479604,-0.0002134072352557,5.104394125290821e-05
ES,atlantic_to_iberia,2020-05-21,2020-05-24,4,3127.4811,-0.6674270948654554,-11274.778842788286,404498.0,-0.02787350949272502,175.9677032131679,64.69102594479604,-0.0002134072352557,5.104394125290821e-05
ES,atlantic_to_iberia,2015-05-02,2015-05-04,3,2441.499,-0.5210335514695562,-6601.325569135035,510447.0,-0.012932440721828193,175.9677032131679,64.69102594479604,-0.0002134072352557,5.104394125290821e-05
ES,atlantic_to_iberia,2015-05-11,2015-05-14,4,2583.741575,-0.5513891461359578,-9314.561435732572,524093.0,-0.017772726282802045,175.9677032131679,64.69102594479604,-0.0002134072352557,5.104394125290821e-05
ES,atlantic_to_iberia,2015-06-27,2015-07-16,20,2752.5705700000003,-0.5874184751899063,-49616.00635399155,2003277.0,-0.024767421756447836,175.9677032131679,64.69102594479604,-0.0002134072352557,5.104394125290821e-05
ES,atlantic_to_iberia,2015-07-27,2015-07-29,3,2889.152666666667,-0.6165660828249664,-7811.691658117141,269448.0,-0.02899146276133852,175.9677032131679,64.69102594479604,-0.0002134072352557,5.104394125290821e-05
ES,atlantic_to_iberia,2016-06-08,2016-06-13,6,3154.0806666666667,-0.6731036348467885,-17056.00809337309,619371.0,-0.027537627840782165,175.9677032131679,64.69102594479604,-0.0002134072352557,5.104394125290821e-05
ES,atlantic_to_iberia,2016-09-04,2016-09-12,9,2895.9459555555554,-0.6180158198250374,-23490.178062627205,643300.0,-0.03651512212440106,175.9677032131679,64.69102594479604,-0.0002134072352557,5.104394125290821e-05
ES,atlantic_to_iberia,2017-06-11,2017-06-18,8,3033.8855624999997,-0.6474531299753091,-21874.72132222691,780543.0,-0.02802500480079497,175.9677032131679,64.69102594479604,-0.0002134072352557,5.104394125290821e-05
ES,atlantic_to_iberia,2017-07-11,2017-07-15,5,3090.94352,-0.6596297109347214,-13928.823024521855,500956.0,-0.02780448387587304,175.9677032131679,64.69102594479604,-0.0002134072352557,5.104394125290821e-05
ES,atlantic_to_iberia,2017-07-28,2017-08-07,11,2625.9562363636364,-0.5603980603048271,-26033.557323036064,1052828.0,-0.024727265349170104,175.9677032131679,64.69102594479604,-0.0002134072352557,5.104394125290821e-05
ES,atlantic_to_iberia,2018-09-22,2018-09-25,4,3835.72735,-0.8185719689581727,-13828.054012056022,476073.0,-0.029046079093029895,175.9677032131679,64.69102594479604,-0.0002134072352557,5.104394125290821e-05
ES,atlantic_to_iberia,2019-09-29,2020-05-04,6,2638.49905,-0.5630747874852909,-14267.948701108215,34560734.47368421,-0.00041283696421360336,175.9677032131679,64.69102594479604,-0.0002134072352557,5.104394125290821e-05
ES,atlantic_to_iberia,2020-05-21,2020-05-23,3,3005.2188,-0.6413354354464524,-8125.5112966604975,253782.0,-0.03201768169791592,175.9677032131679,64.69102594479604,-0.0002134072352557,5.104394125290821e-05
ES,atlantic_to_iberia,2020-07-26,2020-08-09,15,2884.6622266666664,-0.6156077904394847,-38997.75202695694,1629915.0,-0.023926248931359577,175.9677032131679,64.69102594479604,-0.0002134072352557,5.104394125290821e-05
ES,atlantic_to_iberia,2020-08-21,2020-08-27,7,2995.3732285714286,-0.6392343192683685,-18897.41195608353,571951.0,-0.033040263861910425,175.9677032131679,64.69102594479604,-0.0002134072352557,5.104394125290821e-05
ES,atlantic_to_iberia,2015-05-02,2015-05-04,3,2441.499,-0.5210335514695562,-6601.325569135035,510447.0,-0.012932440721828193,175.9677032131679,64.69102594479604,-0.0002134072352557,5.104394125290821e-05
ES,atlantic_to_iberia,2015-05-12,2015-05-14,3,2620.1309333333334,-0.5591548984906035,-7084.310632400415,441291.0,-0.01605360325137022,175.9677032131679,64.69102594479604,-0.0002134072352557,5.104394125290821e-05
ES,atlantic_to_iberia,2015-06-28,2015-07-08,11,2540.5671272727272,-0.5421754066127888,-25187.01531464391,1209404.0,-0.02082597321874569,175.9677032131679,64.69102594479604,-0.0002134072352557,5.104394125290821e-05
ES,atlantic_to_iberia,2015-07-22,2015-07-29,8,3061.2269375,-0.6532879772221486,-22071.856298603107,771388.0,-0.028613170413077604,175.9677032131679,64.69102594479604,-0.0002134072352557,5.104394125290821e-05
ES,atlantic_to_iberia,2016-06-09,2016-06-13,5,3182.44554,-0.6791569040432333,-14341.161663102434,559071.0,-0.02565177171254176,175.9677032131679,64.69102594479604,-0.0002134072352557,5.104394125290821e-05
ES,atlantic_to_iberia,2016-09-04,2016-09-07,4,2907.666075,-0.6205169781125428,-10482.330954551015,265123.0,-0.03953761444518587,175.9677032131679,64.69102594479604,-0.0002134072352557,5.104394125290821e-05
ES,atlantic_to_iberia,2017-06-15,2017-06-17,3,3433.5375999999997,-0.7327417663624914,-9283.599768612046,314770.0,-0.029493280073107496,175.9677032131679,64.69102594479604,-0.0002134072352557,5.104394125290821e-05
ES,atlantic_to_iberia,2017-07-28,2017-08-08,12,2683.1433833333335,-0.5726022112317916,-29018.734837989,1197942.0,-0.024223822887910265,175.9677032131679,64.69102594479604,-0.0002134072352557,5.104394125290821e-05
ES,atlantic_to_iberia,2018-09-22,2018-09-24,3,3879.9299333333333,-0.828005120058499,-10490.555464231493,318934.0,-0.03289255916343661,175.9677032131679,64.69102594479604,-0.0002134072352557,5.104394125290821e-05
ES,atlantic_to_iberia,2019-08-07,2019-08-10,4,2568.895275,-0.5482208382991811,-9261.039529834025,495536.0,-0.01868893386118067,175.9677032131679,64.69102594479604,-0.0002134072352557,5.104394125290821e-05
ES,atlantic_to_iberia,2020-05-20,2020-05-23,4,3201.764675,-0.6832797472311148,-11542.576106143988,302948.0,-0.038100849340956165,175.9677032131679,64.69102594479604,-0.0002134072352557,5.104394125290821e-05
ES,atlantic_to_iberia,2020-08-22,2020-08-28,7,3155.057557142857,-0.6733121103424599,-19904.83918123239,632064.0,-0.03149180966046538,175.9677032131679,64.69102594479604,-0.0002134072352557,5.104394125290821e-05
ES,atlantic_to_iberia,2015-05-03,2015-05-15,13,2699.3603384615385,-0.5760630267899676,-31626.968171839933,1828491.0,-0.017296759006109372,175.9677032131679,64.69102594479604,-0.0002134072352557,5.104394125290821e-05
ES,atlantic_to_iberia,2015-06-28,2015-07-08,11,2540.5671272727272,-0.5421754066127888,-25187.01531464391,1209404.0,-0.02082597321874569,175.9677032131679,64.69102594479604,-0.0002134072352557,5.104394125290821e-05
ES,atlantic_to_iberia,2015-07-14,2015-07-30,17,2848.9819941176474,-0.6079933706579181,-43650.7763774305,1526193.0,-0.02860108543115484,175.9677032131679,64.69102594479604,-0.0002134072352557,5.104394125290821e-05
ES,atlantic_to_iberia,2015-08-12,2015-08-14,3,2877.793766666667,-0.6141420113804205,-7780.979461631603,397894.0,-0.01955540787654904,175.9677032131679,64.69102594479604,-0.0002134072352557,5.104394125290821e-05
ES,atlantic_to_iberia,2016-09-04,2016-09-07,4,2907.666075,-0.6205169781125428,-10482.330954551015,265123.0,-0.03953761444518587,175.9677032131679,64.69102594479604,-0.0002134072352557,5.104394125290821e-05
ES,atlantic_to_iberia,2017-06-24,2017-06-28,5,2536.7990400000003,-0.541371269525714,-11431.663066084413,702789.0,-0.016266138294828765,175.9677032131679,64.69102594479604,-0.0002134072352557,5.104394125290821e-05
ES,atlantic_to_iberia,2017-08-02,2017-08-08,7,2809.0505285714285,-0.5994717069959913,-17721.926782788774,787951.0,-0.022491153362060298,175.9677032131679,64.69102594479604,-0.0002134072352557,5.104394125290821e-05
ES,atlantic_to_iberia,2018-08-04,2018-08-06,3,3617.8963999999996,-0.77208526816555,-9782.069135314654,236898.0,-0.04129232469381191,175.9677032131679,64.69102594479604,-0.0002134072352557,5.104394125290821e-05
ES,atlantic_to_iberia,2018-09-22,2018-09-25,4,3835.72735,-0.8185719689581727,-13828.054012056022,476073.0,-0.029046079093029895,175.9677032131679,64.69102594479604,-0.0002134072352557,5.104394125290821e-05
ES,atlantic_to_iberia,2020-05-03,2020-05-07,5,2613.93388,-0.5578324024720047,-11779.25839690586,603306.0,-0.019524517238193984,175.9677032131679,64.69102594479604,-0.0002134072352557,5.104394125290821e-05
ES,atlantic_to_iberia,2020-05-20,2020-05-23,4,3201.764675,-0.6832797472311148,-11542.576106143988,302948.0,-0.038100849340956165,175.9677032131679,64.69102594479604,-0.0002134072352557,5.104394125290821e-05
ES,atlantic_to_iberia,2020-08-22,2020-08-29,8,3196.3151124999995,-0.6821167711646365,-23045.86013664444,852770.0,-0.02702470787743992,175.9677032131679,64.69102594479604,-0.0002134072352557,5.104394125290821e-05
ES,atlantic_to_iberia,2015-05-03,2015-05-05,3,2472.6901666666668,-0.5276899721122894,-6685.660252887854,512525.0,-0.013044554417614465,175.9677032131679,64.69102594479604,-0.0002134072352557,5.104394125290821e-05
ES,atlantic_to_iberia,2015-05-13,2015-05-15,3,2980.4210666666663,-0.6360434197351775,-8058.463179454663,575954.0,-0.013991504841453768,175.9677032131679,64.69102594479604,-0.0002134072352557,5.104394125290821e-05
ES,atlantic_to_iberia,2015-06-29,2015-07-08,10,2488.0422399999998,-0.5309662156377988,-22423.897307897063,1150502.0,-0.019490533095898193,175.9677032131679,64.69102594479604,-0.0002134072352557,5.104394125290821e-05
ES,atlantic_to_iberia,2015-07-22,2015-07-30,9,3079.3903666666665,-0.6571641844233695,-24978.169188057964,920937.0,-0.027122560162158717,175.9677032131679,64.69102594479604,-0.0002134072352557,5.104394125290821e-05
ES,atlantic_to_iberia,2017-08-01,2017-08-08,8,2803.51125,-0.5982895848707516,-20213.69166836464,846633.0,-0.02387538835406208,175.9677032131679,64.69102594479604,-0.0002134072352557,5.104394125290821e-05
ES,atlantic_to_iberia,2018-08-04,2018-08-06,3,3617.8963999999996,-0.77208526816555,-9782.069135314654,236898.0,-0.04129232469381191,175.9677032131679,64.69102594479604,-0.0002134072352557,5.104394125290821e-05
ES,atlantic_to_iberia,2020-05-03,2020-05-07,5,2613.93388,-0.5578324024720047,-11779.25839690586,603306.0,-0.019524517238193984,175.9677032131679,64.69102594479604,-0.0002134072352557,5.104394125290821e-05
ES,atlantic_to_iberia,2020-05-20,2020-05-23,4,3201.764675,-0.6832797472311148,-11542.576106143988,302948.0,-0.038100849340956165,175.9677032131679,64.69102594479604,-0.0002134072352557,5.104394125290821e-05
ES,atlantic_to_iberia,2020-08-27,2020-08-29,3,3197.534933333333,-0.6823770897561856,-8645.495703097082,459308.0,-0.018822872022906376,175.9677032131679,64.69102594479604,-0.0002134072352557,5.104394125290821e-05
ES,atlantic_to_iberia,2020-09-19,2020-09-25,7,2586.1016857142854,-0.5518928108383908,-16315.372137639282,964273.0,-0.016919868271370538,175.9677032131679,64.69102594479604,-0.0002134072352557,5.104394125290821e-05
ES,atlantic_to_iberia,2015-05-03,2015-05-05,3,2472.6901666666668,-0.5276899721122894,-6685.660252887854,512525.0,-0.013044554417614465,175.9677032131679,64.69102594479604,-0.0002134072352557,5.104394125290821e-05
ES,atlantic_to_iberia,2015-05-12,2015-05-15,4,2850.8689,-0.6083960500254586,-10277.573334426581,661350.0,-0.015540293845054178,175.9677032131679,64.69102594479604,-0.0002134072352557,5.104394125290821e-05
ES,atlantic_to_iberia,2015-07-01,2015-07-07,7,2395.8042714285716,-0.5112819657793681,-15114.8110197015,797298.0,-0.018957542875689515,175.9677032131679,64.69102594479604,-0.0002134072352557,5.104394125290821e-05
ES,atlantic_to_iberia,2015-07-25,2015-07-29,5,3023.22874,-0.6451788869489735,-13623.677627764679,480777.0,-0.028336791543199194,175.9677032131679,64.69102594479604,-0.0002134072352557,5.104394125290821e-05
ES,atlantic_to_iberia,2017-06-13,2017-06-18,6,3035.612466666666,-0.6478216638190689,-16415.379399452337,562166.0,-0.029200235160881903,175.9677032131679,64.69102594479604,-0.0002134072352557,5.104394125290821e-05
ES,atlantic_to_iberia,2017-06-26,2017-06-28,3,2408.5585,-0.5140038104366159,-6512.261037505044,534558.0,-0.012182515344462236,175.9677032131679,64.69102594479604,-0.0002134072352557,5.104394125290821e-05
ES,atlantic_to_iberia,2017-07-28,2017-08-08,12,2683.1433833333335,-0.5726022112317916,-29018.734837989,1197942.0,-0.024223822887910265,175.9677032131679,64.69102594479604,-0.0002134072352557,5.104394125290821e-05
ES,atlantic_to_iberia,2020-05-20,2020-05-22,3,3193.9867,-0.6816198710904768,-8635.90198897777,144324.0,-0.05983690854589514,175.9677032131679,64.69102594479604,-0.0002134072352557,5.104394125290821e-05
ES,atlantic_to_iberia,2020-09-23,2020-09-25,3,2673.8626333333336,-0.5706216320331923,-7229.590415469381,666507.0,-0.010846983475746513,175.9677032131679,64.69102594479604,-0.0002134072352557,5.104394125290821e-05
ES,atlantic_to_iberia,2016-09-04,2016-09-06,3,3225.0820333333336,-0.688255840206498,-8719.977558541432,185098.0,-0.04711005823153914,175.9677032131679,64.69102594479604,-0.0002134072352557,5.104394125290821e-05
ES,atlantic_to_iberia,2016-09-28,2017-05-03,6,2833.2734333333337,-0.6046410501310916,-15321.210747835119,27987463.0,-0.0005474312104614527,175.9677032131679,64.69102594479604,-0.0002134072352557,5.104394125290821e-05
ES,atlantic_to_iberia,2017-06-17,2017-06-19,3,3119.7719666666667,-0.6657819100345712,-8435.240175575482,331523.0,-0.025443906382288654,175.9677032131679,64.69102594479604,-0.0002134072352557,5.104394125290821e-05
ES,atlantic_to_iberia,2018-08-02,2018-08-05,4,3968.0251749999998,-0.8468052820217651,-14304.996532430294,339968.0,-0.04207747944638993,175.9677032131679,64.69102594479604,-0.0002134072352557,5.104394125290821e-05
ES,atlantic_to_iberia,2018-09-24,2018-09-27,4,3299.9237000000003,-0.70422759337176,-11896.445965916675,594965.0,-0.019995203021886454,175.9677032131679,64.69102594479604,-0.0002134072352557,5.104394125290821e-05
ES,atlantic_to_iberia,2019-05-12,2019-05-14,3,3988.7289333333333,-0.851223613847084,-10784.726225962842,468297.0,-0.02302967182357103,175.9677032131679,64.69102594479604,-0.0002134072352557,5.104394125290821e-05
ES,atlantic_to_iberia,2019-05-29,2019-06-01,4,3545.91615,-0.756724162020036,-12783.26522463119,446170.0,-0.02865110882540554,175.9677032131679,64.69102594479604,-0.0002134072352557,5.104394125290821e-05
ES,atlantic_to_iberia,2020-07-15,2020-07-17,3,3811.9778,-0.8135036431541057,-10306.826470178821,604650.0,-0.01704593809671516,175.9677032131679,64.69102594479604,-0.0002134072352557,5.104394125290821e-05
ES,atlantic_to_iberia,2020-09-08,2020-09-13,6,3500.832383333334,-0.7471029600207897,-18931.102839160932,633937.0,-0.029862751092239345,175.9677032131679,64.69102594479604,-0.0002134072352557,5.104394125290821e-05
ES,atlantic_to_iberia,2015-05-10,2015-05-13,4,2572.74365,-0.5490421093681582,-9274.913179471463,419737.0,-0.022096963525901847,175.9677032131679,64.69102594479604,-0.0002134072352557,5.104394125290821e-05
ES,atlantic_to_iberia,2015-06-27,2015-06-29,3,2970.049033333333,-0.633829952777531,-8030.419273294042,198428.0,-0.04047019207618906,175.9677032131679,64.69102594479604,-0.0002134072352557,5.104394125290821e-05
ES,atlantic_to_iberia,2016-09-04,2016-09-06,3,3225.0820333333336,-0.688255840206498,-8719.977558541432,185098.0,-0.04711005823153914,175.9677032131679,64.69102594479604,-0.0002134072352557,5.104394125290821e-05
ES,atlantic_to_iberia,2017-06-07,2017-06-19,13,2917.0053307692306,-0.6225100428656002,-34176.99869069939,1219106.0,-0.028034476649856033,175.9677032131679,64.69102594479604,-0.0002134072352557,5.104394125290821e-05
ES,atlantic_to_iberia,2018-08-02,2018-08-06,5,3690.7058399999996,-0.7876233294564657,-16631.552193787506,402620.0,-0.04130831104711019,175.9677032131679,64.69102594479604,-0.0002134072352557,5.104394125290821e-05
ES,atlantic_to_iberia,2018-09-22,2018-09-26,5,3639.8372000000004,-0.7767675936328484,-16402.321125839004,632649.0,-0.02592641595235115,175.9677032131679,64.69102594479604,-0.0002134072352557,5.104394125290821e-05
ES,atlantic_to_iberia,2019-05-12,2019-05-14,3,3988.7289333333333,-0.851223613847084,-10784.726225962842,468297.0,-0.02302967182357103,175.9677032131679,64.69102594479604,-0.0002134072352557,5.104394125290821e-05
ES,atlantic_to_iberia,2020-07-05,2020-07-07,3,3689.5849999999996,-0.7873841340909018,-9975.900788817482,445887.0,-0.02237315909371092,175.9677032131679,64.69102594479604,-0.0002134072352557,5.104394125290821e-05
ES,atlantic_to_iberia,2020-07-16,2020-07-20,5,3419.2053800000003,-0.7296831669172151,-15408.080514687957,687406.0,-0.022414818192869945,175.9677032131679,64.69102594479604,-0.0002134072352557,5.104394125290821e-05
ES,atlantic_to_iberia,2015-05-10,2015-05-13,4,2572.74365,-0.5490421093681582,-9274.913179471463,419737.0,-0.022096963525901847,175.9677032131679,64.69102594479604,-0.0002134072352557,5.104394125290821e-05
ES,atlantic_to_iberia,2015-06-27,2015-06-29,3,2970.049033333333,-0.633829952777531,-8030.419273294042,198428.0,-0.04047019207618906,175.9677032131679,64.69102594479604,-0.0002134072352557,5.104394125290821e-05
ES,atlantic_to_iberia,2016-09-04,2016-09-07,4,2907.666075,-0.6205169781125428,-10482.330954551015,265123.0,-0.03953761444518587,175.9677032131679,64.69102594479604,-0.0002134072352557,5.104394125290821e-05
ES,atlantic_to_iberia,2017-06-11,2017-06-18,8,3033.8855624999997,-0.6474531299753091,-21874.72132222691,780543.0,-0.02802500480079497,175.9677032131679,64.69102594479604,-0.0002134072352557,5.104394125290821e-05
ES,atlantic_to_iberia,2017-07-12,2017-07-16,5,3136.1258800000005,-0.6692719534646493,-14132.429817139744,584778.0,-0.02416717081890862,175.9677032131679,64.69102594479604,-0.0002134072352557,5.104394125290821e-05
ES,atlantic_to_iberia,2018-08-02,2018-08-05,4,3968.0251749999998,-0.8468052820217651,-14304.996532430294,339968.0,-0.04207747944638993,175.9677032131679,64.69102594479604,-0.0002134072352557,5.104394125290821e-05
ES,atlantic_to_iberia,2018-09-21,2018-09-25,5,3680.98168,-0.7855481233556818,-16587.731883637636,526649.0,-0.03149674998649506,175.9677032131679,64.69102594479604,-0.0002134072352557,5.104394125290821e-05
ES,atlantic_to_iberia,2019-05-13,2019-05-15,3,4029.3062666666665,-0.8598831103677995,-10894.4392293516,374834.0,-0.029064703920539756,175.9677032131679,64.69102594479604,-0.0002134072352557,5.104394125290821e-05
ES,atlantic_to_iberia,2020-07-16,2020-07-20,5,3419.2053800000003,-0.7296831669172151,-15408.080514687957,687406.0,-0.022414818192869945,175.9677032131679,64.69102594479604,-0.0002134072352557,5.104394125290821e-05
ES,atlantic_to_iberia,2020-07-26,2020-07-29,4,2711.59995,-0.5786750484489943,-9775.499441504466,422127.0,-0.0231577213528262,175.9677032131679,64.69102594479604,-0.0002134072352557,5.104394125290821e-05
ES,atlantic_to_iberia,2015-05-10,2015-05-14,5,2624.93286,-0.5601796643844374,-11828.823471414324,633339.0,-0.01867692258239951,175.9677032131679,64.69102594479604,-0.0002134072352557,5.104394125290821e-05
ES,atlantic_to_iberia,2015-06-27,2015-06-29,3,2970.049033333333,-0.633829952777531,-8030.419273294042,198428.0,-0.04047019207618906,175.9677032131679,64.69102594479604,-0.0002134072352557,5.104394125290821e-05
ES,atlantic_to_iberia,2015-07-06,2015-07-15,10,3015.4109999999996,-0.6435105246696255,-27176.896564707513,980704.0,-0.02771161998391718,175.9677032131679,64.69102594479604,-0.0002134072352557,5.104394125290821e-05
ES,atlantic_to_iberia,2016-09-04,2016-09-07,4,2907.666075,-0.6205169781125428,-10482.330954551015,265123.0,-0.03953761444518587,175.9677032131679,64.69102594479604,-0.0002134072352557,5.104394125290821e-05
ES,atlantic_to_iberia,2017-06-11,2017-06-18,8,3033.8855624999997,-0.6474531299753091,-21874.72132222691,780543.0,-0.02802500480079497,175.9677032131679,64.69102594479604,-0.0002134072352557,5.104394125290821e-05
ES,atlantic_to_iberia,2017-07-12,2017-07-16,5,3136.1258800000005,-0.6692719534646493,-14132.429817139744,584778.0,-0.02416717081890862,175.9677032131679,64.69102594479604,-0.0002134072352557,5.104394125290821e-05
ES,atlantic_to_iberia,2018-08-01,2018-08-04,4,3707.8823500000003,-0.7912889209669078,-13367.16422405498,370928.0,-0.03603708596831456,175.9677032131679,64.69102594479604,-0.0002134072352557,5.104394125290821e-05
ES,atlantic_to_iberia,2018-09-22,2018-09-25,4,3835.72735,-0.8185719689581727,-13828.054012056022,476073.0,-0.029046079093029895,175.9677032131679,64.69102594479604,-0.0002134072352557,5.104394125290821e-05
ES,atlantic_to_iberia,2019-09-30,2020-05-04,5,2659.6941799999995,-0.5675979815794759,-11985.469580036442,34462579.47368421,-0.00034778213828098983,175.9677032131679,64.69102594479604,-0.0002134072352557,5.104394125290821e-05
ES,atlantic_to_iberia,2020-07-26,2020-07-31,6,2635.9612,-0.5625331919332973,-14254.225022257127,609284.0,-0.023395042414140414,175.9677032131679,64.69102594479604,-0.0002134072352557,5.104394125290821e-05
ES,atlantic_to_iberia,2015-05-02,2015-05-14,13,2619.852484615384,-0.5590954755195454,-30695.416971663086,1773125.0,-0.01731147943414203,175.9677032131679,64.69102594479604,-0.0002134072352557,5.104394125290821e-05
ES,atlantic_to_iberia,2015-06-27,2015-07-15,19,2774.1987947368425,-0.5920340948344848,-47505.569230711466,1912890.0,-0.02483444904344289,175.9677032131679,64.69102594479604,-0.0002134072352557,5.104394125290821e-05
ES,atlantic_to_iberia,2016-09-03,2016-09-12,10,2894.4975299999996,-0.6177067153317525,-26087.14366950687,700584.0,-0.0372362824008354,175.9677032131679,64.69102594479604,-0.0002134072352557,5.104394125290821e-05
ES,atlantic_to_iberia,2017-06-10,2017-06-23,14,2796.866042857143,-0.596871449586693,-35290.11296068759,1214040.0,-0.029068328029296885,175.9677032131679,64.69102594479604,-0.0002134072352557,5.104394125290821e-05
ES,atlantic_to_iberia,2017-07-12,2017-07-15,4,3188.9808500000004,-0.6805515864818722,-11496.489560764096,455554.0,-0.025236282769472106,175.9677032131679,64.69102594479604,-0.0002134072352557,5.104394125290821e-05
ES,atlantic_to_iberia,2017-07-28,2017-08-05,9,2626.7978555555555,-0.5605776679297128,-21307.00997480806,751075.0,-0.028368684851456993,175.9677032131679,64.69102594479604,-0.0002134072352557,5.104394125290821e-05
ES,atlantic_to_iberia,2018-09-22,2018-09-25,4,3835.72735,-0.8185719689581727,-13828.054012056022,476073.0,-0.029046079093029895,175.9677032131679,64.69102594479604,-0.0002134072352557,5.104394125290821e-05
ES,atlantic_to_iberia,2019-09-29,2020-05-04,6,2638.49905,-0.5630747874852909,-14267.948701108215,34560734.47368421,-0.00041283696421360336,175.9677032131679,64.69102594479604,-0.0002134072352557,5.104394125290821e-05
ES,atlantic_to_iberia,2020-07-26,2020-07-31,6,2635.9612,-0.5625331919332973,-14254.225022257127,609284.0,-0.023395042414140414,175.9677032131679,64.69102594479604,-0.0002134072352557,5.104394125290821e-05
ES,atlantic_to_iberia,2020-08-07,2020-08-09,3,2261.1780333333336,-0.48255175251458776,-6113.773697146635,274560.0,-0.022267532405108665,175.9677032131679,64.69102594479604,-0.0002134072352557,5.104394125290821e-05
ES,atlantic_to_iberia,2015-05-02,2015-05-04,3,2441.499,-0.5210335514695562,-6601.325569135035,510447.0,-0.012932440721828193,175.9677032131679,64.69102594479604,-0.0002134072352557,5.104394125290821e-05
ES,atlantic_to_iberia,2015-05-12,2015-05-14,3,2620.1309333333334,-0.5591548984906035,-7084.310632400415,441291.0,-0.01605360325137022,175.9677032131679,64.69102594479604,-0.0002134072352557,5.104394125290821e-05
ES,atlantic_to_iberia,2015-06-27,2015-07-15,19,2774.1987947368425,-0.5920340948344848,-47505.569230711466,1912890.0,-0.02483444904344289,175.9677032131679,64.69102594479604,-0.0002134072352557,5.104394125290821e-05
ES,atlantic_to_iberia,2015-07-24,2015-07-29,6,2987.718166666667,-0.6376006736715621,-16156.386160294085,620129.0,-0.02605326659500537,175.9677032131679,64.69102594479604,-0.0002134072352557,5.104394125290821e-05
ES,atlantic_to_iberia,2016-06-08,2016-06-13,6,3154.0806666666667,-0.6731036348467885,-17056.00809337309,619371.0,-0.027537627840782165,175.9677032131679,64.69102594479604,-0.0002134072352557,5.104394125290821e-05
ES,atlantic_to_iberia,2016-09-03,2016-09-08,6,2858.013716666667,-0.6099208055967009,-15454.996315599823,405488.0,-0.03811455903898469,175.9677032131679,64.69102594479604,-0.0002134072352557,5.104394125290821e-05
ES,atlantic_to_iberia,2017-06-11,2017-06-17,7,3016.0730714285714,-0.6436518155027388,-19028.004516024444,689386.0,-0.02760137936660223,175.9677032131679,64.69102594479604,-0.0002134072352557,5.104394125290821e-05
ES,atlantic_to_iberia,2017-07-28,2017-08-05,9,2626.7978555555555,-0.5605776679297128,-21307.00997480806,751075.0,-0.028368684851456993,175.9677032131679,64.69102594479604,-0.0002134072352557,5.104394125290821e-05
ES,atlantic_to_iberia,2018-08-03,2018-08-06,4,3739.7955500000003,-0.7980994287470701,-13482.213447586873,317865.0,-0.04241490396107427,175.9677032131679,64.69102594479604,-0.0002134072352557,5.104394125290821e-05
ES,atlantic_to_iberia,2018-09-21,2018-09-24,4,3675.4472,-0.7843670252803039,-13250.233335813107,369510.0,-0.03585893030178644,175.9677032131679,64.69102594479604,-0.0002134072352557,5.104394125290821e-05
ES,atlantic_to_iberia,2019-09-29,2020-05-03,5,2684.1206599999996,-0.5728107691433046,-12095.543450629857,34334401.47368421,-0.000352286422115165,175.9677032131679,64.69102594479604,-0.0002134072352557,5.104394125290821e-05
ES,atlantic_to_iberia,2020-07-27,2020-08-02,7,2736.5470714285716,-0.583998944660654,-17264.512099102674,862163.0,-0.02002464974616479,175.9677032131679,64.69102594479604,-0.0002134072352557,5.104394125290821e-05
ES,atlantic_to_iberia,2020-08-21,2020-08-27,7,2995.3732285714286,-0.6392343192683685,-18897.41195608353,571951.0,-0.033040263861910425,175.9677032131679,64.69102594479604,-0.0002134072352557,5.104394125290821e-05
ES,atlantic_to_iberia,2015-05-01,2015-05-14,14,2606.823021428572,-0.5563148938039819,-32892.20058632394,1944225.6666666665,-0.01691789237754325,175.9677032131679,64.69102594479604,-0.0002134072352557,5.104394125290821e-05
ES,atlantic_to_iberia,2015-07-05,2015-07-07,3,2525.609233333333,-0.5389832838219347,-6828.742837759453,288111.0,-0.02370177757100372,175.9677032131679,64.69102594479604,-0.0002134072352557,5.104394125290821e-05
ES,atlantic_to_iberia,2015-07-16,2015-07-27,12,2785.2197416666672,-0.5943860446486784,-30122.711164450775,1026294.0,-0.029350957098502745,175.9677032131679,64.69102594479604,-0.0002134072352557,5.104394125290821e-05
ES,atlantic_to_iberia,2016-09-03,2016-09-07,5,2902.4252,-0.6193985374684722,-13079.296561430685,322407.0,-0.04056765691014986,175.9677032131679,64.69102594479604,-0.0002134072352557,5.104394125290821e-05
ES,atlantic_to_iberia,2017-06-14,2017-06-28,15,2689.3748066666662,-0.5739320420570659,-36357.66116684106,1532350.0,-0.023726734210096297,175.9677032131679,64.69102594479604,-0.0002134072352557,5.104394125290821e-05
ES,atlantic_to_iberia,2017-08-03,2017-08-05,3,2827.1038000000003,-0.6033244057388835,-7643.923917863093,263974.0,-0.028957109101135314,175.9677032131679,64.69102594479604,-0.0002134072352557,5.104394125290821e-05
ES,atlantic_to_iberia,2017-09-11,2017-09-14,4,3179.5103,-0.6785305025900212,-11462.347593680883,481940.0,-0.023783764770886173,175.9677032131679,64.69102594479604,-0.0002134072352557,5.104394125290821e-05
ES,atlantic_to_iberia,2018-08-03,2018-08-06,4,3739.7955500000003,-0.7980994287470701,-13482.213447586873,317865.0,-0.04241490396107427,175.9677032131679,64.69102594479604,-0.0002134072352557,5.104394125290821e-05
ES,atlantic_to_iberia,2018-09-21,2018-09-24,4,3675.4472,-0.7843670252803039,-13250.233335813107,369510.0,-0.03585893030178644,175.9677032131679,64.69102594479604,-0.0002134072352557,5.104394125290821e-05
ES,atlantic_to_iberia,2019-07-24,2019-07-27,4,2682.107075,-0.5723810555355023,-9669.175651709862,476189.0,-0.020305331815119336,175.9677032131679,64.69102594479604,-0.0002134072352557,5.104394125290821e-05
ES,atlantic_to_iberia,2020-05-21,2020-05-23,3,3005.2188,-0.6413354354464524,-8125.5112966604975,253782.0,-0.03201768169791592,175.9677032131679,64.69102594479604,-0.0002134072352557,5.104394125290821e-05
ES,atlantic_to_iberia,2015-05-03,2015-05-15,13,2699.3603384615385,-0.5760630267899676,-31626.968171839933,1828491.0,-0.017296759006109372,175.9677032131679,64.69102594479604,-0.0002134072352557,5.104394125290821e-05
ES,atlantic_to_iberia,2015-06-28,2015-07-08,11,2540.5671272727272,-0.5421754066127888,-25187.01531464391,1209404.0,-0.02082597321874569,175.9677032131679,64.69102594479604,-0.0002134072352557,5.104394125290821e-05
ES,atlantic_to_iberia,2015-07-21,2015-07-27,7,3059.2769285714285,-0.6528718312079782,-19300.571913880816,665368.0,-0.029007364216314606,175.9677032131679,64.69102594479604,-0.0002134072352557,5.104394125290821e-05
ES,atlantic_to_iberia,2016-09-04,2016-09-06,3,3225.0820333333336,-0.688255840206498,-8719.977558541432,185098.0,-0.04711005823153914,175.9677032131679,64.69102594479604,-0.0002134072352557,5.104394125290821e-05
ES,atlantic_to_iberia,2017-06-14,2017-06-20,7,2880.2608857142855,-0.6146685124354193,-18171.183470280164,676276.0,-0.026869478541719897,175.9677032131679,64.69102594479604,-0.0002134072352557,5.104394125290821e-05
ES,atlantic_to_iberia,2017-06-27,2017-06-29,3,2732.0505333333335,-0.5830393508975273,-7386.918873144059,702668.0,-0.010512672945322769,175.9677032131679,64.69102594479604,-0.0002134072352557,5.104394125290821e-05
ES,atlantic_to_iberia,2017-08-02,2017-08-05,4,2776.70345,-0.5925686063894638,-10010.201919607842,341084.0,-0.029348201380328134,175.9677032131679,64.69102594479604,-0.0002134072352557,5.104394125290821e-05
ES,atlantic_to_iberia,2018-08-02,2018-08-06,5,3690.7058399999996,-0.7876233294564657,-16631.552193787506,402620.0,-0.04130831104711019,175.9677032131679,64.69102594479604,-0.0002134072352557,5.104394125290821e-05
ES,atlantic_to_iberia,2018-09-22,2018-09-24,3,3879.9299333333333,-0.828005120058499,-10490.555464231493,318934.0,-0.03289255916343661,175.9677032131679,64.69102594479604,-0.0002134072352557,5.104394125290821e-05
ES,atlantic_to_iberia,2020-05-02,2020-05-07,6,2648.54565,-0.5652188046150108,-14322.276699983391,739473.0,-0.019368221287299727,175.9677032131679,64.69102594479604,-0.0002134072352557,5.104394125290821e-05
ES,atlantic_to_iberia,2020-05-21,2020-05-23,3,3005.2188,-0.6413354354464524,-8125.5112966604975,253782.0,-0.03201768169791592,175.9677032131679,64.69102594479604,-0.0002134072352557,5.104394125290821e-05
ES,atlantic_to_iberia,2020-09-23,2020-09-25,3,2673.8626333333336,-0.5706216320331923,-7229.590415469381,666507.0,-0.010846983475746513,175.9677032131679,64.69102594479604,-0.0002134072352557,5.104394125290821e-05
ES,atlantic_to_iberia,2015-05-03,2015-05-14,12,2629.050133333333,-0.561058320303296,-28433.705469813765,1608432.0,-0.01767790336788485,175.9677032131679,64.69102594479604,-0.0002134072352557,5.104394125290821e-05
ES,atlantic_to_iberia,2015-07-02,2015-07-07,6,2439.052283333333,-0.5205114044302689,-13189.420272075087,658520.0,-0.020028883362806123,175.9677032131679,64.69102594479604,-0.0002134072352557,5.104394125290821e-05
ES,atlantic_to_iberia,2015-07-21,2015-07-23,3,3071.464966666667,-0.6554728467210741,-8304.627697639507,219372.0,-0.03785637044672751,175.9677032131679,64.69102594479604,-0.0002134072352557,5.104394125290821e-05
ES,atlantic_to_iberia,2017-06-16,2017-06-18,3,3508.3492,-0.7487071030835469,-9485.875390247733,311540.0,-0.03044833854480238,175.9677032131679,64.69102594479604,-0.0002134072352557,5.104394125290821e-05
ES,atlantic_to_iberia,2017-08-01,2017-08-05,5,2774.31002,-0.5920578311103858,-12501.96680518371,399766.0,-0.03127321184188678,175.9677032131679,64.69102594479604,-0.0002134072352557,5.104394125290821e-05
ES,atlantic_to_iberia,2018-08-03,2018-08-05,3,4125.9179,-0.8805007319310038,-11155.657786229662,255213.0,-0.04371116591329463,175.9677032131679,64.69102594479604,-0.0002134072352557,5.104394125290821e-05
ES,atlantic_to_iberia,2018-09-22,2018-09-24,3,3879.9299333333333,-0.828005120058499,-10490.555464231493,318934.0,-0.03289255916343661,175.9677032131679,64.69102594479604,-0.0002134072352557,5.104394125290821e-05
ES,atlantic_to_iberia,2020-05-02,2020-05-07,6,2648.54565,-0.5652188046150108,-14322.276699983391,739473.0,-0.019368221287299727,175.9677032131679,64.69102594479604,-0.0002134072352557,5.104394125290821e-05
ES,atlantic_to_iberia,2020-09-20,2020-09-25,6,2641.8118,-0.5637817523038843,-14285.86272956299,822527.0,-0.017368259922851154,175.9677032131679,64.69102594479604,-0.0002134072352557,5.104394125290821e-05
ES,atlantic_to_iberia,2015-06-19,2015-06-21,3,3737.6204666666667,-0.7976352502264525,-10105.779094863072,384997.0,-0.02624898140729167,175.9677032131679,64.69102594479604,-0.0002134072352557,5.104394125290821e-05
ES,atlantic_to_iberia,2016-09-28,2017-05-03,6,2833.2734333333337,-0.6046410501310916,-15321.210747835119,27987463.0,-0.0005474312104614527,175.9677032131679,64.69102594479604,-0.0002134072352557,5.104394125290821e-05
ES,atlantic_to_iberia,2017-05-21,2017-05-24,4,3072.9974,-0.6557998790819545,-11078.361454994378,476465.0,-0.023251154764766305,175.9677032131679,64.69102594479604,-0.0002134072352557,5.104394125290821e-05
ES,atlantic_to_iberia,2018-08-19,2018-08-21,3,3689.596666666667,-0.7873866238419799,-9975.932333153552,341459.0,-0.029215608120311817,175.9677032131679,64.69102594479604,-0.0002134072352557,5.104394125290821e-05
ES,atlantic_to_iberia,2018-09-24,2018-09-27,4,3299.9237000000003,-0.70422759337176,-11896.445965916675,594965.0,-0.019995203021886454,175.9677032131679,64.69102594479604,-0.0002134072352557,5.104394125290821e-05
ES,atlantic_to_iberia,2019-05-12,2019-05-14,3,3988.7289333333333,-0.851223613847084,-10784.726225962842,468297.0,-0.02302967182357103,175.9677032131679,64.69102594479604,-0.0002134072352557,5.104394125290821e-05
ES,atlantic_to_iberia,2020-05-26,2020-05-28,3,3155.7462333333333,-0.6734590788242558,-8532.507406230729,480003.0,-0.01777594599665154,175.9677032131679,64.69102594479604,-0.0002134072352557,5.104394125290821e-05
ES,atlantic_to_iberia,2020-07-16,2020-07-18,3,3935.0333666666666,-0.8397645914192625,-10639.544140209022,463525.0,-0.022953549733475048,175.9677032131679,64.69102594479604,-0.0002134072352557,5.104394125290821e-05
ES,atlantic_to_iberia,2015-05-11,2015-05-17,7,3092.1067571428575,-0.6598779541573254,-19507.690943003534,1149466.0,-0.01697109000440512,175.9677032131679,64.69102594479604,-0.0002134072352557,5.104394125290821e-05
ES,atlantic_to_iberia,2016-09-03,2016-09-07,5,2902.4252,-0.6193985374684722,-13079.296561430685,322407.0,-0.04056765691014986,175.9677032131679,64.69102594479604,-0.0002134072352557,5.104394125290821e-05
ES,atlantic_to_iberia,2017-06-12,2017-06-20,9,2882.2122888888885,-0.6150849559917806,-23378.77878915875,907372.0,-0.025765373836925485,175.9677032131679,64.69102594479604,-0.0002134072352557,5.104394125290821e-05
ES,atlantic_to_iberia,2017-07-13,2017-07-15,3,3312.8342333333335,-0.7069827945961032,-8957.241977493828,400869.0,-0.02234456138412755,175.9677032131679,64.69102594479604,-0.0002134072352557,5.104394125290821e-05
ES,atlantic_to_iberia,2018-08-02,2018-08-05,4,3968.0251749999998,-0.8468052820217651,-14304.996532430294,339968.0,-0.04207747944638993,175.9677032131679,64.69102594479604,-0.0002134072352557,5.104394125290821e-05
ES,atlantic_to_iberia,2018-09-22,2018-09-26,5,3639.8372000000004,-0.7767675936328484,-16402.321125839004,632649.0,-0.02592641595235115,175.9677032131679,64.69102594479604,-0.0002134072352557,5.104394125290821e-05
ES,atlantic_to_iberia,2019-05-12,2019-05-14,3,3988.7289333333333,-0.851223613847084,-10784.726225962842,468297.0,-0.02302967182357103,175.9677032131679,64.69102594479604,-0.0002134072352557,5.104394125290821e-05
ES,atlantic_to_iberia,2020-07-16,2020-07-18,3,3935.0333666666666,-0.8397645914192625,-10639.544140209022,463525.0,-0.022953549733475048,175.9677032131679,64.69102594479604,-0.0002134072352557,5.104394125290821e-05
ES,atlantic_to_iberia,2015-05-10,2015-05-13,4,2572.74365,-0.5490421093681582,-9274.913179471463,419737.0,-0.022096963525901847,175.9677032131679,64.69102594479604,-0.0002134072352557,5.104394125290821e-05
ES,atlantic_to_iberia,2015-06-27,2015-06-29,3,2970.049033333333,-0.633829952777531,-8030.419273294042,198428.0,-0.04047019207618906,175.9677032131679,64.69102594479604,-0.0002134072352557,5.104394125290821e-05
ES,atlantic_to_iberia,2015-07-06,2015-07-14,9,3029.229722222222,-0.6464595399738364,-24571.296101398413,900067.0,-0.027299407823415826,175.9677032131679,64.69102594479604,-0.0002134072352557,5.104394125290821e-05
ES,atlantic_to_iberia,2016-09-03,2016-09-07,5,2902.4252,-0.6193985374684722,-13079.296561430685,322407.0,-0.04056765691014986,175.9677032131679,64.69102594479604,-0.0002134072352557,5.104394125290821e-05
ES,atlantic_to_iberia,2017-05-03,2017-05-08,6,3068.8457500000004,-0.6549138869337052,-16595.091718003074,725374.0,-0.022877979798011885,175.9677032131679,64.69102594479604,-0.0002134072352557,5.104394125290821e-05
ES,atlantic_to_iberia,2017-06-10,2017-06-18,9,3000.7116111111113,-0.6403735687268995,-24339.974274855125,841792.0,-0.028914475636327173,175.9677032131679,64.69102594479604,-0.0002134072352557,5.104394125290821e-05
ES,atlantic_to_iberia,2017-07-13,2017-07-16,4,3215.8021750000003,-0.6862754512960167,-11593.182233869473,530093.0,-0.021870091161116018,175.9677032131679,64.69102594479604,-0.0002134072352557,5.104394125290821e-05
ES,atlantic_to_iberia,2017-08-20,2017-08-23,4,3030.3102500000005,-0.6466901324195091,-10924.471420078122,431362.0,-0.02532553034360496,175.9677032131679,64.69102594479604,-0.0002134072352557,5.104394125290821e-05
ES,atlantic_to_iberia,2018-08-02,2018-08-06,5,3690.7058399999996,-0.7876233294564657,-16631.552193787506,402620.0,-0.04130831104711019,175.9677032131679,64.69102594479604,-0.0002134072352557,5.104394125290821e-05
ES,atlantic_to_iberia,2018-09-22,2018-09-24,3,3879.9299333333333,-0.828005120058499,-10490.555464231493,318934.0,-0.03289255916343661,175.9677032131679,64.69102594479604,-0.0002134072352557,5.104394125290821e-05
ES,atlantic_to_iberia,2019-05-13,2019-05-15,3,4029.3062666666665,-0.8598831103677995,-10894.4392293516,374834.0,-0.029064703920539756,175.9677032131679,64.69102594479604,-0.0002134072352557,5.104394125290821e-05
ES,atlantic_to_iberia,2020-07-18,2020-07-20,3,3136.034266666667,-0.66925240251647,-8479.21018613168,298702.0,-0.028386854410521793,175.9677032131679,64.69102594479604,-0.0002134072352557,5.104394125290821e-05
ES,atlantic_to_iberia,2020-07-26,2020-07-31,6,2635.9612,-0.5625331919332973,-14254.225022257127,609284.0,-0.023395042414140414,175.9677032131679,64.69102594479604,-0.0002134072352557,5.104394125290821e-05
ES,atlantic_to_iberia,2015-05-10,2015-05-13,4,2572.74365,-0.5490421093681582,-9274.913179471463,419737.0,-0.022096963525901847,175.9677032131679,64.69102594479604,-0.0002134072352557,5.104394125290821e-05
ES,atlantic_to_iberia,2015-07-06,2015-07-15,10,3015.4109999999996,-0.6435105246696255,-27176.896564707513,980704.0,-0.02771161998391718,175.9677032131679,64.69102594479604,-0.0002134072352557,5.104394125290821e-05
ES,atlantic_to_iberia,2016-07-26,2016-07-29,4,3122.04155,-0.6662662555389203,-11255.168900699657,466953.0,-0.024103429897012453,175.9677032131679,64.69102594479604,-0.0002134072352557,5.104394125290821e-05
ES,atlantic_to_iberia,2016-09-03,2016-09-12,10,2894.4975299999996,-0.6177067153317525,-26087.14366950687,700584.0,-0.0372362824008354,175.9677032131679,64.69102594479604,-0.0002134072352557,5.104394125290821e-05
ES,atlantic_to_iberia,2017-06-10,2017-06-18,9,3000.7116111111113,-0.6403735687268995,-24339.974274855125,841792.0,-0.028914475636327173,175.9677032131679,64.69102594479604,-0.0002134072352557,5.104394125290821e-05
ES,atlantic_to_iberia,2017-07-13,2017-07-16,4,3215.8021750000003,-0.6862754512960167,-11593.182233869473,530093.0,-0.021870091161116018,175.9677032131679,64.69102594479604,-0.0002134072352557,5.104394125290821e-05
ES,atlantic_to_iberia,2018-08-01,2018-08-06,6,3634.5117000000005,-0.7756310934014943,-19653.987174707385,512454.0,-0.03835268565511711,175.9677032131679,64.69102594479604,-0.0002134072352557,5.104394125290821e-05
ES,atlantic_to_iberia,2018-09-20,2018-09-24,5,3396.0105599999997,-0.7247332245087614,-15303.55691508959,416941.0,-0.036704370438718166,175.9677032131679,64.69102594479604,-0.0002134072352557,5.104394125290821e-05
ES,atlantic_to_iberia,2019-05-13,2019-05-15,3,4029.3062666666665,-0.8598831103677995,-10894.4392293516,374834.0,-0.029064703920539756,175.9677032131679,64.69102594479604,-0.0002134072352557,5.104394125290821e-05
ES,atlantic_to_iberia,2019-06-27,2019-06-30,4,2322.33205,-0.495602462136202,-8372.162589014253,401926.0,-0.020830109495315687,175.9677032131679,64.69102594479604,-0.0002134072352557,5.104394125290821e-05
ES,atlantic_to_iberia,2020-07-26,2020-07-31,6,2635.9612,-0.5625331919332973,-14254.225022257127,609284.0,-0.023395042414140414,175.9677032131679,64.69102594479604,-0.0002134072352557,5.104394125290821e-05
ES,atlantic_to_iberia,2015-05-10,2015-05-14,5,2624.93286,-0.5601796643844374,-11828.823471414324,633339.0,-0.01867692258239951,175.9677032131679,64.69102594479604,-0.0002134072352557,5.104394125290821e-05
ES,atlantic_to_iberia,2015-06-27,2015-07-15,19,2774.1987947368425,-0.5920340948344848,-47505.569230711466,1912890.0,-0.02483444904344289,175.9677032131679,64.69102594479604,-0.0002134072352557,5.104394125290821e-05
ES,atlantic_to_iberia,2016-09-03,2016-09-12,10,2894.4975299999996,-0.6177067153317525,-26087.14366950687,700584.0,-0.0372362824008354,175.9677032131679,64.69102594479604,-0.0002134072352557,5.104394125290821e-05
ES,atlantic_to_iberia,2017-05-24,2017-05-26,3,2817.4758333333334,-0.6012697279914161,-7617.891819330411,245868.0,-0.03098366529735635,175.9677032131679,64.69102594479604,-0.0002134072352557,5.104394125290821e-05
ES,atlantic_to_iberia,2017-06-10,2017-06-18,9,3000.7116111111113,-0.6403735687268995,-24339.974274855125,841792.0,-0.028914475636327173,175.9677032131679,64.69102594479604,-0.0002134072352557,5.104394125290821e-05
ES,atlantic_to_iberia,2017-07-13,2017-07-16,4,3215.8021750000003,-0.6862754512960167,-11593.182233869473,530093.0,-0.021870091161116018,175.9677032131679,64.69102594479604,-0.0002134072352557,5.104394125290821e-05
ES,atlantic_to_iberia,2018-08-01,2018-08-03,3,3651.1270000000004,-0.7791769186374382,-9871.918039392725,275556.0,-0.03582545123093936,175.9677032131679,64.69102594479604,-0.0002134072352557,5.104394125290821e-05
ES,atlantic_to_iberia,2018-09-21,2018-09-24,4,3675.4472,-0.7843670252803039,-13250.233335813107,369510.0,-0.03585893030178644,175.9677032131679,64.69102594479604,-0.0002134072352557,5.104394125290821e-05
ES,atlantic_to_iberia,2019-06-27,2019-06-30,4,2322.33205,-0.495602462136202,-8372.162589014253,401926.0,-0.020830109495315687,175.9677032131679,64.69102594479604,-0.0002134072352557,5.104394125290821e-05
ES,atlantic_to_iberia,2020-07-26,2020-07-31,6,2635.9612,-0.5625331919332973,-14254.225022257127,609284.0,-0.023395042414140414,175.9677032131679,64.69102594479604,-0.0002134072352557,5.104394125290821e-05
ES,atlantic_to_iberia,2015-05-10,2015-05-14,5,2624.93286,-0.5601796643844374,-11828.823471414324,633339.0,-0.01867692258239951,175.9677032131679,64.69102594479604,-0.0002134072352557,5.104394125290821e-05
ES,atlantic_to_iberia,2015-06-28,2015-07-16,19,2733.3248368421055,-0.583311296486211,-46805.640790044046,1941689.0,-0.02410563215326659,175.9677032131679,64.69102594479604,-0.0002134072352557,5.104394125290821e-05
ES,atlantic_to_iberia,2016-09-03,2016-09-12,10,2894.4975299999996,-0.6177067153317525,-26087.14366950687,700584.0,-0.0372362824008354,175.9677032131679,64.69102594479604,-0.0002134072352557,5.104394125290821e-05
ES,atlantic_to_iberia,2017-05-25,2017-05-27,3,2602.0485666666664,-0.5552959906133903,-7035.419525163778,276732.0,-0.02542322364296062,175.9677032131679,64.69102594479604,-0.0002134072352557,5.104394125290821e-05
ES,atlantic_to_iberia,2017-06-11,2017-06-17,7,3016.0730714285714,-0.6436518155027388,-19028.004516024444,689386.0,-0.02760137936660223,175.9677032131679,64.69102594479604,-0.0002134072352557,5.104394125290821e-05
ES,atlantic_to_iberia,2017-07-27,2017-08-05,10,2649.27987,-0.5653754924752803,-23877.078447333304,810077.0,-0.029475072674984358,175.9677032131679,64.69102594479604,-0.0002134072352557,5.104394125290821e-05
ES,atlantic_to_iberia,2017-08-18,2017-08-22,5,3100.7768000000005,-0.6617282040330167,-13973.135065807739,597562.0,-0.023383573697470288,175.9677032131679,64.69102594479604,-0.0002134072352557,5.104394125290821e-05
ES,atlantic_to_iberia,2018-08-02,2018-08-07,6,3516.045366666666,-0.7503495207339471,-19013.36857497417,506806.0,-0.03751606842652647,175.9677032131679,64.69102594479604,-0.0002134072352557,5.104394125290821e-05
ES,atlantic_to_iberia,2018-09-21,2018-09-23,3,3604.387533333333,-0.7692023782787788,-9745.54385845126,164230.0,-0.059340826027225596,175.9677032131679,64.69102594479604,-0.0002134072352557,5.104394125290821e-05
ES,atlantic_to_iberia,2019-06-27,2019-06-30,4,2322.33205,-0.495602462136202,-8372.162589014253,401926.0,-0.020830109495315687,175.9677032131679,64.69102594479604,-0.0002134072352557,5.104394125290821e-05
ES,atlantic_to_iberia,2019-09-28,2020-05-04,7,2674.520071428571,-0.5707619340794486,-16873.19199240631,34602992.47368421,-0.00048762233512718534,175.9677032131679,64.69102594479604,-0.0002134072352557,5.104394125290821e-05
ES,atlantic_to_iberia,2020-07-27,2020-07-31,5,2568.3568400000004,-0.5481059323744664,-11573.873044493614,546238.0,-0.021188333738212307,175.9677032131679,64.69102594479604,-0.0002134072352557,5.104394125290821e-05
ES,atlantic_to_iberia,2020-08-07,2020-08-09,3,2261.1780333333336,-0.48255175251458776,-6113.773697146635,274560.0,-0.022267532405108665,175.9677032131679,64.69102594479604,-0.0002134072352557,5.104394125290821e-05
ES,atlantic_to_iberia,2015-05-01,2015-05-14,14,2606.823021428572,-0.5563148938039819,-32892.20058632394,1944225.6666666665,-0.01691789237754325,175.9677032131679,64.69102594479604,-0.0002134072352557,5.104394125290821e-05
ES,atlantic_to_iberia,2015-06-28,2015-07-07,10,2472.5204000000003,-0.5276537426773176,-22284.004125782274,1056311.0,-0.021096063683690006,175.9677032131679,64.69102594479604,-0.0002134072352557,5.104394125290821e-05
ES,atlantic_to_iberia,2015-07-14,2015-07-16,3,2800.4093666666668,-0.5976276205244991,-7571.7475027521705,266604.0,-0.028400727306237605,175.9677032131679,64.69102594479604,-0.0002134072352557,5.104394125290821e-05
ES,atlantic_to_iberia,2016-09-03,2016-09-06,4,3139.17695,-0.6699230738779208,-11316.9431654211,242382.0,-0.04669052638158403,175.9677032131679,64.69102594479604,-0.0002134072352557,5.104394125290821e-05
ES,atlantic_to_iberia,2017-05-24,2017-05-26,3,2817.4758333333334,-0.6012697279914161,-7617.891819330411,245868.0,-0.03098366529735635,175.9677032131679,64.69102594479604,-0.0002134072352557,5.104394125290821e-05
ES,atlantic_to_iberia,2017-06-14,2017-06-22,9,2807.5503999999996,-0.5991515687050345,-22773.16629106376,762667.0,-0.029859907785526003,175.9677032131679,64.69102594479604,-0.0002134072352557,5.104394125290821e-05
ES,atlantic_to_iberia,2017-08-03,2017-08-05,3,2827.1038000000003,-0.6033244057388835,-7643.923917863093,263974.0,-0.028957109101135314,175.9677032131679,64.69102594479604,-0.0002134072352557,5.104394125290821e-05
ES,atlantic_to_iberia,2018-08-02,2018-08-06,5,3690.7058399999996,-0.7876233294564657,-16631.552193787506,402620.0,-0.04130831104711019,175.9677032131679,64.69102594479604,-0.0002134072352557,5.104394125290821e-05
ES,atlantic_to_iberia,2018-09-21,2018-09-29,9,3532.1775888888897,-0.7537922536769225,-28650.907781151625,905645.0,-0.03163591449315308,175.9677032131679,64.69102594479604,-0.0002134072352557,5.104394125290821e-05
ES,atlantic_to_iberia,2019-06-27,2019-06-30,4,2322.33205,-0.495602462136202,-8372.162589014253,401926.0,-0.020830109495315687,175.9677032131679,64.69102594479604,-0.0002134072352557,5.104394125290821e-05
ES,atlantic_to_iberia,2019-07-06,2019-07-12,7,3212.8964714285717,-0.6856553531303656,-20269.737211275555,582533.0,-0.03479586085470789,175.9677032131679,64.69102594479604,-0.0002134072352557,5.104394125290821e-05
ES,atlantic_to_iberia,2019-07-22,2019-07-25,4,2523.542125,-0.5385421479475441,-9097.538386350278,448127.0,-0.020301250284741328,175.9677032131679,64.69102594479604,-0.0002134072352557,5.104394125290821e-05
ES,atlantic_to_iberia,2019-09-24,2020-05-02,9,2844.862755555556,-0.6071142953450235,-23075.821758184844,34669257.47368421,-0.0006655989611459262,175.9677032131679,64.69102594479604,-0.0002134072352557,5.104394125290821e-05
ES,atlantic_to_iberia,2020-07-27,2020-08-01,6,2648.3712,-0.5651815757228205,-14321.333344081513,686446.0,-0.020863015217630395,175.9677032131679,64.69102594479604,-0.0002134072352557,5.104394125290821e-05
ES,atlantic_to_iberia,2015-05-05,2015-05-14,10,2673.3585299999995,-0.5705140527345423,-24094.091402528058,1262678.0,-0.01908173849748555,175.9677032131679,64.69102594479604,-0.0002134072352557,5.104394125290821e-05
ES,atlantic_to_iberia,2015-06-05,2015-06-08,4,3087.45965,-0.6588862278700311,-11130.498834919428,471898.0,-0.02358666244595109,175.9677032131679,64.69102594479604,-0.0002134072352557,5.104394125290821e-05
ES,atlantic_to_iberia,2015-07-04,2015-07-08,5,2652.8439599999997,-0.5661360950683827,-11954.600202630598,548206.0,-0.02180676643931405,175.9677032131679,64.69102594479604,-0.0002134072352557,5.104394125290821e-05
ES,atlantic_to_iberia,2015-07-19,2015-07-24,6,2820.5754500000003,-0.6019312086146019,-15252.545127202231,459217.0,-0.03321424321661052,175.9677032131679,64.69102594479604,-0.0002134072352557,5.104394125290821e-05
ES,atlantic_to_iberia,2016-09-04,2016-09-13,10,2849.6184299999995,-0.6081291906799884,-25682.663265801646,813978.0,-0.03155203613095396,175.9677032131679,64.69102594479604,-0.0002134072352557,5.104394125290821e-05
ES,atlantic_to_iberia,2017-06-14,2017-06-28,15,2689.3748066666662,-0.5739320420570659,-36357.66116684106,1532350.0,-0.023726734210096297,175.9677032131679,64.69102594479604,-0.0002134072352557,5.104394125290821e-05
ES,atlantic_to_iberia,2018-08-02,2018-08-06,5,3690.7058399999996,-0.7876233294564657,-16631.552193787506,402620.0,-0.04130831104711019,175.9677032131679,64.69102594479604,-0.0002134072352557,5.104394125290821e-05
ES,atlantic_to_iberia,2018-09-21,2018-09-29,9,3532.1775888888897,-0.7537922536769225,-28650.907781151625,905645.0,-0.03163591449315308,175.9677032131679,64.69102594479604,-0.0002134072352557,5.104394125290821e-05
ES,atlantic_to_iberia,2020-05-01,2020-05-11,11,2526.3493181818185,-0.5391412232833046,-25046.06089093702,1539773.0,-0.016266073564698835,175.9677032131679,64.69102594479604,-0.0002134072352557,5.104394125290821e-05
ES,atlantic_to_iberia,2020-05-20,2020-05-23,4,3201.764675,-0.6832797472311148,-11542.576106143988,302948.0,-0.038100849340956165,175.9677032131679,64.69102594479604,-0.0002134072352557,5.104394125290821e-05
ES,atlantic_to_iberia,2020-09-11,2020-09-17,7,2967.3292285714283,-0.6332495267628576,-18720.48608392797,696018.0,-0.026896554520038234,175.9677032131679,64.69102594479604,-0.0002134072352557,5.104394125290821e-05
ES,atlantic_to_iberia,2015-05-03,2015-05-05,3,2472.6901666666668,-0.5276899721122894,-6685.660252887854,512525.0,-0.013044554417614465,175.9677032131679,64.69102594479604,-0.0002134072352557,5.104394125290821e-05
ES,atlantic_to_iberia,2015-05-12,2015-05-14,3,2620.1309333333334,-0.5591548984906035,-7084.310632400415,441291.0,-0.01605360325137022,175.9677032131679,64.69102594479604,-0.0002134072352557,5.104394125290821e-05
ES,atlantic_to_iberia,2015-06-29,2015-07-07,9,2406.5986666666668,-0.5135855678233873,-19520.88611903542,997409.0,-0.01957159612459424,175.9677032131679,64.69102594479604,-0.0002134072352557,5.104394125290821e-05
ES,atlantic_to_iberia,2015-07-20,2015-07-24,5,2875.47038,-0.6136461838554571,-12957.829147028417,399580.0,-0.03242862292163876,175.9677032131679,64.69102594479604,-0.0002134072352557,5.104394125290821e-05
ES,atlantic_to_iberia,2016-09-04,2016-09-13,10,2849.6184299999995,-0.6081291906799884,-25682.663265801646,813978.0,-0.03155203613095396,175.9677032131679,64.69102594479604,-0.0002134072352557,5.104394125290821e-05
ES,atlantic_to_iberia,2017-05-11,2017-05-16,6,2666.1643,-0.5689787520004487,-14417.55131999236,832128.0,-0.01732612208697744,175.9677032131679,64.69102594479604,-0.0002134072352557,5.104394125290821e-05
ES,atlantic_to_iberia,2017-06-14,2017-06-27,14,2690.8019142857142,-0.5742365971484593,-33951.82395398961,1234114.0,-0.027511092130864417,175.9677032131679,64.69102594479604,-0.0002134072352557,5.104394125290821e-05
ES,atlantic_to_iberia,2018-08-02,2018-08-06,5,3690.7058399999996,-0.7876233294564657,-16631.552193787506,402620.0,-0.04130831104711019,175.9677032131679,64.69102594479604,-0.0002134072352557,5.104394125290821e-05
ES,atlantic_to_iberia,2018-09-21,2018-09-29,9,3532.1775888888897,-0.7537922536769225,-28650.907781151625,905645.0,-0.03163591449315308,175.9677032131679,64.69102594479604,-0.0002134072352557,5.104394125290821e-05
ES,atlantic_to_iberia,2020-05-01,2020-05-11,11,2526.3493181818185,-0.5391412232833046,-25046.06089093702,1539773.0,-0.016266073564698835,175.9677032131679,64.69102594479604,-0.0002134072352557,5.104394125290821e-05
ES,atlantic_to_iberia,2020-05-20,2020-05-23,4,3201.764675,-0.6832797472311148,-11542.576106143988,302948.0,-0.038100849340956165,175.9677032131679,64.69102594479604,-0.0002134072352557,5.104394125290821e-05
ES,atlantic_to_iberia,2020-09-17,2020-09-25,9,2573.5248,-0.5492088124299783,-20874.890874470726,1267825.0,-0.01646512008713405,175.9677032131679,64.69102594479604,-0.0002134072352557,5.104394125290821e-05
ES,atlantic_to_iberia,2015-06-19,2015-06-21,3,3737.6204666666667,-0.7976352502264525,-10105.779094863072,384997.0,-0.02624898140729167,175.9677032131679,64.69102594479604,-0.0002134072352557,5.104394125290821e-05
ES,atlantic_to_iberia,2018-08-02,2018-08-04,3,3825.9961333333335,-0.8164952569136652,-10344.729243135103,261094.0,-0.039620708415877434,175.9677032131679,64.69102594479604,-0.0002134072352557,5.104394125290821e-05
ES,atlantic_to_iberia,2018-08-19,2018-08-21,3,3689.596666666667,-0.7873866238419799,-9975.932333153552,341459.0,-0.029215608120311817,175.9677032131679,64.69102594479604,-0.0002134072352557,5.104394125290821e-05
ES,atlantic_to_iberia,2018-09-24,2018-09-26,3,3482.674133333334,-0.7432278580912078,-9416.455138969352,518995.0,-0.018143633636103145,175.9677032131679,64.69102594479604,-0.0002134072352557,5.104394125290821e-05
ES,atlantic_to_iberia,2019-05-12,2019-05-14,3,3988.7289333333333,-0.851223613847084,-10784.726225962842,468297.0,-0.02302967182357103,175.9677032131679,64.69102594479604,-0.0002134072352557,5.104394125290821e-05
ES,atlantic_to_iberia,2020-05-26,2020-05-28,3,3155.7462333333333,-0.6734590788242558,-8532.507406230729,480003.0,-0.01777594599665154,175.9677032131679,64.69102594479604,-0.0002134072352557,5.104394125290821e-05
ES,atlantic_to_iberia,2015-07-09,2015-07-14,6,3125.70945,-0.6670490119371146,-16902.58788881094,561261.0,-0.030115379277753023,175.9677032131679,64.69102594479604,-0.0002134072352557,5.104394125290821e-05
ES,atlantic_to_iberia,2016-07-16,2016-07-18,3,3127.7513,-0.6674847575004215,-8456.81469891462,311964.0,-0.02710830319817229,175.9677032131679,64.69102594479604,-0.0002134072352557,5.104394125290821e-05
ES,atlantic_to_iberia,2016-09-03,2016-09-07,5,2902.4252,-0.6193985374684722,-13079.296561430685,322407.0,-0.04056765691014986,175.9677032131679,64.69102594479604,-0.0002134072352557,5.104394125290821e-05
ES,atlantic_to_iberia,2017-06-16,2017-06-20,5,3035.9934,-0.6479029577485524,-13681.199445603714,530503.0,-0.02578910853586825,175.9677032131679,64.69102594479604,-0.0002134072352557,5.104394125290821e-05
ES,atlantic_to_iberia,2018-08-02,2018-08-05,4,3968.0251749999998,-0.8468052820217651,-14304.996532430294,339968.0,-0.04207747944638993,175.9677032131679,64.69102594479604,-0.0002134072352557,5.104394125290821e-05
ES,atlantic_to_iberia,2018-09-23,2018-09-27,5,3457.2292,-0.7377977252172755,-15579.428537086074,668265.0,-0.023313249290455244,175.9677032131679,64.69102594479604,-0.0002134072352557,5.104394125290821e-05
ES,atlantic_to_iberia,2019-05-12,2019-05-14,3,3988.7289333333333,-0.851223613847084,-10784.726225962842,468297.0,-0.02302967182357103,175.9677032131679,64.69102594479604,-0.0002134072352557,5.104394125290821e-05
ES,atlantic_to_iberia,2020-05-27,2020-05-29,3,3035.2367,-0.6477414724936345,-8206.673701724658,353331.0,-0.023226588388011973,175.9677032131679,64.69102594479604,-0.0002134072352557,5.104394125290821e-05
ES,atlantic_to_iberia,2020-07-16,2020-07-18,3,3935.0333666666666,-0.8397645914192625,-10639.544140209022,463525.0,-0.022953549733475048,175.9677032131679,64.69102594479604,-0.0002134072352557,5.104394125290821e-05
ES,atlantic_to_iberia,2020-09-11,2020-09-13,3,3427.7730333333334,-0.7315115661277111,-9268.013531905972,312928.0,-0.029617079749673956,175.9677032131679,64.69102594479604,-0.0002134072352557,5.104394125290821e-05
ES,atlantic_to_iberia,2015-05-11,2015-05-13,3,2500.425533333333,-0.5336089000314257,-6760.651143789713,310491.0,-0.02177406476770571,175.9677032131679,64.69102594479604,-0.0002134072352557,5.104394125290821e-05
ES,atlantic_to_iberia,2015-06-28,2015-06-30,3,2651.5247,-0.5658545554391994,-7169.193106080775,259013.0,-0.02767889297479576,175.9677032131679,64.69102594479604,-0.0002134072352557,5.104394125290821e-05
ES,atlantic_to_iberia,2016-07-17,2016-07-19,3,2667.5764333333336,-0.5692801114709278,-7212.593786434227,337028.0,-0.021400577359846146,175.9677032131679,64.69102594479604,-0.0002134072352557,5.104394125290821e-05
ES,atlantic_to_iberia,2016-08-22,2016-08-24,3,2719.3286000000003,-0.5803243982777534,-7352.521306811997,302389.0,-0.02431477767647632,175.9677032131679,64.69102594479604,-0.0002134072352557,5.104394125290821e-05
ES,atlantic_to_iberia,2016-09-04,2016-09-12,9,2895.9459555555554,-0.6180158198250374,-23490.178062627205,643300.0,-0.03651512212440106,175.9677032131679,64.69102594479604,-0.0002134072352557,5.104394125290821e-05
ES,atlantic_to_iberia,2017-05-03,2017-05-08,6,3068.8457500000004,-0.6549138869337052,-16595.091718003074,725374.0,-0.022877979798011885,175.9677032131679,64.69102594479604,-0.0002134072352557,5.104394125290821e-05
ES,atlantic_to_iberia,2017-06-11,2017-06-18,8,3033.8855624999997,-0.6474531299753091,-21874.72132222691,780543.0,-0.02802500480079497,175.9677032131679,64.69102594479604,-0.0002134072352557,5.104394125290821e-05
ES,atlantic_to_iberia,2018-08-02,2018-08-05,4,3968.0251749999998,-0.8468052820217651,-14304.996532430294,339968.0,-0.04207747944638993,175.9677032131679,64.69102594479604,-0.0002134072352557,5.104394125290821e-05
ES,atlantic_to_iberia,2018-09-17,2018-09-28,12,3107.4071666666664,-0.6631431722520814,-33607.23290573557,1011458.0,-0.033226523400611364,175.9677032131679,64.69102594479604,-0.0002134072352557,5.104394125290821e-05
ES,atlantic_to_iberia,2019-05-13,2019-05-15,3,4029.3062666666665,-0.8598831103677995,-10894.4392293516,374834.0,-0.029064703920539756,175.9677032131679,64.69102594479604,-0.0002134072352557,5.104394125290821e-05
ES,atlantic_to_iberia,2020-07-26,2020-07-30,5,2703.76384,-0.5770027658787348,-12184.062175119145,554336.0,-0.02197956144850622,175.9677032131679,64.69102594479604,-0.0002134072352557,5.104394125290821e-05
ES,atlantic_to_iberia,2015-05-10,2015-05-13,4,2572.74365,-0.5490421093681582,-9274.913179471463,419737.0,-0.022096963525901847,175.9677032131679,64.69102594479604,-0.0002134072352557,5.104394125290821e-05
ES,atlantic_to_iberia,2015-06-02,2015-06-04,3,2664.7916,-0.5686858078886132,-7205.064153414056,258171.0,-0.02790810801141126,175.9677032131679,64.69102594479604,-0.0002134072352557,5.104394125290821e-05
ES,atlantic_to_iberia,2015-06-29,2015-07-06,8,2369.463475,-0.5056606492391135,-17084.149065962134,911770.0,-0.018737345016793857,175.9677032131679,64.69102594479604,-0.0002134072352557,5.104394125290821e-05
ES,atlantic_to_iberia,2016-07-17,2016-07-19,3,2667.5764333333336,-0.5692801114709278,-7212.593786434227,337028.0,-0.021400577359846146,175.9677032131679,64.69102594479604,-0.0002134072352557,5.104394125290821e-05
ES,atlantic_to_iberia,2016-09-03,2016-09-12,10,2894.4975299999996,-0.6177067153317525,-26087.14366950687,700584.0,-0.0372362824008354,175.9677032131679,64.69102594479604,-0.0002134072352557,5.104394125290821e-05
ES,atlantic_to_iberia,2017-05-03,2017-05-08,6,3068.8457500000004,-0.6549138869337052,-16595.091718003074,725374.0,-0.022877979798011885,175.9677032131679,64.69102594479604,-0.0002134072352557,5.104394125290821e-05
ES,atlantic_to_iberia,2017-06-10,2017-06-18,9,3000.7116111111113,-0.6403735687268995,-24339.974274855125,841792.0,-0.028914475636327173,175.9677032131679,64.69102594479604,-0.0002134072352557,5.104394125290821e-05
ES,atlantic_to_iberia,2018-08-02,2018-08-06,5,3690.7058399999996,-0.7876233294564657,-16631.552193787506,402620.0,-0.04130831104711019,175.9677032131679,64.69102594479604,-0.0002134072352557,5.104394125290821e-05
ES,atlantic_to_iberia,2018-09-17,2018-09-28,12,3107.4071666666664,-0.6631431722520814,-33607.23290573557,1011458.0,-0.033226523400611364,175.9677032131679,64.69102594479604,-0.0002134072352557,5.104394125290821e-05
ES,atlantic_to_iberia,2019-05-31,2019-06-02,3,3001.072066666666,-0.6404504925504431,-8114.299358100736,248126.0,-0.032702334129034186,175.9677032131679,64.69102594479604,-0.0002134072352557,5.104394125290821e-05
ES,atlantic_to_iberia,2019-06-27,2019-06-30,4,2322.33205,-0.495602462136202,-8372.162589014253,401926.0,-0.020830109495315687,175.9677032131679,64.69102594479604,-0.0002134072352557,5.104394125290821e-05
ES,atlantic_to_iberia,2020-07-26,2020-07-31,6,2635.9612,-0.5625331919332973,-14254.225022257127,609284.0,-0.023395042414140414,175.9677032131679,64.69102594479604,-0.0002134072352557,5.104394125290821e-05
ES,atlantic_to_iberia,2020-08-06,2020-08-08,3,2485.402,-0.5304027693189873,-6720.030510837547,300030.0,-0.022397861916600162,175.9677032131679,64.69102594479604,-0.0002134072352557,5.104394125290821e-05
ES,atlantic_to_iberia,2015-05-07,2015-05-13,7,2646.340485714286,-0.564748206601512,-16695.410727983184,831159.0,-0.020086903622511677,175.9677032131679,64.69102594479604,-0.0002134072352557,5.104394125290821e-05
ES,atlantic_to_iberia,2015-06-29,2015-07-10,12,2553.513416666666,-0.5449382384391696,-27616.760700817053,1366938.0,-0.020203374769607,175.9677032131679,64.69102594479604,-0.0002134072352557,5.104394125290821e-05
ES,atlantic_to_iberia,2016-09-03,2016-09-12,10,2894.4975299999996,-0.6177067153317525,-26087.14366950687,700584.0,-0.0372362824008354,175.9677032131679,64.69102594479604,-0.0002134072352557,5.104394125290821e-05
ES,atlantic_to_iberia,2017-06-11,2017-06-22,12,2836.010941666666,-0.6052252542159975,-30672.028198366486,1085897.0,-0.02824579881735237,175.9677032131679,64.69102594479604,-0.0002134072352557,5.104394125290821e-05
ES,atlantic_to_iberia,2018-08-03,2018-08-06,4,3739.7955500000003,-0.7980994287470701,-13482.213447586873,317865.0,-0.04241490396107427,175.9677032131679,64.69102594479604,-0.0002134072352557,5.104394125290821e-05
ES,atlantic_to_iberia,2018-09-17,2018-09-23,7,2943.6206857142856,-0.6281899521797735,-18570.91203519964,348833.0,-0.05323725689713886,175.9677032131679,64.69102594479604,-0.0002134072352557,5.104394125290821e-05
ES,atlantic_to_iberia,2019-06-26,2019-06-30,5,2252.84774,-0.4807740076454521,-10152.083746795228,544049.0,-0.018660237858713513,175.9677032131679,64.69102594479604,-0.0002134072352557,5.104394125290821e-05
ES,atlantic_to_iberia,2019-07-22,2019-07-25,4,2523.542125,-0.5385421479475441,-9097.538386350278,448127.0,-0.020301250284741328,175.9677032131679,64.69102594479604,-0.0002134072352557,5.104394125290821e-05
ES,atlantic_to_iberia,2020-07-27,2020-07-31,5,2568.3568400000004,-0.5481059323744664,-11573.873044493614,546238.0,-0.021188333738212307,175.9677032131679,64.69102594479604,-0.0002134072352557,5.104394125290821e-05
ES,atlantic_to_iberia,2020-08-06,2020-08-09,4,2351.692375,-0.5018681679206609,-8478.008527180722,380771.0,-0.022265373484799844,175.9677032131679,64.69102594479604,-0.0002134072352557,5.104394125290821e-05
ES,atlantic_to_iberia,2020-09-13,2020-09-16,4,2647.977575,-0.565097573299843,-9546.136518231184,381048.0,-0.025052320227979635,175.9677032131679,64.69102594479604,-0.0002134072352557,5.104394125290821e-05
ES,atlantic_to_iberia,2015-05-07,2015-05-13,7,2646.340485714286,-0.564748206601512,-16695.410727983184,831159.0,-0.020086903622511677,175.9677032131679,64.69102594479604,-0.0002134072352557,5.104394125290821e-05
ES,atlantic_to_iberia,2015-06-29,2015-07-07,9,2406.5986666666668,-0.5135855678233873,-19520.88611903542,997409.0,-0.01957159612459424,175.9677032131679,64.69102594479604,-0.0002134072352557,5.104394125290821e-05
ES,atlantic_to_iberia,2016-09-03,2016-09-12,10,2894.4975299999996,-0.6177067153317525,-26087.14366950687,700584.0,-0.0372362824008354,175.9677032131679,64.69102594479604,-0.0002134072352557,5.104394125290821e-05
ES,atlantic_to_iberia,2017-06-11,2017-06-22,12,2836.010941666666,-0.6052252542159975,-30672.028198366486,1085897.0,-0.02824579881735237,175.9677032131679,64.69102594479604,-0.0002134072352557,5.104394125290821e-05
ES,atlantic_to_iberia,2018-08-02,2018-08-06,5,3690.7058399999996,-0.7876233294564657,-16631.552193787506,402620.0,-0.04130831104711019,175.9677032131679,64.69102594479604,-0.0002134072352557,5.104394125290821e-05
ES,atlantic_to_iberia,2018-09-20,2018-09-23,4,3272.8566499999997,-0.6984512890647321,-11798.867437727744,211661.0,-0.05574417317185378,175.9677032131679,64.69102594479604,-0.0002134072352557,5.104394125290821e-05
ES,atlantic_to_iberia,2019-06-01,2019-06-03,3,2534.0713,-0.5407891500738176,-6851.6225755985415,254839.0,-0.02688608327453232,175.9677032131679,64.69102594479604,-0.0002134072352557,5.104394125290821e-05
ES,atlantic_to_iberia,2019-06-26,2019-07-05,10,2506.8449899999996,-0.5349788585305029,-22593.360240771573,1053637.0,-0.021443210745988962,175.9677032131679,64.69102594479604,-0.0002134072352557,5.104394125290821e-05
ES,atlantic_to_iberia,2019-07-22,2019-07-25,4,2523.542125,-0.5385421479475441,-9097.538386350278,448127.0,-0.020301250284741328,175.9677032131679,64.69102594479604,-0.0002134072352557,5.104394125290821e-05
ES,atlantic_to_iberia,2019-09-29,2020-05-04,6,2638.49905,-0.5630747874852909,-14267.948701108215,34560734.47368421,-0.00041283696421360336,175.9677032131679,64.69102594479604,-0.0002134072352557,5.104394125290821e-05
ES,atlantic_to_iberia,2020-07-27,2020-07-31,5,2568.3568400000004,-0.5481059323744664,-11573.873044493614,546238.0,-0.021188333738212307,175.9677032131679,64.69102594479604,-0.0002134072352557,5.104394125290821e-05
ES,atlantic_to_iberia,2020-08-06,2020-08-08,3,2485.402,-0.5304027693189873,-6720.030510837547,300030.0,-0.022397861916600162,175.9677032131679,64.69102594479604,-0.0002134072352557,5.104394125290821e-05
ES,atlantic_to_iberia,2020-09-13,2020-09-16,4,2647.977575,-0.565097573299843,-9546.136518231184,381048.0,-0.025052320227979635,175.9677032131679,64.69102594479604,-0.0002134072352557,5.104394125290821e-05
ES,atlantic_to_iberia,2015-05-10,2015-05-14,5,2624.93286,-0.5601796643844374,-11828.823471414324,633339.0,-0.01867692258239951,175.9677032131679,64.69102594479604,-0.0002134072352557,5.104394125290821e-05
ES,atlantic_to_iberia,2015-06-28,2015-07-07,10,2472.5204000000003,-0.5276537426773176,-22284.004125782274,1056311.0,-0.021096063683690006,175.9677032131679,64.69102594479604,-0.0002134072352557,5.104394125290821e-05
ES,atlantic_to_iberia,2015-07-13,2015-07-16,4,2996.264525,-0.6394245283749832,-10801.734301085655,349144.0,-0.030937762931872392,175.9677032131679,64.69102594479604,-0.0002134072352557,5.104394125290821e-05
ES,atlantic_to_iberia,2016-09-02,2016-09-06,5,3113.6904799999998,-0.6644840767787934,-14031.328417498391,295284.0,-0.047518078925706746,175.9677032131679,64.69102594479604,-0.0002134072352557,5.104394125290821e-05
ES,atlantic_to_iberia,2017-06-11,2017-06-22,12,2836.010941666666,-0.6052252542159975,-30672.028198366486,1085897.0,-0.02824579881735237,175.9677032131679,64.69102594479604,-0.0002134072352557,5.104394125290821e-05
ES,atlantic_to_iberia,2017-08-03,2017-08-05,3,2827.1038000000003,-0.6033244057388835,-7643.923917863093,263974.0,-0.028957109101135314,175.9677032131679,64.69102594479604,-0.0002134072352557,5.104394125290821e-05
ES,atlantic_to_iberia,2018-08-02,2018-08-04,3,3825.9961333333335,-0.8164952569136652,-10344.729243135103,261094.0,-0.039620708415877434,175.9677032131679,64.69102594479604,-0.0002134072352557,5.104394125290821e-05
ES,atlantic_to_iberia,2018-09-20,2018-09-28,9,3308.3297555555555,-0.7060215064472769,-26835.188308263678,874286.0,-0.03069383280558499,175.9677032131679,64.69102594479604,-0.0002134072352557,5.104394125290821e-05
ES,atlantic_to_iberia,2019-06-27,2019-06-30,4,2322.33205,-0.495602462136202,-8372.162589014253,401926.0,-0.020830109495315687,175.9677032131679,64.69102594479604,-0.0002134072352557,5.104394125290821e-05
ES,atlantic_to_iberia,2019-07-22,2019-07-25,4,2523.542125,-0.5385421479475441,-9097.538386350278,448127.0,-0.020301250284741328,175.9677032131679,64.69102594479604,-0.0002134072352557,5.104394125290821e-05
ES,atlantic_to_iberia,2019-09-29,2020-05-07,9,2675.882944444444,-0.5710527810417707,-21705.158799377095,34867453.47368421,-0.0006225048472713616,175.9677032131679,64.69102594479604,-0.0002134072352557,5.104394125290821e-05
ES,atlantic_to_iberia,2020-09-13,2020-09-16,4,2647.977575,-0.565097573299843,-9546.136518231184,381048.0,-0.025052320227979635,175.9677032131679,64.69102594479604,-0.0002134072352557,5.104394125290821e-05
ES,atlantic_to_iberia,2015-05-03,2015-05-14,12,2629.050133333333,-0.561058320303296,-28433.705469813765,1608432.0,-0.01767790336788485,175.9677032131679,64.69102594479604,-0.0002134072352557,5.104394125290821e-05
ES,atlantic_to_iberia,2015-06-04,2015-06-07,4,2879.631175,-0.6145341276128728,-10381.263262285926,467544.0,-0.022203820950083684,175.9677032131679,64.69102594479604,-0.0002134072352557,5.104394125290821e-05
ES,atlantic_to_iberia,2015-06-30,2015-07-07,8,2366.66205,-0.5050628048750873,-17063.950416435742,919471.0,-0.01855844329667357,175.9677032131679,64.69102594479604,-0.0002134072352557,5.104394125290821e-05
ES,atlantic_to_iberia,2015-07-14,2015-07-21,8,2589.772575,-0.552676205171785,-18672.607189372524,605256.0,-0.030850759330551904,175.9677032131679,64.69102594479604,-0.0002134072352557,5.104394125290821e-05
ES,atlantic_to_iberia,2016-09-03,2016-09-06,4,3139.17695,-0.6699230738779208,-11316.9431654211,242382.0,-0.04669052638158403,175.9677032131679,64.69102594479604,-0.0002134072352557,5.104394125290821e-05
ES,atlantic_to_iberia,2017-06-11,2017-06-22,12,2836.010941666666,-0.6052252542159975,-30672.028198366486,1085897.0,-0.02824579881735237,175.9677032131679,64.69102594479604,-0.0002134072352557,5.104394125290821e-05
ES,atlantic_to_iberia,2017-08-03,2017-08-05,3,2827.1038000000003,-0.6033244057388835,-7643.923917863093,263974.0,-0.028957109101135314,175.9677032131679,64.69102594479604,-0.0002134072352557,5.104394125290821e-05
ES,atlantic_to_iberia,2018-08-01,2018-08-05,5,3845.12834,-0.8205782082427392,-17327.43151335017,449802.0,-0.038522353198407674,175.9677032131679,64.69102594479604,-0.0002134072352557,5.104394125290821e-05
ES,atlantic_to_iberia,2018-09-20,2018-09-23,4,3272.8566499999997,-0.6984512890647321,-11798.867437727744,211661.0,-0.05574417317185378,175.9677032131679,64.69102594479604,-0.0002134072352557,5.104394125290821e-05
ES,atlantic_to_iberia,2019-06-26,2019-06-30,5,2252.84774,-0.4807740076454521,-10152.083746795228,544049.0,-0.018660237858713513,175.9677032131679,64.69102594479604,-0.0002134072352557,5.104394125290821e-05
ES,atlantic_to_iberia,2019-07-22,2019-07-25,4,2523.542125,-0.5385421479475441,-9097.538386350278,448127.0,-0.020301250284741328,175.9677032131679,64.69102594479604,-0.0002134072352557,5.104394125290821e-05
ES,atlantic_to_iberia,2019-09-24,2020-05-04,11,2765.589272727273,-0.5901967605455494,-27417.87005682182,34965844.47368421,-0.0007841329294207923,175.9677032131679,64.69102594479604,-0.0002134072352557,5.104394125290821e-05
ES,atlantic_to_iberia,2015-05-09,2015-05-14,6,2685.6308833333333,-0.5731330617294901,-14522.818825161958,684128.0,-0.021228218732696157,175.9677032131679,64.69102594479604,-0.0002134072352557,5.104394125290821e-05
ES,atlantic_to_iberia,2015-06-05,2015-06-08,4,3087.45965,-0.6588862278700311,-11130.498834919428,471898.0,-0.02358666244595109,175.9677032131679,64.69102594479604,-0.0002134072352557,5.104394125290821e-05
ES,atlantic_to_iberia,2015-06-29,2015-07-07,9,2406.5986666666668,-0.5135855678233873,-19520.88611903542,997409.0,-0.01957159612459424,175.9677032131679,64.69102594479604,-0.0002134072352557,5.104394125290821e-05
ES,atlantic_to_iberia,2016-09-03,2016-09-13,11,2852.5132727272726,-0.6087469710629158,-28279.628872681318,871262.0,-0.03245823744485737,175.9677032131679,64.69102594479604,-0.0002134072352557,5.104394125290821e-05
ES,atlantic_to_iberia,2017-06-13,2017-06-17,5,3011.0203599999995,-0.6425735303262224,-13568.662593249872,471009.0,-0.02880765037026866,175.9677032131679,64.69102594479604,-0.0002134072352557,5.104394125290821e-05
ES,atlantic_to_iberia,2018-08-01,2018-08-05,5,3845.12834,-0.8205782082427392,-17327.43151335017,449802.0,-0.038522353198407674,175.9677032131679,64.69102594479604,-0.0002134072352557,5.104394125290821e-05
ES,atlantic_to_iberia,2018-09-20,2018-09-23,4,3272.8566499999997,-0.6984512890647321,-11798.867437727744,211661.0,-0.05574417317185378,175.9677032131679,64.69102594479604,-0.0002134072352557,5.104394125290821e-05
ES,atlantic_to_iberia,2019-06-27,2019-06-29,3,2326.165966666667,-0.4964206476922362,-6289.488086543713,312726.0,-0.020111817010877612,175.9677032131679,64.69102594479604,-0.0002134072352557,5.104394125290821e-05
ES,atlantic_to_iberia,2019-07-05,2019-07-07,3,2483.0792333333334,-0.5299070741065098,-6713.75021377914,218762.0,-0.030689745996924235,175.9677032131679,64.69102594479604,-0.0002134072352557,5.104394125290821e-05
ES,atlantic_to_iberia,2020-05-01,2020-05-08,8,2585.7177375,-0.5518108735114988,-18643.37126781511,1103117.0,-0.016900629097199218,175.9677032131679,64.69102594479604,-0.0002134072352557,5.104394125290821e-05
ES,atlantic_to_iberia,2020-05-19,2020-05-22,4,3487.7678499999997,-0.744314894082217,-12573.636708384005,241877.0,-0.051983597896385375,175.9677032131679,64.69102594479604,-0.0002134072352557,5.104394125290821e-05
ES,atlantic_to_iberia,2020-09-12,2020-09-17,6,2756.7446,-0.5883092433920806,-14907.373392784462,615590.0,-0.0242163995399283,175.9677032131679,64.69102594479604,-0.0002134072352557,5.104394125290821e-05
ES,atlantic_to_iberia,2016-07-16,2016-07-18,3,3127.7513,-0.6674847575004215,-8456.81469891462,311964.0,-0.02710830319817229,175.9677032131679,64.69102594479604,-0.0002134072352557,5.104394125290821e-05
ES,atlantic_to_iberia,2016-08-06,2016-08-12,7,3646.8199142857147,-0.7782577553831432,-23007.30259339801,1286375.0,-0.0178853775869385,175.9677032131679,64.69102594479604,-0.0002134072352557,5.104394125290821e-05
ES,atlantic_to_iberia,2017-05-04,2017-05-08,5,3106.0927,-0.6628626555549124,-13997.0902852535,641153.0,-0.02183112343739092,175.9677032131679,64.69102594479604,-0.0002134072352557,5.104394125290821e-05
ES,atlantic_to_iberia,2017-05-21,2017-05-25,5,3015.3939600000003,-0.6435068882103369,-13588.371494427092,542292.0,-0.025057296612207246,175.9677032131679,64.69102594479604,-0.0002134072352557,5.104394125290821e-05
ES,atlantic_to_iberia,2017-06-17,2017-06-20,4,2913.1938999999998,-0.6216966559627701,-10502.259133927266,414312.0,-0.025348672338545025,175.9677032131679,64.69102594479604,-0.0002134072352557,5.104394125290821e-05
ES,atlantic_to_iberia,2018-08-02,2018-08-05,4,3968.0251749999998,-0.8468052820217651,-14304.996532430294,339968.0,-0.04207747944638993,175.9677032131679,64.69102594479604,-0.0002134072352557,5.104394125290821e-05
ES,atlantic_to_iberia,2018-08-19,2018-08-21,3,3689.596666666667,-0.7873866238419799,-9975.932333153552,341459.0,-0.029215608120311817,175.9677032131679,64.69102594479604,-0.0002134072352557,5.104394125290821e-05
ES,atlantic_to_iberia,2019-05-12,2019-05-14,3,3988.7289333333333,-0.851223613847084,-10784.726225962842,468297.0,-0.02302967182357103,175.9677032131679,64.69102594479604,-0.0002134072352557,5.104394125290821e-05
ES,atlantic_to_iberia,2019-05-30,2019-06-01,3,3441.061866666667,-0.7343474993091516,-9303.943882591066,265535.0,-0.0350384841267293,175.9677032131679,64.69102594479604,-0.0002134072352557,5.104394125290821e-05
ES,atlantic_to_iberia,2020-05-26,2020-06-02,8,2857.1011124999995,-0.6097260492646096,-20600.081755839787,826762.0,-0.024916580292562777,175.9677032131679,64.69102594479604,-0.0002134072352557,5.104394125290821e-05
ES,atlantic_to_iberia,2016-07-16,2016-07-19,4,2903.947325,-0.6197233699564357,-10468.924611720802,434780.0,-0.02407867107898432,175.9677032131679,64.69102594479604,-0.0002134072352557,5.104394125290821e-05
ES,atlantic_to_iberia,2016-09-03,2016-09-06,4,3139.17695,-0.6699230738779208,-11316.9431654211,242382.0,-0.04669052638158403,175.9677032131679,64.69102594479604,-0.0002134072352557,5.104394125290821e-05
ES,atlantic_to_iberia,2017-05-16,2017-05-25,10,3076.485449999999,-0.656544254188888,-27727.34027218102,1034687.0,-0.02679780481651071,175.9677032131679,64.69102594479604,-0.0002134072352557,5.104394125290821e-05
ES,atlantic_to_iberia,2017-06-17,2017-06-21,5,2881.035,-0.6148337140249056,-12982.905181798122,452147.0,-0.028713903181483282,175.9677032131679,64.69102594479604,-0.0002134072352557,5.104394125290821e-05
ES,atlantic_to_iberia,2018-08-02,2018-08-05,4,3968.0251749999998,-0.8468052820217651,-14304.996532430294,339968.0,-0.04207747944638993,175.9677032131679,64.69102594479604,-0.0002134072352557,5.104394125290821e-05
ES,atlantic_to_iberia,2019-05-30,2019-06-01,3,3441.061866666667,-0.7343474993091516,-9303.943882591066,265535.0,-0.0350384841267293,175.9677032131679,64.69102594479604,-0.0002134072352557,5.104394125290821e-05
ES,atlantic_to_iberia,2020-05-03,2020-05-06,4,2586.174425,-0.5519083339282497,-9323.33202293378,445551.0,-0.02092539804182637,175.9677032131679,64.69102594479604,-0.0002134072352557,5.104394125290821e-05
ES,atlantic_to_iberia,2020-05-27,2020-05-30,4,3020.0195750000003,-0.6444940279188441,-10887.372847438302,449124.0,-0.024241351714533853,175.9677032131679,64.69102594479604,-0.0002134072352557,5.104394125290821e-05
ES,atlantic_to_iberia,2020-07-27,2020-07-30,4,2636.2090500000004,-0.5625860849165555,-9503.710197355633,491290.0,-0.01934439983992272,175.9677032131679,64.69102594479604,-0.0002134072352557,5.104394125290821e-05
ES,atlantic_to_iberia,2015-05-10,2015-05-13,4,2572.74365,-0.5490421093681582,-9274.913179471463,419737.0,-0.022096963525901847,175.9677032131679,64.69102594479604,-0.0002134072352557,5.104394125290821e-05
ES,atlantic_to_iberia,2016-07-17,2016-07-19,3,2667.5764333333336,-0.5692801114709278,-7212.593786434227,337028.0,-0.021400577359846146,175.9677032131679,64.69102594479604,-0.0002134072352557,5.104394125290821e-05
ES,atlantic_to_iberia,2016-09-03,2016-09-12,10,2894.4975299999996,-0.6177067153317525,-26087.14366950687,700584.0,-0.0372362824008354,175.9677032131679,64.69102594479604,-0.0002134072352557,5.104394125290821e-05
ES,atlantic_to_iberia,2017-06-17,2017-06-21,5,2881.035,-0.6148337140249056,-12982.905181798122,452147.0,-0.028713903181483282,175.9677032131679,64.69102594479604,-0.0002134072352557,5.104394125290821e-05
ES,atlantic_to_iberia,2018-08-02,2018-08-06,5,3690.7058399999996,-0.7876233294564657,-16631.552193787506,402620.0,-0.04130831104711019,175.9677032131679,64.69102594479604,-0.0002134072352557,5.104394125290821e-05
ES,atlantic_to_iberia,2018-09-17,2018-09-27,11,3073.185418181818,-0.655840003522314,-30467.358001116307,943798.0,-0.03228165137149719,175.9677032131679,64.69102594479604,-0.0002134072352557,5.104394125290821e-05
ES,atlantic_to_iberia,2019-07-22,2019-07-25,4,2523.542125,-0.5385421479475441,-9097.538386350278,448127.0,-0.020301250284741328,175.9677032131679,64.69102594479604,-0.0002134072352557,5.104394125290821e-05
ES,atlantic_to_iberia,2019-09-29,2020-05-07,9,2675.882944444444,-0.5710527810417707,-21705.158799377095,34867453.47368421,-0.0006225048472713616,175.9677032131679,64.69102594479604,-0.0002134072352557,5.104394125290821e-05
ES,atlantic_to_iberia,2020-05-20,2020-05-30,11,3173.1375363636366,-0.6771705087214469,-31458.276723299048,1268546.0,-0.024798688201530767,175.9677032131679,64.69102594479604,-0.0002134072352557,5.104394125290821e-05
ES,atlantic_to_iberia,2020-07-27,2020-07-30,4,2636.2090500000004,-0.5625860849165555,-9503.710197355633,491290.0,-0.01934439983992272,175.9677032131679,64.69102594479604,-0.0002134072352557,5.104394125290821e-05
ES,atlantic_to_iberia,2015-05-10,2015-05-13,4,2572.74365,-0.5490421093681582,-9274.913179471463,419737.0,-0.022096963525901847,175.9677032131679,64.69102594479604,-0.0002134072352557,5.104394125290821e-05
ES,atlantic_to_iberia,2015-06-29,2015-07-10,12,2553.513416666666,-0.5449382384391696,-27616.760700817053,1366938.0,-0.020203374769607,175.9677032131679,64.69102594479604,-0.0002134072352557,5.104394125290821e-05
ES,atlantic_to_iberia,2016-08-22,2016-08-25,4,2597.2771000000002,-0.5542777251039422,-9363.357909960996,433540.0,-0.0215974487012986,175.9677032131679,64.69102594479604,-0.0002134072352557,5.104394125290821e-05
ES,atlantic_to_iberia,2016-09-03,2016-09-12,10,2894.4975299999996,-0.6177067153317525,-26087.14366950687,700584.0,-0.0372362824008354,175.9677032131679,64.69102594479604,-0.0002134072352557,5.104394125290821e-05
ES,atlantic_to_iberia,2017-05-16,2017-05-25,10,3076.485449999999,-0.656544254188888,-27727.34027218102,1034687.0,-0.02679780481651071,175.9677032131679,64.69102594479604,-0.0002134072352557,5.104394125290821e-05
ES,atlantic_to_iberia,2017-06-18,2017-06-21,4,2641.47295,-0.5637094392622178,-9522.686909429303,347955.0,-0.02736758175462144,175.9677032131679,64.69102594479604,-0.0002134072352557,5.104394125290821e-05
ES,atlantic_to_iberia,2018-08-03,2018-08-06,4,3739.7955500000003,-0.7980994287470701,-13482.213447586873,317865.0,-0.04241490396107427,175.9677032131679,64.69102594479604,-0.0002134072352557,5.104394125290821e-05
ES,atlantic_to_iberia,2018-09-17,2018-09-27,11,3073.185418181818,-0.655840003522314,-30467.358001116307,943798.0,-0.03228165137149719,175.9677032131679,64.69102594479604,-0.0002134072352557,5.104394125290821e-05
ES,atlantic_to_iberia,2019-05-31,2019-06-02,3,3001.072066666666,-0.6404504925504431,-8114.299358100736,248126.0,-0.032702334129034186,175.9677032131679,64.69102594479604,-0.0002134072352557,5.104394125290821e-05
ES,atlantic_to_iberia,2019-07-22,2019-07-25,4,2523.542125,-0.5385421479475441,-9097.538386350278,448127.0,-0.020301250284741328,175.9677032131679,64.69102594479604,-0.0002134072352557,5.104394125290821e-05
ES,atlantic_to_iberia,2019-09-29,2020-05-07,9,2675.882944444444,-0.5710527810417707,-21705.158799377095,34867453.47368421,-0.0006225048472713616,175.9677032131679,64.69102594479604,-0.0002134072352557,5.104394125290821e-05
ES,atlantic_to_iberia,2020-05-28,2020-05-30,3,3021.7625999999996,-0.6448660020650756,-8170.242426982753,282338.0,-0.028937806554494093,175.9677032131679,64.69102594479604,-0.0002134072352557,5.104394125290821e-05
ES,atlantic_to_iberia,2020-09-13,2020-09-17,5,2658.69226,-0.5673841646023287,-11980.954594151253,516203.0,-0.023209773275535504,175.9677032131679,64.69102594479604,-0.0002134072352557,5.104394125290821e-05
ES,atlantic_to_iberia,2015-05-04,2015-05-10,7,2691.414528571429,-0.5743673334694518,-16979.776879176912,962665.0,-0.017638302918644506,175.9677032131679,64.69102594479604,-0.0002134072352557,5.104394125290821e-05
ES,atlantic_to_iberia,2015-06-30,2015-07-10,11,2537.8244909090904,-0.5415901081691133,-25159.824998217373,1289000.0,-0.019518871216615497,175.9677032131679,64.69102594479604,-0.0002134072352557,5.104394125290821e-05
ES,atlantic_to_iberia,2015-08-27,2015-08-30,4,2534.6652249999997,-0.5409158979660167,-9137.63790687055,519260.0,-0.01759742307682192,175.9677032131679,64.69102594479604,-0.0002134072352557,5.104394125290821e-05
ES,atlantic_to_iberia,2016-08-22,2016-08-27,6,2541.9491833333336,-0.5424703473756513,-13745.84559680775,618047.0,-0.02224077715255919,175.9677032131679,64.69102594479604,-0.0002134072352557,5.104394125290821e-05
ES,atlantic_to_iberia,2016-09-07,2016-09-12,6,2731.377916666667,-0.5828958096343071,-14770.20050408577,458202.0,-0.03223512883855978,175.9677032131679,64.69102594479604,-0.0002134072352557,5.104394125290821e-05
ES,atlantic_to_iberia,2017-05-15,2017-05-28,14,2922.509114285714,-0.6236845900892988,-36875.443868746566,1447718.0,-0.025471427355843172,175.9677032131679,64.69102594479604,-0.0002134072352557,5.104394125290821e-05
ES,atlantic_to_iberia,2017-06-19,2017-06-21,3,2469.106266666666,-0.5269251419218564,-6675.970103226835,256798.0,-0.02599697078336605,175.9677032131679,64.69102594479604,-0.0002134072352557,5.104394125290821e-05
ES,atlantic_to_iberia,2019-07-23,2019-07-25,3,2430.1083333333336,-0.5186027007885038,-6570.527481928711,314965.0,-0.020861135306871274,175.9677032131679,64.69102594479604,-0.0002134072352557,5.104394125290821e-05
ES,atlantic_to_iberia,2020-05-04,2020-05-08,5,2589.3385599999997,-0.5525835832305754,-11668.423676926412,641543.0,-0.018188061715156134,175.9677032131679,64.69102594479604,-0.0002134072352557,5.104394125290821e-05
ES,atlantic_to_iberia,2020-05-28,2020-05-31,4,2942.1164499999995,-0.6278689373948149,-10606.526863896757,370390.0,-0.02863610481896584,175.9677032131679,64.69102594479604,-0.0002134072352557,5.104394125290821e-05
ES,atlantic_to_iberia,2020-09-13,2020-09-17,5,2658.69226,-0.5673841646023287,-11980.954594151253,516203.0,-0.023209773275535504,175.9677032131679,64.69102594479604,-0.0002134072352557,5.104394125290821e-05
ES,atlantic_to_iberia,2015-05-04,2015-05-10,7,2691.414528571429,-0.5743673334694518,-16979.776879176912,962665.0,-0.017638302918644506,175.9677032131679,64.69102594479604,-0.0002134072352557,5.104394125290821e-05
ES,atlantic_to_iberia,2015-06-30,2015-07-10,11,2537.8244909090904,-0.5415901081691133,-25159.824998217373,1289000.0,-0.019518871216615497,175.9677032131679,64.69102594479604,-0.0002134072352557,5.104394125290821e-05
ES,atlantic_to_iberia,2016-08-23,2016-08-27,5,2419.98858,-0.5164430722081674,-10905.276150818812,542734.0,-0.02009322458297953,175.9677032131679,64.69102594479604,-0.0002134072352557,5.104394125290821e-05
ES,atlantic_to_iberia,2016-09-07,2016-09-12,6,2731.377916666667,-0.5828958096343071,-14770.20050408577,458202.0,-0.03223512883855978,175.9677032131679,64.69102594479604,-0.0002134072352557,5.104394125290821e-05
ES,atlantic_to_iberia,2017-05-25,2017-05-28,4,2461.6557249999996,-0.5253351424236157,-8874.433769226825,408470.0,-0.021726035618838166,175.9677032131679,64.69102594479604,-0.0002134072352557,5.104394125290821e-05
ES,atlantic_to_iberia,2017-06-19,2017-06-21,3,2469.106266666666,-0.5269251419218564,-6675.970103226835,256798.0,-0.02599697078336605,175.9677032131679,64.69102594479604,-0.0002134072352557,5.104394125290821e-05
ES,atlantic_to_iberia,2019-07-22,2019-07-25,4,2523.542125,-0.5385421479475441,-9097.538386350278,448127.0,-0.020301250284741328,175.9677032131679,64.69102594479604,-0.0002134072352557,5.104394125290821e-05
ES,atlantic_to_iberia,2020-05-04,2020-05-07,4,2665.5858,-0.5688552959148533,-9609.615348747237,533052.0,-0.018027538305357145,175.9677032131679,64.69102594479604,-0.0002134072352557,5.104394125290821e-05
ES,atlantic_to_iberia,2020-09-13,2020-09-17,5,2658.69226,-0.5673841646023287,-11980.954594151253,516203.0,-0.023209773275535504,175.9677032131679,64.69102594479604,-0.0002134072352557,5.104394125290821e-05
ES,atlantic_to_iberia,2015-06-30,2015-07-16,17,2714.192017647059,-0.579228214439149,-41585.58708069751,1804849.0,-0.023041033948378788,175.9677032131679,64.69102594479604,-0.0002134072352557,5.104394125290821e-05
ES,atlantic_to_iberia,2016-08-23,2016-08-27,5,2419.98858,-0.5164430722081674,-10905.276150818812,542734.0,-0.02009322458297953,175.9677032131679,64.69102594479604,-0.0002134072352557,5.104394125290821e-05
ES,atlantic_to_iberia,2016-09-07,2016-09-13,7,2688.705457142857,-0.5737891980257701,-16962.685707260214,628880.0,-0.02697284968079795,175.9677032131679,64.69102594479604,-0.0002134072352557,5.104394125290821e-05
ES,atlantic_to_iberia,2017-05-15,2017-05-17,3,2912.5278999999996,-0.6215545267440898,-7874.893619489162,248213.0,-0.031726354459634114,175.9677032131679,64.69102594479604,-0.0002134072352557,5.104394125290821e-05
ES,atlantic_to_iberia,2017-05-25,2017-05-28,4,2461.6557249999996,-0.5253351424236157,-8874.433769226825,408470.0,-0.021726035618838166,175.9677032131679,64.69102594479604,-0.0002134072352557,5.104394125290821e-05
ES,atlantic_to_iberia,2017-06-08,2017-06-21,14,2801.197557142857,-0.5977958260748778,-35344.766857617724,1262221.0,-0.02800204311100649,175.9677032131679,64.69102594479604,-0.0002134072352557,5.104394125290821e-05
ES,atlantic_to_iberia,2018-09-17,2018-09-20,4,2448.04555,-0.5224306326055195,-8825.36817674838,184603.0,-0.04780728469606875,175.9677032131679,64.69102594479604,-0.0002134072352557,5.104394125290821e-05
ES,atlantic_to_iberia,2019-06-26,2019-07-05,10,2506.8449899999996,-0.5349788585305029,-22593.360240771573,1053637.0,-0.021443210745988962,175.9677032131679,64.69102594479604,-0.0002134072352557,5.104394125290821e-05
ES,atlantic_to_iberia,2019-07-22,2019-07-25,4,2523.542125,-0.5385421479475441,-9097.538386350278,448127.0,-0.020301250284741328,175.9677032131679,64.69102594479604,-0.0002134072352557,5.104394125290821e-05
ES,atlantic_to_iberia,2020-05-04,2020-05-07,4,2665.5858,-0.5688552959148533,-9609.615348747237,533052.0,-0.018027538305357145,175.9677032131679,64.69102594479604,-0.0002134072352557,5.104394125290821e-05
ES,atlantic_to_iberia,2020-07-27,2020-07-31,5,2568.3568400000004,-0.5481059323744664,-11573.873044493614,546238.0,-0.021188333738212307,175.9677032131679,64.69102594479604,-0.0002134072352557,5.104394125290821e-05
ES,atlantic_to_iberia,2020-08-06,2020-08-09,4,2351.692375,-0.5018681679206609,-8478.008527180722,380771.0,-0.022265373484799844,175.9677032131679,64.69102594479604,-0.0002134072352557,5.104394125290821e-05
ES,atlantic_to_iberia,2020-09-13,2020-09-17,5,2658.69226,-0.5673841646023287,-11980.954594151253,516203.0,-0.023209773275535504,175.9677032131679,64.69102594479604,-0.0002134072352557,5.104394125290821e-05
ES,atlantic_to_iberia,2015-05-11,2015-05-13,3,2500.425533333333,-0.5336089000314257,-6760.651143789713,310491.0,-0.02177406476770571,175.9677032131679,64.69102594479604,-0.0002134072352557,5.104394125290821e-05
ES,atlantic_to_iberia,2015-06-30,2015-07-06,7,2318.5166,-0.49478821750044566,-14627.213363362453,833832.0,-0.017542158808204113,175.9677032131679,64.69102594479604,-0.0002134072352557,5.104394125290821e-05
ES,atlantic_to_iberia,2016-09-04,2016-09-13,10,2849.6184299999995,-0.6081291906799884,-25682.663265801646,813978.0,-0.03155203613095396,175.9677032131679,64.69102594479604,-0.0002134072352557,5.104394125290821e-05
ES,atlantic_to_iberia,2017-05-25,2017-05-28,4,2461.6557249999996,-0.5253351424236157,-8874.433769226825,408470.0,-0.021726035618838166,175.9677032131679,64.69102594479604,-0.0002134072352557,5.104394125290821e-05
ES,atlantic_to_iberia,2017-06-11,2017-06-22,12,2836.010941666666,-0.6052252542159975,-30672.028198366486,1085897.0,-0.02824579881735237,175.9677032131679,64.69102594479604,-0.0002134072352557,5.104394125290821e-05
ES,atlantic_to_iberia,2018-09-17,2018-09-20,4,2448.04555,-0.5224306326055195,-8825.36817674838,184603.0,-0.04780728469606875,175.9677032131679,64.69102594479604,-0.0002134072352557,5.104394125290821e-05
ES,atlantic_to_iberia,2019-06-26,2019-07-05,10,2506.8449899999996,-0.5349788585305029,-22593.360240771573,1053637.0,-0.021443210745988962,175.9677032131679,64.69102594479604,-0.0002134072352557,5.104394125290821e-05
ES,atlantic_to_iberia,2019-07-22,2019-07-25,4,2523.542125,-0.5385421479475441,-9097.538386350278,448127.0,-0.020301250284741328,175.9677032131679,64.69102594479604,-0.0002134072352557,5.104394125290821e-05
ES,atlantic_to_iberia,2019-09-29,2020-05-07,9,2675.882944444444,-0.5710527810417707,-21705.158799377095,34867453.47368421,-0.0006225048472713616,175.9677032131679,64.69102594479604,-0.0002134072352557,5.104394125290821e-05
ES,atlantic_to_iberia,2020-07-27,2020-07-31,5,2568.3568400000004,-0.5481059323744664,-11573.873044493614,546238.0,-0.021188333738212307,175.9677032131679,64.69102594479604,-0.0002134072352557,5.104394125290821e-05
ES,atlantic_to_iberia,2020-08-06,2020-08-09,4,2351.692375,-0.5018681679206609,-8478.008527180722,380771.0,-0.022265373484799844,175.9677032131679,64.69102594479604,-0.0002134072352557,5.104394125290821e-05
ES,atlantic_to_iberia,2020-09-13,2020-09-17,5,2658.69226,-0.5673841646023287,-11980.954594151253,516203.0,-0.023209773275535504,175.9677032131679,64.69102594479604,-0.0002134072352557,5.104394125290821e-05
ES,atlantic_to_iberia,2015-06-04,2015-06-08,5,2984.1861799999997,-0.6368469221620686,-13447.738822948122,576812.0,-0.023313902663169492,175.9677032131679,64.69102594479604,-0.0002134072352557,5.104394125290821e-05
ES,atlantic_to_iberia,2016-09-02,2016-09-13,12,2865.78255,-0.6115787308395298,-30994.014124758614,924164.0,-0.03353735281265946,175.9677032131679,64.69102594479604,-0.0002134072352557,5.104394125290821e-05
ES,atlantic_to_iberia,2017-06-13,2017-06-22,10,2797.47216,-0.5970007993703912,-25212.686275591917,867520.0,-0.029062945264192085,175.9677032131679,64.69102594479604,-0.0002134072352557,5.104394125290821e-05
ES,atlantic_to_iberia,2018-08-02,2018-08-05,4,3968.0251749999998,-0.8468052820217651,-14304.996532430294,339968.0,-0.04207747944638993,175.9677032131679,64.69102594479604,-0.0002134072352557,5.104394125290821e-05
ES,atlantic_to_iberia,2018-09-19,2018-09-28,10,3220.81328,-0.6873448573596427,-29028.11900759012,891601.0,-0.03255729749920662,175.9677032131679,64.69102594479604,-0.0002134072352557,5.104394125290821e-05
ES,atlantic_to_iberia,2019-06-26,2019-07-04,9,2518.6427111111107,-0.5374965775751428,-20429.720260020622,999676.0,-0.020436341634710267,175.9677032131679,64.69102594479604,-0.0002134072352557,5.104394125290821e-05
ES,atlantic_to_iberia,2019-07-22,2019-07-24,3,2512.7181,-0.5362322226979556,-6793.887788427686,330324.0,-0.02056734535918579,175.9677032131679,64.69102594479604,-0.0002134072352557,5.104394125290821e-05
ES,atlantic_to_iberia,2019-09-13,2019-09-17,5,3396.3548800000003,-0.7248067048880048,-15305.108535917592,490129.0,-0.03122669447414373,175.9677032131679,64.69102594479604,-0.0002134072352557,5.104394125290821e-05
ES,atlantic_to_iberia,2020-05-04,2020-05-06,3,2645.7904999999996,-0.5646308356707961,-7153.688974775157,375297.0,-0.019061407298153612,175.9677032131679,64.69102594479604,-0.0002134072352557,5.104394125290821e-05
ES,atlantic_to_iberia,2020-05-20,2020-05-22,3,3193.9867,-0.6816198710904768,-8635.90198897777,144324.0,-0.05983690854589514,175.9677032131679,64.69102594479604,-0.0002134072352557,5.104394125290821e-05
ES,atlantic_to_iberia,2020-09-12,2020-09-17,6,2756.7446,-0.5883092433920806,-14907.373392784462,615590.0,-0.0242163995399283,175.9677032131679,64.69102594479604,-0.0002134072352557,5.104394125290821e-05
IT,domain,2017-06-26,2017-06-28,3,477.3434066666667,-1.846338329089721,-2680.5117424564164,147484.0,-0.018174932483906163,20.163872010767317,14.38663806431839,-0.0038679455991293,0.0005004505101141
IT,domain,2017-07-30,2017-08-08,10,488.889225,-1.890996926300484,-9151.156798722566,198030.0,-0.04621096196900756,20.163872010767317,14.38663806431839,-0.0038679455991293,0.0005004505101141
IT,domain,2019-08-07,2019-08-11,5,515.016432,-1.9920555416336743,-4820.106357580941,126286.0,-0.038168176659177905,20.163872010767317,14.38663806431839,-0.0038679455991293,0.0005004505101141
IT,domain,2020-05-05,2020-05-13,9,548.1105433333333,-2.120061763922536,-9233.709277533611,526176.0,-0.01754870856430854,20.163872010767317,14.38663806431839,-0.0038679455991293,0.0005004505101141
IT,domain,2020-09-19,2020-09-24,6,528.176165,-2.0429566729767408,-5931.924030352227,214920.0,-0.027600614323246918,20.163872010767317,14.38663806431839,-0.0038679455991293,0.0005004505101141
IT,domain,2017-07-30,2017-08-04,6,485.4557616666666,-1.8777164769105452,-5452.132998662375,96562.0,-0.05646251111889123,20.163872010767317,14.38663806431839,-0.0038679455991293,0.0005004505101141
IT,domain,2019-06-07,2019-06-09,3,517.60763,-2.0020781545342468,-2906.614631777888,94447.0,-0.030775086892944063,20.163872010767317,14.38663806431839,-0.0038679455991293,0.0005004505101141
IT,domain,2019-07-07,2019-07-09,3,543.92135,-2.1038581920049673,-3054.3787664922593,181588.0,-0.016820377814019974,20.163872010767317,14.38663806431839,-0.0038679455991293,0.0005004505101141
IT,domain,2019-08-01,2019-08-07,7,522.38962,-2.0205746317098274,-6844.758188016045,228189.0,-0.0299960041369919,20.163872010767317,14.38663806431839,-0.0038679455991293,0.0005004505101141
IT,domain,2020-05-12,2020-05-14,3,547.0187233333332,-2.1158386635584945,-3071.772000534705,249056.0,-0.012333659901928503,20.163872010767317,14.38663806431839,-0.0038679455991293,0.0005004505101141
IT,domain,2017-06-25,2017-06-28,4,481.500085,-1.8624161347561339,-3605.1379749130238,193094.0,-0.01867037802786738,20.163872010767317,14.38663806431839,-0.0038679455991293,0.0005004505101141
IT,domain,2017-07-09,2017-07-11,3,495.66981333333325,-1.917223873103908,-2783.4232891143456,111347.0,-0.02499773940128019,20.163872010767317,14.38663806431839,-0.0038679455991293,0.0005004505101141
IT,domain,2017-08-02,2017-08-09,8,494.88631875,-1.9141933586783624,-7410.729578544253,170094.0,-0.04356843615027134,20.163872010767317,14.38663806431839,-0.0038679455991293,0.0005004505101141
IT,domain,2019-07-04,2019-07-09,6,538.370625,-2.0823882896692405,-6046.417576744016,240578.0,-0.025132878221383565,20.163872010767317,14.38663806431839,-0.0038679455991293,0.0005004505101141
IT,domain,2019-08-01,2019-08-07,7,522.38962,-2.0205746317098274,-6844.758188016045,228189.0,-0.0299960041369919,20.163872010767317,14.38663806431839,-0.0038679455991293,0.0005004505101141
IT,domain,2020-05-12,2020-05-14,3,547.0187233333332,-2.1158386635584945,-3071.772000534705,249056.0,-0.012333659901928503,20.163872010767317,14.38663806431839,-0.0038679455991293,0.0005004505101141
IT,domain,2020-08-14,2020-08-16,3,502.9527166666667,-1.945393747000959,-2824.3202778053565,100157.0,-0.028198930457235705,20.163872010767317,14.38663806431839,-0.0038679455991293,0.0005004505101141
IT,domain,2017-06-26,2017-06-28,3,477.3434066666667,-1.846338329089721,-2680.5117424564164,147484.0,-0.018174932483906163,20.163872010767317,14.38663806431839,-0.0038679455991293,0.0005004505101141
IT,domain,2017-08-02,2017-08-10,9,499.05359444444446,-1.9303121543610473,-8407.274519814771,208203.0,-0.040380179535428266,20.163872010767317,14.38663806431839,-0.0038679455991293,0.0005004505101141
IT,domain,2018-09-19,2018-09-24,6,527.2137966666667,-2.039234284617083,-5921.115712558201,166569.0,-0.0355475251250725,20.163872010767317,14.38663806431839,-0.0038679455991293,0.0005004505101141
IT,domain,2019-07-06,2019-07-10,5,546.2373500000001,-2.1128163540125513,-5112.307025347816,289208.0,-0.01767692119632865,20.163872010767317,14.38663806431839,-0.0038679455991293,0.0005004505101141
IT,domain,2020-05-13,2020-05-16,4,562.16028,-2.1744053810312947,-4209.065453053321,305733.0,-0.013767128353999474,20.163872010767317,14.38663806431839,-0.0038679455991293,0.0005004505101141
IT,domain,2020-09-15,2020-09-25,11,535.4792872727273,-2.0712047526314397,-11025.56599060048,567466.0,-0.019429474172197946,20.163872010767317,14.38663806431839,-0.0038679455991293,0.0005004505101141
IT,domain,2017-06-28,2017-06-30,3,476.5246466666667,-1.843171409950978,-2675.9140130993082,190764.0,-0.014027353238028707,20.163872010767317,14.38663806431839,-0.0038679455991293,0.0005004505101141
IT,domain,2017-07-11,2017-07-13,3,495.36087333333336,-1.9160289099905132,-2781.6884431184676,130659.0,-0.02128968110209375,20.163872010767317,14.38663806431839,-0.0038679455991293,0.0005004505101141
IT,domain,2017-08-02,2017-08-10,9,499.05359444444446,-1.9303121543610473,-8407.274519814771,208203.0,-0.040380179535428266,20.163872010767317,14.38663806431839,-0.0038679455991293,0.0005004505101141
IT,domain,2018-06-01,2018-06-07,7,499.5516214285714,-1.932238495642549,-6545.516833029542,186968.0,-0.03500875461592113,20.163872010767317,14.38663806431839,-0.0038679455991293,0.0005004505101141
IT,domain,2019-06-08,2019-06-14,7,497.5992985714286,-1.9246870170391839,-6519.935968957092,184590.0,-0.03532117649361879,20.163872010767317,14.38663806431839,-0.0038679455991293,0.0005004505101141
IT,domain,2020-05-13,2020-05-17,5,570.374924,-2.2061791771395085,-5338.213747279322,335258.0,-0.015922703551531425,20.163872010767317,14.38663806431839,-0.0038679455991293,0.0005004505101141
IT,domain,2017-06-28,2017-06-30,3,476.5246466666667,-1.843171409950978,-2675.9140130993082,190764.0,-0.014027353238028707,20.163872010767317,14.38663806431839,-0.0038679455991293,0.0005004505101141
IT,domain,2017-07-09,2017-07-12,4,487.80207999999993,-1.8867919085821183,-3652.3229333377176,151500.0,-0.02410774213424236,20.163872010767317,14.38663806431839,-0.0038679455991293,0.0005004505101141
IT,domain,2017-08-03,2017-08-10,8,496.1840725,-1.9192129995844285,-7430.16293472408,191544.0,-0.03879089365745771,20.163872010767317,14.38663806431839,-0.0038679455991293,0.0005004505101141
IT,domain,2018-06-01,2018-06-04,4,485.95398750000004,-1.87964358732996,-3638.4857011949616,69718.0,-0.05218861271400444,20.163872010767317,14.38663806431839,-0.0038679455991293,0.0005004505101141
IT,domain,2019-06-08,2019-06-15,8,494.47604875,-1.9126064566374077,-7404.5859453319445,220230.0,-0.03362205850852266,20.163872010767317,14.38663806431839,-0.0038679455991293,0.0005004505101141
IT,domain,2019-07-08,2019-07-10,3,564.2305500000001,-2.182413072766805,-3168.42464692046,185365.0,-0.017092895891459875,20.163872010767317,14.38663806431839,-0.0038679455991293,0.0005004505101141
IT,domain,2020-05-14,2020-05-17,4,582.7087799999999,-2.2538858611750032,-4362.918339034641,250850.0,-0.017392538724475347,20.163872010767317,14.38663806431839,-0.0038679455991293,0.0005004505101141
IT,domain,2017-08-04,2017-08-11,8,502.770795,-1.9446900838909895,-7528.796534819763,275091.0,-0.0273683854972346,20.163872010767317,14.38663806431839,-0.0038679455991293,0.0005004505101141
IT,domain,2018-05-27,2018-06-03,8,481.00835,-1.860514130526946,-7202.912410016521,118515.0,-0.06077637775822909,20.163872010767317,14.38663806431839,-0.0038679455991293,0.0005004505101141
IT,domain,2019-07-08,2019-07-10,3,564.2305500000001,-2.182413072766805,-3168.42464692046,185365.0,-0.017092895891459875,20.163872010767317,14.38663806431839,-0.0038679455991293,0.0005004505101141
IT,domain,2020-09-15,2020-09-18,4,551.986105,-2.1350522256152735,-4132.888302106587,217129.0,-0.01903425291926268,20.163872010767317,14.38663806431839,-0.0038679455991293,0.0005004505101141
IT,domain,2017-08-04,2017-08-11,8,502.770795,-1.9446900838909895,-7528.796534819763,275091.0,-0.0273683854972346,20.163872010767317,14.38663806431839,-0.0038679455991293,0.0005004505101141
IT,domain,2018-05-28,2018-06-08,12,491.126,-1.8996486503179764,-11031.630408126304,300899.0,-0.03666223685730529,20.163872010767317,14.38663806431839,-0.0038679455991293,0.0005004505101141
IT,domain,2019-07-07,2019-07-10,4,554.3716625,-2.1442794322488683,-4150.749698609951,260123.0,-0.015956873089307565,20.163872010767317,14.38663806431839,-0.0038679455991293,0.0005004505101141
IT,domain,2020-05-14,2020-05-17,4,582.7087799999999,-2.2538858611750032,-4362.918339034641,250850.0,-0.017392538724475347,20.163872010767317,14.38663806431839,-0.0038679455991293,0.0005004505101141
IT,domain,2017-06-26,2017-06-28,3,477.3434066666667,-1.846338329089721,-2680.5117424564164,147484.0,-0.018174932483906163,20.163872010767317,14.38663806431839,-0.0038679455991293,0.0005004505101141
IT,domain,2017-07-31,2017-08-03,4,485.67292249999997,-1.8785564432001405,-3636.381281826232,73289.0,-0.049617013219258446,20.163872010767317,14.38663806431839,-0.0038679455991293,0.0005004505101141
IT,domain,2018-09-17,2018-09-24,8,521.0708775,-2.015473807460568,-7802.833131780246,177417.0,-0.043980188661629074,20.163872010767317,14.38663806431839,-0.0038679455991293,0.0005004505101141
IT,domain,2019-07-04,2019-07-09,6,538.370625,-2.0823882896692405,-6046.417576744016,240578.0,-0.025132878221383565,20.163872010767317,14.38663806431839,-0.0038679455991293,0.0005004505101141
IT,domain,2020-05-05,2020-05-13,9,548.1105433333333,-2.120061763922536,-9233.709277533611,526176.0,-0.01754870856430854,20.163872010767317,14.38663806431839,-0.0038679455991293,0.0005004505101141
IT,domain,2020-07-30,2020-08-01,3,540.9693166666667,-2.0924398876648183,-3037.801686127037,64188.0,-0.04732662937195484,20.163872010767317,14.38663806431839,-0.0038679455991293,0.0005004505101141
IT,domain,2020-09-19,2020-09-25,7,526.0468199999999,-2.0347204823549627,-6892.677688493891,350337.0,-0.019674421167315728,20.163872010767317,14.38663806431839,-0.0038679455991293,0.0005004505101141
IT,domain,2017-06-24,2017-06-27,4,489.57194,-1.8936376307801936,-3665.5744148951503,144555.0,-0.025357645289994468,20.163872010767317,14.38663806431839,-0.0038679455991293,0.0005004505101141
IT,domain,2017-08-02,2017-08-06,5,501.94037799999995,-1.9414780761103971,-4697.725852608099,100441.0,-0.0467709984230354,20.163872010767317,14.38663806431839,-0.0038679455991293,0.0005004505101141
IT,domain,2019-06-28,2019-07-09,12,539.0663875,-2.0850794611691548,-12108.463311540821,394727.0,-0.030675538565998327,20.163872010767317,14.38663806431839,-0.0038679455991293,0.0005004505101141
IT,domain,2020-07-31,2020-08-02,3,532.88315,-2.0611630348926586,-2992.3939892808216,80488.0,-0.03717813822285088,20.163872010767317,14.38663806431839,-0.0038679455991293,0.0005004505101141
IT,domain,2020-09-14,2020-09-24,11,538.3055036363637,-2.0821364037773544,-11083.758036047642,474629.0,-0.023352466950076044,20.163872010767317,14.38663806431839,-0.0038679455991293,0.0005004505101141
IT,domain,2017-06-25,2017-06-28,4,481.500085,-1.8624161347561339,-3605.1379749130238,193094.0,-0.01867037802786738,20.163872010767317,14.38663806431839,-0.0038679455991293,0.0005004505101141
IT,domain,2017-08-03,2017-08-07,5,492.46586400000007,-1.9048311713802086,-4609.052633019661,119163.0,-0.038678554861992905,20.163872010767317,14.38663806431839,-0.0038679455991293,0.0005004505101141
IT,domain,2019-07-05,2019-07-13,9,532.0165611111111,-2.0578111162136263,-8962.583033447812,441396.0,-0.020305084399151355,20.163872010767317,14.38663806431839,-0.0038679455991293,0.0005004505101141
IT,domain,2019-09-22,2019-09-26,5,511.114526,-1.9769631814927582,-4783.587907394321,264470.0,-0.018087450022287295,20.163872010767317,14.38663806431839,-0.0038679455991293,0.0005004505101141
IT,domain,2020-09-14,2020-09-25,12,536.2192741666667,-2.074066981681266,-12044.511694189303,610046.0,-0.019743612275450215,20.163872010767317,14.38663806431839,-0.0038679455991293,0.0005004505101141
IT,domain,2017-08-04,2017-08-09,6,495.27602666666667,-1.915700727699579,-5562.4239769346095,135807.0,-0.040958300948659564,20.163872010767317,14.38663806431839,-0.0038679455991293,0.0005004505101141
IT,domain,2019-06-29,2019-07-10,12,541.0618916666666,-2.0927979627286573,-12153.286156278307,435259.0,-0.02792196406341582,20.163872010767317,14.38663806431839,-0.0038679455991293,0.0005004505101141
IT,domain,2020-05-13,2020-05-16,4,562.16028,-2.1744053810312947,-4209.065453053321,305733.0,-0.013767128353999474,20.163872010767317,14.38663806431839,-0.0038679455991293,0.0005004505101141
IT,domain,2020-09-09,2020-09-25,17,546.67675,-2.1145159293088085,-17395.8260538311,767549.0,-0.02266412444525509,20.163872010767317,14.38663806431839,-0.0038679455991293,0.0005004505101141
IT,domain,2017-08-05,2017-08-10,6,500.9932733333333,-1.937814726783049,-5626.634130926415,159640.0,-0.035245766292448105,20.163872010767317,14.38663806431839,-0.0038679455991293,0.0005004505101141
IT,domain,2018-05-29,2018-06-03,6,473.9694083333333,-1.8332878870848346,-5323.130253225887,97301.0,-0.05470786788651594,20.163872010767317,14.38663806431839,-0.0038679455991293,0.0005004505101141
IT,domain,2019-06-27,2019-06-29,3,539.61395,-2.0871974031312783,-3030.190653452041,139780.0,-0.02167828482938933,20.163872010767317,14.38663806431839,-0.0038679455991293,0.0005004505101141
IT,domain,2019-07-05,2019-07-10,6,542.0145916666667,-2.0964829545009476,-6087.34281129299,302385.0,-0.02013110045568725,20.163872010767317,14.38663806431839,-0.0038679455991293,0.0005004505101141
IT,domain,2020-05-13,2020-05-16,4,562.16028,-2.1744053810312947,-4209.065453053321,305733.0,-0.013767128353999474,20.163872010767317,14.38663806431839,-0.0038679455991293,0.0005004505101141
IT,domain,2020-09-09,2020-09-18,10,561.1177009999999,-2.1703727421765,-10503.148365337209,417212.0,-0.025174607550447276,20.163872010767317,14.38663806431839,-0.0038679455991293,0.0005004505101141
IT,domain,2017-06-27,2017-06-30,4,477.4404525,-1.8467136970936764,-3574.74226835787,243790.0,-0.014663203036867264,20.163872010767317,14.38663806431839,-0.0038679455991293,0.0005004505101141
IT,domain,2017-08-06,2017-08-10,5,504.43747199999996,-1.9511366998583093,-4721.096482974464,141156.0,-0.03344594975044961,20.163872010767317,14.38663806431839,-0.0038679455991293,0.0005004505101141
IT,domain,2018-05-29,2018-06-07,10,491.65463500000004,-1.9016933817397723,-9202.92046874977,237128.0,-0.03880992741789147,20.163872010767317,14.38663806431839,-0.0038679455991293,0.0005004505101141
IT,domain,2019-06-10,2019-06-12,3,497.82696333333337,-1.92556761195307,-2795.5367190360407,78070.0,-0.035808078891200724,20.163872010767317,14.38663806431839,-0.0038679455991293,0.0005004505101141
IT,domain,2019-07-08,2019-07-10,3,564.2305500000001,-2.182413072766805,-3168.42464692046,185365.0,-0.017092895891459875,20.163872010767317,14.38663806431839,-0.0038679455991293,0.0005004505101141
IT,domain,2020-05-13,2020-05-18,6,572.1926699999999,-2.2132101197805434,-6426.271524699343,384901.0,-0.01669590758324697,20.163872010767317,14.38663806431839,-0.0038679455991293,0.0005004505101141
IT,domain,2020-09-08,2020-09-17,10,558.7806449999999,-2.1613331367063813,-10459.402737882656,379276.0,-0.027577286034135184,20.163872010767317,14.38663806431839,-0.0038679455991293,0.0005004505101141
IT,domain,2017-06-27,2017-06-30,4,477.4404525,-1.8467136970936764,-3574.74226835787,243790.0,-0.014663203036867264,20.163872010767317,14.38663806431839,-0.0038679455991293,0.0005004505101141
IT,domain,2017-07-22,2017-07-24,3,478.6404733333333,-1.8513553123948316,-2687.795392722014,148048.0,-0.018154891607600334,20.163872010767317,14.38663806431839,-0.0038679455991293,0.0005004505101141
IT,domain,2017-08-03,2017-08-10,8,496.1840725,-1.9192129995844285,-7430.16293472408,191544.0,-0.03879089365745771,20.163872010767317,14.38663806431839,-0.0038679455991293,0.0005004505101141
IT,domain,2018-05-28,2018-06-04,8,484.57500625,-1.8743097628727405,-7256.321696082735,129044.0,-0.05623137608941706,20.163872010767317,14.38663806431839,-0.0038679455991293,0.0005004505101141
IT,domain,2019-06-08,2019-06-15,8,494.47604875,-1.9126064566374077,-7404.5859453319445,220230.0,-0.03362205850852266,20.163872010767317,14.38663806431839,-0.0038679455991293,0.0005004505101141
IT,domain,2020-05-13,2020-05-17,5,570.374924,-2.2061791771395085,-5338.213747279322,335258.0,-0.015922703551531425,20.163872010767317,14.38663806431839,-0.0038679455991293,0.0005004505101141
IT,domain,2017-08-07,2017-08-11,5,499.97977199999997,-1.9338945587610705,-4679.376283821308,208937.0,-0.022396111190556522,20.163872010767317,14.38663806431839,-0.0038679455991293,0.0005004505101141
IT,domain,2018-05-27,2018-06-08,13,491.12794230769225,-1.899656163058467,-11950.98020574939,312947.0,-0.03818851181110345,20.163872010767317,14.38663806431839,-0.0038679455991293,0.0005004505101141
IT,domain,2019-07-07,2019-07-10,4,554.3716625,-2.1442794322488683,-4150.749698609951,260123.0,-0.015956873089307565,20.163872010767317,14.38663806431839,-0.0038679455991293,0.0005004505101141
IT,domain,2020-09-14,2020-09-18,5,550.4607100000001,-2.12915208073809,-5151.834005695411,259709.0,-0.019836948298655076,20.163872010767317,14.38663806431839,-0.0038679455991293,0.0005004505101141
IT,domain,2018-08-02,2018-08-09,8,527.19064875,-2.039144749734683,-7894.474319055034,99731.0,-0.07915767734260194,20.163872010767317,14.38663806431839,-0.0038679455991293,0.0005004505101141
IT,domain,2018-09-11,2018-09-24,14,527.7148114285715,-2.041172182460491,-13829.066038728171,272215.0,-0.05080199856263678,20.163872010767317,14.38663806431839,-0.0038679455991293,0.0005004505101141
IT,domain,2019-06-30,2019-07-09,10,537.9395199999999,-2.080720798981728,-10069.293091394176,295185.0,-0.03411180477122542,20.163872010767317,14.38663806431839,-0.0038679455991293,0.0005004505101141
IT,domain,2020-05-05,2020-05-13,9,548.1105433333333,-2.120061763922536,-9233.709277533611,526176.0,-0.01754870856430854,20.163872010767317,14.38663806431839,-0.0038679455991293,0.0005004505101141
IT,domain,2020-07-30,2020-08-01,3,540.9693166666667,-2.0924398876648183,-3037.801686127037,64188.0,-0.04732662937195484,20.163872010767317,14.38663806431839,-0.0038679455991293,0.0005004505101141
IT,domain,2020-09-13,2020-09-25,13,538.2854707692306,-2.082058917737089,-13098.499295271742,669428.0,-0.01956670365636296,20.163872010767317,14.38663806431839,-0.0038679455991293,0.0005004505101141
IT,domain,2017-07-31,2017-08-08,9,490.7708544444444,-1.8982749666293148,-8267.739869165136,189033.0,-0.043737018770083194,20.163872010767317,14.38663806431839,-0.0038679455991293,0.0005004505101141
IT,domain,2019-06-25,2019-06-28,4,515.5748975,-1.9942156558066648,-3860.266487573184,208399.0,-0.018523440551889328,20.163872010767317,14.38663806431839,-0.0038679455991293,0.0005004505101141
IT,domain,2019-07-07,2019-07-09,3,543.92135,-2.1038581920049673,-3054.3787664922593,181588.0,-0.016820377814019974,20.163872010767317,14.38663806431839,-0.0038679455991293,0.0005004505101141
IT,domain,2020-07-30,2020-08-01,3,540.9693166666667,-2.0924398876648183,-3037.801686127037,64188.0,-0.04732662937195484,20.163872010767317,14.38663806431839,-0.0038679455991293,0.0005004505101141
IT,domain,2017-08-03,2017-08-07,5,492.46586400000007,-1.9048311713802086,-4609.052633019661,119163.0,-0.038678554861992905,20.163872010767317,14.38663806431839,-0.0038679455991293,0.0005004505101141
IT,domain,2019-06-28,2019-07-13,16,536.9112968750001,-2.0767436878704615,-16080.074465813337,612273.0,-0.02626291615964339,20.163872010767317,14.38663806431839,-0.0038679455991293,0.0005004505101141
IT,domain,2020-05-11,2020-05-16,6,559.4613766666666,-2.163966169760653,-6283.286911106523,464938.0,-0.013514246869704183,20.163872010767317,14.38663806431839,-0.0038679455991293,0.0005004505101141
IT,domain,2020-07-31,2020-08-02,3,532.88315,-2.0611630348926586,-2992.3939892808216,80488.0,-0.03717813822285088,20.163872010767317,14.38663806431839,-0.0038679455991293,0.0005004505101141
IT,domain,2020-09-09,2020-09-25,17,546.67675,-2.1145159293088085,-17395.8260538311,767549.0,-0.02266412444525509,20.163872010767317,14.38663806431839,-0.0038679455991293,0.0005004505101141
IT,domain,2017-08-04,2017-08-09,6,495.27602666666667,-1.915700727699579,-5562.4239769346095,135807.0,-0.040958300948659564,20.163872010767317,14.38663806431839,-0.0038679455991293,0.0005004505101141
IT,domain,2019-06-27,2019-07-10,14,541.7114035714286,-2.0953102394422634,-14195.85467696391,513500.0,-0.027645286615314336,20.163872010767317,14.38663806431839,-0.0038679455991293,0.0005004505101141
IT,domain,2019-09-13,2019-09-23,11,558.3360636363636,-2.1596135201774493,-11496.189041985317,432789.0,-0.02656303427763949,20.163872010767317,14.38663806431839,-0.0038679455991293,0.0005004505101141
IT,domain,2020-05-14,2020-05-16,3,575.8672066666667,-2.227423027709216,-3233.7700448086407,221325.0,-0.014610956940285285,20.163872010767317,14.38663806431839,-0.0038679455991293,0.0005004505101141
IT,domain,2020-09-08,2020-09-25,18,546.7996305555555,-2.1149912246128877,-18423.25013821981,816606.0,-0.02256075774390564,20.163872010767317,14.38663806431839,-0.0038679455991293,0.0005004505101141
IT,domain,2018-09-22,2018-09-24,3,549.7032333333333,-2.126222202198813,-3086.8468093143865,128650.0,-0.023994145428016995,20.163872010767317,14.38663806431839,-0.0038679455991293,0.0005004505101141
IT,domain,2019-06-26,2019-06-30,5,524.544786,-2.0289106965549206,-4909.283472793222,220608.0,-0.02225342450316046,20.163872010767317,14.38663806431839,-0.0038679455991293,0.0005004505101141
IT,domain,2019-07-07,2019-07-09,3,543.92135,-2.1038581920049673,-3054.3787664922593,181588.0,-0.016820377814019974,20.163872010767317,14.38663806431839,-0.0038679455991293,0.0005004505101141
IT,domain,2020-05-14,2020-05-18,5,582.4233039999999,-2.252781655537146,-5450.976116454663,300493.0,-0.018140110140517956,20.163872010767317,14.38663806431839,-0.0038679455991293,0.0005004505101141
IT,domain,2020-09-08,2020-09-25,18,546.7996305555555,-2.1149912246128877,-18423.25013821981,816606.0,-0.02256075774390564,20.163872010767317,14.38663806431839,-0.0038679455991293,0.0005004505101141
IT,domain,2017-08-01,2017-08-10,10,496.5675010000001,-1.9206960801635846,-9294.88078368024,231655.0,-0.04012380817888775,20.163872010767317,14.38663806431839,-0.0038679455991293,0.0005004505101141
IT,domain,2019-06-09,2019-06-14,6,494.717465,-1.9135402415591534,-5556.150794628222,143215.0,-0.038795871903279835,20.163872010767317,14.38663806431839,-0.0038679455991293,0.0005004505101141
IT,domain,2020-05-13,2020-05-18,6,572.1926699999999,-2.2132101197805434,-6426.271524699343,384901.0,-0.01669590758324697,20.163872010767317,14.38663806431839,-0.0038679455991293,0.0005004505101141
IT,domain,2020-09-08,2020-09-18,11,560.0059645454544,-2.166072606049749,-11530.572449725916,466269.0,-0.024729442552959592,20.163872010767317,14.38663806431839,-0.0038679455991293,0.0005004505101141
IT,domain,2017-07-10,2017-07-12,3,479.3153733333333,-1.8539657888796839,-2691.585279310407,136027.0,-0.019787139900978534,20.163872010767317,14.38663806431839,-0.0038679455991293,0.0005004505101141
IT,domain,2017-08-02,2017-08-11,10,500.9600750000001,-1.9376863174357342,-9377.102136429407,309378.0,-0.030309531176843235,20.163872010767317,14.38663806431839,-0.0038679455991293,0.0005004505101141
IT,domain,2019-06-08,2019-06-15,8,494.47604875,-1.9126064566374077,-7404.5859453319445,220230.0,-0.03362205850852266,20.163872010767317,14.38663806431839,-0.0038679455991293,0.0005004505101141
IT,domain,2020-05-14,2020-05-17,4,582.7087799999999,-2.2538858611750032,-4362.918339034641,250850.0,-0.017392538724475347,20.163872010767317,14.38663806431839,-0.0038679455991293,0.0005004505101141
IT,domain,2017-08-03,2017-08-11,9,498.62122,-1.9286397535314823,-8399.990551338713,292719.0,-0.028696430881967733,20.163872010767317,14.38663806431839,-0.0038679455991293,0.0005004505101141
IT,domain,2018-05-28,2018-06-08,12,491.126,-1.8996486503179764,-11031.630408126304,300899.0,-0.03666223685730529,20.163872010767317,14.38663806431839,-0.0038679455991293,0.0005004505101141
IT,domain,2019-07-07,2019-07-09,3,543.92135,-2.1038581920049673,-3054.3787664922593,181588.0,-0.016820377814019974,20.163872010767317,14.38663806431839,-0.0038679455991293,0.0005004505101141
IT,domain,2020-09-13,2020-09-18,6,552.5638966666667,-2.1372870923495704,-6205.821606777853,319091.0,-0.0194484382410593,20.163872010767317,14.38663806431839,-0.0038679455991293,0.0005004505101141
IT,domain,2016-09-05,2016-09-14,10,488.13469599999996,-1.8880784491755185,-9137.033326911167,329015.0,-0.02777087162260434,20.163872010767317,14.38663806431839,-0.0038679455991293,0.0005004505101141
IT,domain,2017-06-16,2017-06-18,3,542.5623533333334,-2.098601666828903,-3046.747349629509,115421.0,-0.02639681989958074,20.163872010767317,14.38663806431839,-0.0038679455991293,0.0005004505101141
IT,domain,2018-08-03,2018-08-09,7,526.3294214285714,-2.0358135693069133,-6896.380553880381,71459.0,-0.09650821525462686,20.163872010767317,14.38663806431839,-0.0038679455991293,0.0005004505101141
IT,domain,2018-09-20,2018-09-25,6,538.1129999999999,-2.0813918101842646,-6043.524201333334,258267.0,-0.023400295823056503,20.163872010767317,14.38663806431839,-0.0038679455991293,0.0005004505101141
IT,domain,2019-06-26,2019-07-09,14,535.382825,-2.0708316418081623,-14030.010684905688,493822.0,-0.028411068532600184,20.163872010767317,14.38663806431839,-0.0038679455991293,0.0005004505101141
IT,domain,2020-09-12,2020-09-24,13,540.9113592307692,-2.0922157114557014,-13162.396985309284,565286.0,-0.023284491364210833,20.163872010767317,14.38663806431839,-0.0038679455991293,0.0005004505101141
IT,domain,2016-09-05,2016-09-13,9,486.45946666666663,-1.8815987532481195,-8195.108350200717,323484.0,-0.02533389085766442,20.163872010767317,14.38663806431839,-0.0038679455991293,0.0005004505101141
IT,domain,2017-08-01,2017-08-06,6,497.31575833333335,-1.923590298823067,-5585.332116473566,123893.0,-0.045081902258187034,20.163872010767317,14.38663806431839,-0.0038679455991293,0.0005004505101141
IT,domain,2018-09-12,2018-09-15,4,543.6980249999999,-2.1029943830540416,-4070.83291960937,48297.0,-0.08428749031222167,20.163872010767317,14.38663806431839,-0.0038679455991293,0.0005004505101141
IT,domain,2018-09-21,2018-09-24,4,538.939025,-2.084586829947786,-4035.2008353022397,145894.0,-0.02765844267277777,20.163872010767317,14.38663806431839,-0.0038679455991293,0.0005004505101141
IT,domain,2019-06-26,2019-07-09,14,535.382825,-2.0708316418081623,-14030.010684905688,493822.0,-0.028411068532600184,20.163872010767317,14.38663806431839,-0.0038679455991293,0.0005004505101141
IT,domain,2020-07-30,2020-08-01,3,540.9693166666667,-2.0924398876648183,-3037.801686127037,64188.0,-0.04732662937195484,20.163872010767317,14.38663806431839,-0.0038679455991293,0.0005004505101141
IT,domain,2020-09-09,2020-09-19,11,557.7536099999999,-2.1573606211979794,-11484.196269983062,443951.0,-0.025868161734027093,20.163872010767317,14.38663806431839,-0.0038679455991293,0.0005004505101141
IT,domain,2017-08-03,2017-08-07,5,492.46586400000007,-1.9048311713802086,-4609.052633019661,119163.0,-0.038678554861992905,20.163872010767317,14.38663806431839,-0.0038679455991293,0.0005004505101141
IT,domain,2018-09-21,2018-09-24,4,538.939025,-2.084586829947786,-4035.2008353022397,145894.0,-0.02765844267277777,20.163872010767317,14.38663806431839,-0.0038679455991293,0.0005004505101141
IT,domain,2019-06-26,2019-06-29,4,528.9910875,-2.0461087488742473,-3960.7175935115106,198637.0,-0.01993947549304264,20.163872010767317,14.38663806431839,-0.0038679455991293,0.0005004505101141
IT,domain,2019-07-05,2019-07-09,5,533.27299,-2.062670914805023,-4990.971879175299,223850.0,-0.02229605485447978,20.163872010767317,14.38663806431839,-0.0038679455991293,0.0005004505101141
IT,domain,2020-09-08,2020-09-25,18,546.7996305555555,-2.1149912246128877,-18423.25013821981,816606.0,-0.02256075774390564,20.163872010767317,14.38663806431839,-0.0038679455991293,0.0005004505101141
IT,domain,2017-08-01,2017-08-07,7,494.0759642857143,-1.9110589516944938,-6473.770481975821,159274.0,-0.04064549444338574,20.163872010767317,14.38663806431839,-0.0038679455991293,0.0005004505101141
IT,domain,2018-09-22,2018-09-24,3,549.7032333333333,-2.126222202198813,-3086.8468093143865,128650.0,-0.023994145428016995,20.163872010767317,14.38663806431839,-0.0038679455991293,0.0005004505101141
IT,domain,2019-06-26,2019-07-08,13,531.8754923076923,-2.0572654697562682,-12942.520538792985,437212.0,-0.029602390919720833,20.163872010767317,14.38663806431839,-0.0038679455991293,0.0005004505101141
IT,domain,2020-09-08,2020-09-19,12,557.0148591666665,-2.1545031731633344,-12511.62035437177,493008.0,-0.02537812845708745,20.163872010767317,14.38663806431839,-0.0038679455991293,0.0005004505101141
IT,domain,2017-08-01,2017-08-10,10,496.5675010000001,-1.9206960801635846,-9294.88078368024,231655.0,-0.04012380817888775,20.163872010767317,14.38663806431839,-0.0038679455991293,0.0005004505101141
IT,domain,2019-06-09,2019-06-14,6,494.717465,-1.9135402415591534,-5556.150794628222,143215.0,-0.038795871903279835,20.163872010767317,14.38663806431839,-0.0038679455991293,0.0005004505101141
IT,domain,2017-08-02,2017-08-10,9,499.05359444444446,-1.9303121543610473,-8407.274519814771,208203.0,-0.040380179535428266,20.163872010767317,14.38663806431839,-0.0038679455991293,0.0005004505101141
IT,domain,2019-06-10,2019-06-15,6,488.845525,-1.890827897077802,-5490.203286393376,159819.0,-0.034352631954857535,20.163872010767317,14.38663806431839,-0.0038679455991293,0.0005004505101141
IT,domain,2017-08-03,2017-08-10,8,496.1840725,-1.9192129995844285,-7430.16293472408,191544.0,-0.03879089365745771,20.163872010767317,14.38663806431839,-0.0038679455991293,0.0005004505101141
IT,domain,2018-05-27,2018-06-08,13,491.12794230769225,-1.899656163058467,-11950.98020574939,312947.0,-0.03818851181110345,20.163872010767317,14.38663806431839,-0.0038679455991293,0.0005004505101141
IT,domain,2020-09-14,2020-09-18,5,550.4607100000001,-2.12915208073809,-5151.834005695411,259709.0,-0.019836948298655076,20.163872010767317,14.38663806431839,-0.0038679455991293,0.0005004505101141
IT,domain,2017-08-04,2017-08-11,8,502.770795,-1.9446900838909895,-7528.796534819763,275091.0,-0.0273683854972346,20.163872010767317,14.38663806431839,-0.0038679455991293,0.0005004505101141
IT,domain,2018-05-26,2018-06-08,14,489.4633207142857,-1.8932174972920344,-12826.664022124445,329997.0,-0.03886903220976083,20.163872010767317,14.38663806431839,-0.0038679455991293,0.0005004505101141
IT,domain,2019-06-26,2019-06-28,3,529.4464833333333,-2.0478701951836507,-2973.0954607450713,137098.0,-0.021685914169025596,20.163872010767317,14.38663806431839,-0.0038679455991293,0.0005004505101141
IT,domain,2020-09-08,2020-09-18,11,560.0059645454544,-2.166072606049749,-11530.572449725916,466269.0,-0.024729442552959592,20.163872010767317,14.38663806431839,-0.0038679455991293,0.0005004505101141
IT,domain,2016-09-05,2016-09-13,9,486.45946666666663,-1.8815987532481195,-8195.108350200717,323484.0,-0.02533389085766442,20.163872010767317,14.38663806431839,-0.0038679455991293,0.0005004505101141
IT,domain,2018-08-01,2018-08-06,6,546.3506533333333,-2.1132546051420844,-6136.040935331944,107464.0,-0.05709857194345961,20.163872010767317,14.38663806431839,-0.0038679455991293,0.0005004505101141
IT,domain,2018-08-19,2018-08-22,4,540.9882075,-2.0925129563804736,-4050.543689599507,73322.0,-0.055243224265561594,20.163872010767317,14.38663806431839,-0.0038679455991293,0.0005004505101141
IT,domain,2018-09-19,2018-09-24,6,527.2137966666667,-2.039234284617083,-5921.115712558201,166569.0,-0.0355475251250725,20.163872010767317,14.38663806431839,-0.0038679455991293,0.0005004505101141
IT,domain,2019-06-25,2019-07-08,14,527.7386814285715,-2.0412645103219424,-13829.691565621099,508513.0,-0.02719633827575912,20.163872010767317,14.38663806431839,-0.0038679455991293,0.0005004505101141
IT,domain,2019-07-23,2019-07-26,4,514.92471,-1.991700765927431,-3855.3983354791635,124053.0,-0.031078638448720816,20.163872010767317,14.38663806431839,-0.0038679455991293,0.0005004505101141
IT,domain,2019-08-30,2019-09-03,5,547.83147,-2.1189823234510348,-5127.226603577402,92744.0,-0.05528364749824681,20.163872010767317,14.38663806431839,-0.0038679455991293,0.0005004505101141
IT,domain,2019-09-28,2020-05-02,5,514.331362,-1.9894057281420787,-4813.694697569309,13004321.0,-0.00037016117162667,20.163872010767317,14.38663806431839,-0.0038679455991293,0.0005004505101141
IT,domain,2020-09-12,2020-09-19,8,548.3629225,-2.121037952809556,-8211.520859602908,377105.0,-0.02177515774015966,20.163872010767317,14.38663806431839,-0.0038679455991293,0.0005004505101141
IT,domain,2016-09-06,2016-09-13,8,487.20473749999996,-1.8844814202880706,-7295.700895748672,248589.0,-0.02934844621342325,20.163872010767317,14.38663806431839,-0.0038679455991293,0.0005004505101141
IT,domain,2018-07-31,2018-08-06,7,539.28986,-2.0859438406420563,-7066.198376891613,149324.0,-0.04732125028054173,20.163872010767317,14.38663806431839,-0.0038679455991293,0.0005004505101141
IT,domain,2018-08-19,2018-08-22,4,540.9882075,-2.0925129563804736,-4050.543689599507,73322.0,-0.055243224265561594,20.163872010767317,14.38663806431839,-0.0038679455991293,0.0005004505101141
IT,domain,2018-09-10,2018-09-12,3,525.5056933333333,-2.032627433846058,-2950.9660383585356,72801.0,-0.040534690984444385,20.163872010767317,14.38663806431839,-0.0038679455991293,0.0005004505101141
IT,domain,2018-09-19,2018-09-29,11,539.3977172727274,-2.086361026705436,-11106.24681163576,566248.0,-0.019613750179489835,20.163872010767317,14.38663806431839,-0.0038679455991293,0.0005004505101141
IT,domain,2019-06-26,2019-07-05,10,534.98954,-2.0693104368232085,-10014.074591675564,283149.0,-0.03536680190173924,20.163872010767317,14.38663806431839,-0.0038679455991293,0.0005004505101141
IT,domain,2019-08-30,2019-09-03,5,547.83147,-2.1189823234510348,-5127.226603577402,92744.0,-0.05528364749824681,20.163872010767317,14.38663806431839,-0.0038679455991293,0.0005004505101141
IT,domain,2020-09-08,2020-09-20,13,556.3307238461538,-2.1518569749611483,-13537.60781212118,506286.0,-0.026739052259239202,20.163872010767317,14.38663806431839,-0.0038679455991293,0.0005004505101141
IT,domain,2016-09-10,2016-09-13,4,473.6067825,-1.8318852700886625,-3546.03841194986,45357.0,-0.07818062067486518,20.163872010767317,14.38663806431839,-0.0038679455991293,0.0005004505101141
IT,domain,2017-08-01,2017-08-05,5,488.69753000000003,-1.890255460468859,-4573.784300705774,90499.0,-0.05053961149521844,20.163872010767317,14.38663806431839,-0.0038679455991293,0.0005004505101141
IT,domain,2018-09-20,2018-09-29,10,542.434431,-2.0981068702026557,-10153.430014962707,558832.0,-0.018169020412150176,20.163872010767317,14.38663806431839,-0.0038679455991293,0.0005004505101141
IT,domain,2019-06-25,2019-07-03,9,526.5662155555556,-2.0367294761082815,-8870.764134989784,324545.0,-0.027332924971852236,20.163872010767317,14.38663806431839,-0.0038679455991293,0.0005004505101141
IT,domain,2019-07-23,2019-07-25,3,521.1508133333333,-2.015782994915322,-2926.511302388672,104120.0,-0.028107100483948058,20.163872010767317,14.38663806431839,-0.0038679455991293,0.0005004505101141
IT,domain,2020-09-08,2020-09-18,11,560.0059645454544,-2.166072606049749,-11530.572449725916,466269.0,-0.024729442552959592,20.163872010767317,14.38663806431839,-0.0038679455991293,0.0005004505101141
IT,domain,2017-08-01,2017-08-09,9,492.5870233333334,-1.9052998090903686,-8298.33584240972,193546.0,-0.042875263980705985,20.163872010767317,14.38663806431839,-0.0038679455991293,0.0005004505101141
IT,domain,2018-09-21,2018-09-23,3,531.2660666666667,-2.0549082445300666,-2983.313292233386,60117.0,-0.049625119221408026,20.163872010767317,14.38663806431839,-0.0038679455991293,0.0005004505101141
IT,domain,2019-06-10,2019-06-14,5,492.09197000000006,-1.9033849697283676,-4605.553310018523,124179.0,-0.03708802059944534,20.163872010767317,14.38663806431839,-0.0038679455991293,0.0005004505101141
IT,domain,2019-06-27,2019-07-01,5,529.619896,-2.0485409459445174,-4956.782093140975,168882.0,-0.029350564850848374,20.163872010767317,14.38663806431839,-0.0038679455991293,0.0005004505101141
IT,domain,2020-09-13,2020-09-17,5,548.6248439999999,-2.1220510509227983,-5134.65189493459,232098.0,-0.02212277527137067,20.163872010767317,14.38663806431839,-0.0038679455991293,0.0005004505101141
IT,domain,2017-08-02,2017-08-09,8,494.88631875,-1.9141933586783624,-7410.729578544253,170094.0,-0.04356843615027134,20.163872010767317,14.38663806431839,-0.0038679455991293,0.0005004505101141
IT,domain,2018-05-31,2018-06-04,5,484.238166,-1.8730068831101432,-4532.048527958297,85807.0,-0.05281676935399556,20.163872010767317,14.38663806431839,-0.0038679455991293,0.0005004505101141
IT,domain,2018-09-21,2018-09-23,3,531.2660666666667,-2.0549082445300666,-2983.313292233386,60117.0,-0.049625119221408026,20.163872010767317,14.38663806431839,-0.0038679455991293,0.0005004505101141
IT,domain,2019-09-28,2019-09-30,3,510.09216999999995,-1.9730087641018144,-2864.411726073926,135158.0,-0.02119306090704158,20.163872010767317,14.38663806431839,-0.0038679455991293,0.0005004505101141
IT,domain,2017-08-02,2017-08-10,9,499.05359444444446,-1.9303121543610473,-8407.274519814771,208203.0,-0.040380179535428266,20.163872010767317,14.38663806431839,-0.0038679455991293,0.0005004505101141
IT,domain,2018-05-02,2018-05-11,10,550.773848,-2.13036328148711,-10309.529410642645,387219.0,-0.026624544277637833,20.163872010767317,14.38663806431839,-0.0038679455991293,0.0005004505101141
IT,domain,2018-05-27,2018-06-04,9,485.3057,-1.8771360465473643,-8175.671493705825,141092.0,-0.057945677243967236,20.163872010767317,14.38663806431839,-0.0038679455991293,0.0005004505101141
IT,domain,2018-09-21,2018-09-23,3,531.2660666666667,-2.0549082445300666,-2983.313292233386,60117.0,-0.049625119221408026,20.163872010767317,14.38663806431839,-0.0038679455991293,0.0005004505101141
IT,domain,2019-06-28,2019-07-03,6,539.76215,-2.087770632669069,-6062.045734796806,154149.0,-0.03932588427298786,20.163872010767317,14.38663806431839,-0.0038679455991293,0.0005004505101141
IT,domain,2020-09-13,2020-09-17,5,548.6248439999999,-2.1220510509227983,-5134.65189493459,232098.0,-0.02212277527137067,20.163872010767317,14.38663806431839,-0.0038679455991293,0.0005004505101141
IT,domain,2017-08-02,2017-08-10,9,499.05359444444446,-1.9303121543610473,-8407.274519814771,208203.0,-0.040380179535428266,20.163872010767317,14.38663806431839,-0.0038679455991293,0.0005004505101141
IT,domain,2018-05-02,2018-05-07,6,566.3786166666666,-2.1907216777767737,-6360.974139154219,306274.0,-0.02076890019771257,20.163872010767317,14.38663806431839,-0.0038679455991293,0.0005004505101141
IT,domain,2018-05-27,2018-06-02,7,476.44945,-1.8428805533350754,-6242.814078241527,106951.0,-0.05837078735347521,20.163872010767317,14.38663806431839,-0.0038679455991293,0.0005004505101141
IT,domain,2018-09-21,2018-09-23,3,531.2660666666667,-2.0549082445300666,-2983.313292233386,60117.0,-0.049625119221408026,20.163872010767317,14.38663806431839,-0.0038679455991293,0.0005004505101141
IT,domain,2019-06-26,2019-07-02,7,529.7109628571428,-2.0488931875938294,-6940.688159727008,238598.0,-0.02908946495665097,20.163872010767317,14.38663806431839,-0.0038679455991293,0.0005004505101141
IT,domain,2020-09-12,2020-09-15,4,545.805255,-2.1111450340588953,-4086.6103932413353,159791.0,-0.025574721938290235,20.163872010767317,14.38663806431839,-0.0038679455991293,0.0005004505101141
IT,domain,2017-08-02,2017-08-10,9,499.05359444444446,-1.9303121543610473,-8407.274519814771,208203.0,-0.040380179535428266,20.163872010767317,14.38663806431839,-0.0038679455991293,0.0005004505101141
IT,domain,2018-05-29,2018-06-02,5,466.17915999999997,-1.8031556303277936,-4363.031921450892,85737.0,-0.05088855361688526,20.163872010767317,14.38663806431839,-0.0038679455991293,0.0005004505101141
IT,domain,2018-09-21,2018-09-23,3,531.2660666666667,-2.0549082445300666,-2983.313292233386,60117.0,-0.049625119221408026,20.163872010767317,14.38663806431839,-0.0038679455991293,0.0005004505101141
IT,domain,2019-06-08,2019-06-15,8,494.47604875,-1.9126064566374077,-7404.5859453319445,220230.0,-0.03362205850852266,20.163872010767317,14.38663806431839,-0.0038679455991293,0.0005004505101141
IT,domain,2017-06-12,2017-06-16,5,512.831578,-1.9836046452196343,-4799.658022340666,79495.0,-0.06037685417121412,20.163872010767317,14.38663806431839,-0.0038679455991293,0.0005004505101141
IT,domain,2017-08-02,2017-08-05,4,492.32374749999997,-1.9042814724894694,-3686.178036840306,67047.0,-0.054979015270486466,20.163872010767317,14.38663806431839,-0.0038679455991293,0.0005004505101141
IT,domain,2018-09-21,2018-09-28,8,539.98315125,-2.0886254534814084,-8086.037053906553,490084.0,-0.016499287987174757,20.163872010767317,14.38663806431839,-0.0038679455991293,0.0005004505101141
IT,domain,2019-06-25,2019-07-05,11,529.4414127272728,-2.047850582355254,-10901.245618503679,354450.0,-0.030755383322058624,20.163872010767317,14.38663806431839,-0.0038679455991293,0.0005004505101141
IT,domain,2019-07-23,2019-07-26,4,514.92471,-1.991700765927431,-3855.3983354791635,124053.0,-0.031078638448720816,20.163872010767317,14.38663806431839,-0.0038679455991293,0.0005004505101141
IT,domain,2020-07-28,2020-08-01,5,540.57313,-2.090907459191051,-5059.294847218444,83723.0,-0.06042897229218309,20.163872010767317,14.38663806431839,-0.0038679455991293,0.0005004505101141
IT,domain,2020-09-13,2020-09-17,5,548.6248439999999,-2.1220510509227983,-5134.65189493459,232098.0,-0.02212277527137067,20.163872010767317,14.38663806431839,-0.0038679455991293,0.0005004505101141
IT,domain,2016-09-09,2016-09-14,6,485.79209833333334,-1.8790174088402047,-5455.910381451485,87679.0,-0.0622259649568481,20.163872010767317,14.38663806431839,-0.0038679455991293,0.0005004505101141
IT,domain,2017-05-28,2017-05-30,3,479.0867166666667,-1.8530813573321392,-2690.301262664465,68896.0,-0.03904872942789806,20.163872010767317,14.38663806431839,-0.0038679455991293,0.0005004505101141
IT,domain,2017-08-03,2017-08-05,3,482.4284066666667,-1.8660068324612937,-2709.066451749614,50388.0,-0.05376411946792121,20.163872010767317,14.38663806431839,-0.0038679455991293,0.0005004505101141
IT,domain,2018-09-20,2018-09-24,5,530.8504399999999,-2.053300623193852,-4968.298915885152,159153.0,-0.031217123873789072,20.163872010767317,14.38663806431839,-0.0038679455991293,0.0005004505101141
IT,domain,2019-06-25,2019-07-02,8,522.74211,-2.0219380438540644,-7827.859186555122,309899.0,-0.025259388337991157,20.163872010767317,14.38663806431839,-0.0038679455991293,0.0005004505101141
IT,domain,2019-07-23,2019-07-26,4,514.92471,-1.991700765927431,-3855.3983354791635,124053.0,-0.031078638448720816,20.163872010767317,14.38663806431839,-0.0038679455991293,0.0005004505101141
IT,domain,2020-09-13,2020-09-18,6,552.5638966666667,-2.1372870923495704,-6205.821606777853,319091.0,-0.0194484382410593,20.163872010767317,14.38663806431839,-0.0038679455991293,0.0005004505101141
IT,domain,2016-09-10,2016-09-14,5,479.527778,-1.8547873585753518,-4487.96338866031,50888.0,-0.08819296078958319,20.163872010767317,14.38663806431839,-0.0038679455991293,0.0005004505101141
IT,domain,2017-05-28,2017-05-30,3,479.0867166666667,-1.8530813573321392,-2690.301262664465,68896.0,-0.03904872942789806,20.163872010767317,14.38663806431839,-0.0038679455991293,0.0005004505101141
IT,domain,2017-08-01,2017-08-05,5,488.69753000000003,-1.890255460468859,-4573.784300705774,90499.0,-0.05053961149521844,20.163872010767317,14.38663806431839,-0.0038679455991293,0.0005004505101141
IT,domain,2019-06-26,2019-07-01,6,524.2036633333333,-2.027591252637624,-5887.309033200446,227739.0,-0.025851123580943297,20.163872010767317,14.38663806431839,-0.0038679455991293,0.0005004505101141
IT,domain,2019-07-24,2019-07-26,3,505.7240133333333,-1.9561129717466739,-2839.8824352649176,68553.0,-0.04142608544140909,20.163872010767317,14.38663806431839,-0.0038679455991293,0.0005004505101141
IT,domain,2020-09-13,2020-09-17,5,548.6248439999999,-2.1220510509227983,-5134.65189493459,232098.0,-0.02212277527137067,20.163872010767317,14.38663806431839,-0.0038679455991293,0.0005004505101141
IT,domain,2016-09-10,2016-09-14,5,479.527778,-1.8547873585753518,-4487.96338866031,50888.0,-0.08819296078958319,20.163872010767317,14.38663806431839,-0.0038679455991293,0.0005004505101141
IT,domain,2017-08-02,2017-08-05,4,492.32374749999997,-1.9042814724894694,-3686.178036840306,67047.0,-0.054979015270486466,20.163872010767317,14.38663806431839,-0.0038679455991293,0.0005004505101141
IT,domain,2018-09-20,2018-09-22,3,518.5340666666667,-2.0056615611619524,-2911.817017165347,42238.0,-0.06893832608469498,20.163872010767317,14.38663806431839,-0.0038679455991293,0.0005004505101141
IT,domain,2019-06-26,2019-06-28,3,529.4464833333333,-2.0478701951836507,-2973.0954607450713,137098.0,-0.021685914169025596,20.163872010767317,14.38663806431839,-0.0038679455991293,0.0005004505101141
IT,domain,2019-07-24,2019-07-26,3,505.7240133333333,-1.9561129717466739,-2839.8824352649176,68553.0,-0.04142608544140909,20.163872010767317,14.38663806431839,-0.0038679455991293,0.0005004505101141
IT,domain,2020-09-13,2020-09-17,5,548.6248439999999,-2.1220510509227983,-5134.65189493459,232098.0,-0.02212277527137067,20.163872010767317,14.38663806431839,-0.0038679455991293,0.0005004505101141
IT,domain,2016-07-10,2016-07-12,3,477.2953,-1.8461522551200988,-2680.241600493441,24351.0,-0.11006700342874795,20.163872010767317,14.38663806431839,-0.0038679455991293,0.0005004505101141
IT,domain,2016-09-09,2016-09-12,4,492.2255075,-1.9039014855138112,-3685.442484000984,76128.0,-0.048411129728890605,20.163872010767317,14.38663806431839,-0.0038679455991293,0.0005004505101141
IT,domain,2017-08-03,2017-08-06,4,496.92303000000004,-1.9220712469944972,-3720.614267517406,83782.0,-0.04440827704659003,20.163872010767317,14.38663806431839,-0.0038679455991293,0.0005004505101141
IT,domain,2018-05-06,2018-05-11,6,538.74598,-2.083840142389602,-6050.633172774202,141414.0,-0.04278666307985208,20.163872010767317,14.38663806431839,-0.0038679455991293,0.0005004505101141
IT,domain,2018-05-27,2018-05-31,5,484.78706999999997,-1.8751300139212876,-4537.185792510862,71374.0,-0.06356916793945781,20.163872010767317,14.38663806431839,-0.0038679455991293,0.0005004505101141
IT,domain,2018-08-19,2018-08-22,4,540.9882075,-2.0925129563804736,-4050.543689599507,73322.0,-0.055243224265561594,20.163872010767317,14.38663806431839,-0.0038679455991293,0.0005004505101141
IT,domain,2018-09-20,2018-09-24,5,530.8504399999999,-2.053300623193852,-4968.298915885152,159153.0,-0.031217123873789072,20.163872010767317,14.38663806431839,-0.0038679455991293,0.0005004505101141
IT,domain,2019-06-25,2019-07-03,9,526.5662155555556,-2.0367294761082815,-8870.764134989784,324545.0,-0.027332924971852236,20.163872010767317,14.38663806431839,-0.0038679455991293,0.0005004505101141
IT,domain,2020-09-11,2020-09-17,7,553.33847,-2.14028309986544,-7250.27427473917,290329.0,-0.024972614774063803,20.163872010767317,14.38663806431839,-0.0038679455991293,0.0005004505101141
IT,domain,2017-08-01,2017-08-10,10,496.5675010000001,-1.9206960801635846,-9294.88078368024,231655.0,-0.04012380817888775,20.163872010767317,14.38663806431839,-0.0038679455991293,0.0005004505101141
IT,domain,2019-06-12,2019-06-14,3,483.8810266666667,-1.8716254875975007,-2717.2236084484302,85089.0,-0.031933899898323286,20.163872010767317,14.38663806431839,-0.0038679455991293,0.0005004505101141
IT,domain,2019-06-27,2019-07-01,5,529.619896,-2.0485409459445174,-4956.782093140975,168882.0,-0.029350564850848374,20.163872010767317,14.38663806431839,-0.0038679455991293,0.0005004505101141
IT,domain,2020-09-13,2020-09-15,3,545.27124,-2.1090794930897765,-3061.9590450621313,128516.0,-0.023825508458574274,20.163872010767317,14.38663806431839,-0.0038679455991293,0.0005004505101141
IT,domain,2017-07-07,2017-07-10,4,492.01395750000006,-1.9030832216223157,-3683.8585446365864,94273.0,-0.0390764963949019,20.163872010767317,14.38663806431839,-0.0038679455991293,0.0005004505101141
IT,domain,2017-08-02,2017-08-10,9,499.05359444444446,-1.9303121543610473,-8407.274519814771,208203.0,-0.040380179535428266,20.163872010767317,14.38663806431839,-0.0038679455991293,0.0005004505101141
IT,domain,2017-08-02,2017-08-11,10,500.9600750000001,-1.9376863174357342,-9377.102136429407,309378.0,-0.030309531176843235,20.163872010767317,14.38663806431839,-0.0038679455991293,0.0005004505101141
IT,domain,2016-08-25,2016-08-28,4,440.96185749999995,-1.7056164761010062,-3301.61590306144,98686.0,-0.03345576781976613,20.163872010767317,14.38663806431839,-0.0038679455991293,0.0005004505101141
IT,domain,2017-05-27,2017-05-29,3,474.9953766666667,-1.8372562767845975,-2667.326429956573,103755.0,-0.025707931472763464,20.163872010767317,14.38663806431839,-0.0038679455991293,0.0005004505101141
IT,domain,2017-06-11,2017-06-13,3,510.5818133333334,-1.9749026778781247,-2867.1613077928423,78665.0,-0.036447737974866105,20.163872010767317,14.38663806431839,-0.0038679455991293,0.0005004505101141
IT,domain,2017-06-20,2017-06-23,4,501.9715875,-1.9415987927585732,-3758.414357130644,72629.0,-0.05174812206048058,20.163872010767317,14.38663806431839,-0.0038679455991293,0.0005004505101141
IT,domain,2018-08-03,2018-08-06,4,553.78342,-2.1420041422597724,-4146.34534762171,48875.0,-0.08483571043727284,20.163872010767317,14.38663806431839,-0.0038679455991293,0.0005004505101141
IT,domain,2018-09-20,2018-09-28,9,535.3734788888889,-2.070795491558821,-9019.135134489468,503343.0,-0.017918467395969483,20.163872010767317,14.38663806431839,-0.0038679455991293,0.0005004505101141
IT,domain,2019-06-25,2019-07-01,7,517.0260171428572,-1.9998285076430644,-6774.480060028558,299040.0,-0.022654093298650875,20.163872010767317,14.38663806431839,-0.0038679455991293,0.0005004505101141
IT,domain,2019-07-22,2019-07-26,5,522.405014,-2.0206341748643806,-4889.2570659057355,153873.0,-0.03177462625610559,20.163872010767317,14.38663806431839,-0.0038679455991293,0.0005004505101141
IT,domain,2019-09-13,2019-09-16,4,561.5388125000001,-2.1720015785496685,-4204.412336357769,148613.0,-0.0282910131439226,20.163872010767317,14.38663806431839,-0.0038679455991293,0.0005004505101141
IT,domain,2020-09-13,2020-09-18,6,552.5638966666667,-2.1372870923495704,-6205.821606777853,319091.0,-0.0194484382410593,20.163872010767317,14.38663806431839,-0.0038679455991293,0.0005004505101141
IT,domain,2016-08-26,2016-08-28,3,437.83259666666663,-1.693512665432187,-2458.6396296759385,45325.0,-0.05424466915997658,20.163872010767317,14.38663806431839,-0.0038679455991293,0.0005004505101141
IT,domain,2016-09-09,2016-09-13,5,482.30816599999997,-1.8655417481038237,-4513.9854047410345,82148.0,-0.054949425484990926,20.163872010767317,14.38663806431839,-0.0038679455991293,0.0005004505101141
IT,domain,2017-06-21,2017-06-23,3,502.49203333333327,-1.9436118489291998,-2821.733320350183,58375.0,-0.04833804403169478,20.163872010767317,14.38663806431839,-0.0038679455991293,0.0005004505101141
IT,domain,2018-07-31,2018-08-05,6,541.26038,-2.093565704804053,-6078.872292163314,144621.0,-0.04203312307454183,20.163872010767317,14.38663806431839,-0.0038679455991293,0.0005004505101141
IT,domain,2018-09-20,2018-09-28,9,535.3734788888889,-2.070795491558821,-9019.135134489468,503343.0,-0.017918467395969483,20.163872010767317,14.38663806431839,-0.0038679455991293,0.0005004505101141
IT,domain,2019-06-25,2019-06-30,6,516.1140116666667,-1.9963009200750514,-5796.4544996213335,291909.0,-0.01985705990435832,20.163872010767317,14.38663806431839,-0.0038679455991293,0.0005004505101141
IT,domain,2019-07-23,2019-07-26,4,514.92471,-1.991700765927431,-3855.3983354791635,124053.0,-0.031078638448720816,20.163872010767317,14.38663806431839,-0.0038679455991293,0.0005004505101141
IT,domain,2019-09-13,2019-09-16,4,561.5388125000001,-2.1720015785496685,-4204.412336357769,148613.0,-0.0282910131439226,20.163872010767317,14.38663806431839,-0.0038679455991293,0.0005004505101141
IT,domain,2020-09-13,2020-09-17,5,548.6248439999999,-2.1220510509227983,-5134.65189493459,232098.0,-0.02212277527137067,20.163872010767317,14.38663806431839,-0.0038679455991293,0.0005004505101141
IT,domain,2016-08-25,2016-08-27,3,449.7189433333333,-1.7394884077112456,-2525.3871564458154,86267.0,-0.02927408112541082,20.163872010767317,14.38663806431839,-0.0038679455991293,0.0005004505101141
IT,domain,2018-09-20,2018-09-28,9,535.3734788888889,-2.070795491558821,-9019.135134489468,503343.0,-0.017918467395969483,20.163872010767317,14.38663806431839,-0.0038679455991293,0.0005004505101141
IT,domain,2019-06-25,2019-06-30,6,516.1140116666667,-1.9963009200750514,-5796.4544996213335,291909.0,-0.01985705990435832,20.163872010767317,14.38663806431839,-0.0038679455991293,0.0005004505101141
IT,domain,2019-07-23,2019-07-25,3,521.1508133333333,-2.015782994915322,-2926.511302388672,104120.0,-0.028107100483948058,20.163872010767317,14.38663806431839,-0.0038679455991293,0.0005004505101141
IT,domain,2019-09-13,2019-09-16,4,561.5388125000001,-2.1720015785496685,-4204.412336357769,148613.0,-0.0282910131439226,20.163872010767317,14.38663806431839,-0.0038679455991293,0.0005004505101141
IT,domain,2020-07-28,2020-08-01,5,540.57313,-2.090907459191051,-5059.294847218444,83723.0,-0.06042897229218309,20.163872010767317,14.38663806431839,-0.0038679455991293,0.0005004505101141
IT,domain,2020-09-13,2020-09-15,3,545.27124,-2.1090794930897765,-3061.9590450621313,128516.0,-0.023825508458574274,20.163872010767317,14.38663806431839,-0.0038679455991293,0.0005004505101141
IT,domain,2017-08-01,2017-08-04,4,489.92884250000003,-1.895018110234387,-3668.2466527538236,72015.0,-0.0509372582483347,20.163872010767317,14.38663806431839,-0.0038679455991293,0.0005004505101141
IT,domain,2018-07-30,2018-08-01,3,507.6970866666666,-1.9637447120631,-2850.9621865820254,109299.0,-0.02608406469027187,20.163872010767317,14.38663806431839,-0.0038679455991293,0.0005004505101141
IT,domain,2019-06-25,2019-06-30,6,516.1140116666667,-1.9963009200750514,-5796.4544996213335,291909.0,-0.01985705990435832,20.163872010767317,14.38663806431839,-0.0038679455991293,0.0005004505101141
IT,domain,2020-09-13,2020-09-16,4,544.47218,-2.105988772479336,-4076.629254181085,160553.0,-0.025391174591450082,20.163872010767317,14.38663806431839,-0.0038679455991293,0.0005004505101141
IT,domain,2016-09-09,2016-09-14,6,485.79209833333334,-1.8790174088402047,-5455.910381451485,87679.0,-0.0622259649568481,20.163872010767317,14.38663806431839,-0.0038679455991293,0.0005004505101141
IT,domain,2017-08-01,2017-08-04,4,489.92884250000003,-1.895018110234387,-3668.2466527538236,72015.0,-0.0509372582483347,20.163872010767317,14.38663806431839,-0.0038679455991293,0.0005004505101141
IT,domain,2019-06-26,2019-07-06,11,533.0541363636364,-2.061824400845397,-10975.63191841343,312234.0,-0.03515194347320737,20.163872010767317,14.38663806431839,-0.0038679455991293,0.0005004505101141
IT,domain,2019-07-24,2019-07-26,3,505.7240133333333,-1.9561129717466739,-2839.8824352649176,68553.0,-0.04142608544140909,20.163872010767317,14.38663806431839,-0.0038679455991293,0.0005004505101141
IT,domain,2020-09-13,2020-09-16,4,544.47218,-2.105988772479336,-4076.629254181085,160553.0,-0.025391174591450082,20.163872010767317,14.38663806431839,-0.0038679455991293,0.0005004505101141
IT,domain,2016-09-09,2016-09-13,5,482.30816599999997,-1.8655417481038237,-4513.9854047410345,82148.0,-0.054949425484990926,20.163872010767317,14.38663806431839,-0.0038679455991293,0.0005004505101141
IT,domain,2017-07-07,2017-07-10,4,492.01395750000006,-1.9030832216223157,-3683.8585446365864,94273.0,-0.0390764963949019,20.163872010767317,14.38663806431839,-0.0038679455991293,0.0005004505101141
IT,domain,2017-08-01,2017-08-04,4,489.92884250000003,-1.895018110234387,-3668.2466527538236,72015.0,-0.0509372582483347,20.163872010767317,14.38663806431839,-0.0038679455991293,0.0005004505101141
IT,domain,2019-06-27,2019-07-01,5,529.619896,-2.0485409459445174,-4956.782093140975,168882.0,-0.029350564850848374,20.163872010767317,14.38663806431839,-0.0038679455991293,0.0005004505101141
IT,domain,2020-09-13,2020-09-15,3,545.27124,-2.1090794930897765,-3061.9590450621313,128516.0,-0.023825508458574274,20.163872010767317,14.38663806431839,-0.0038679455991293,0.0005004505101141
IT,domain,2017-08-02,2017-08-04,3,495.1742366666667,-1.9153070095170437,-2780.640388888356,48563.0,-0.05725841461376678,20.163872010767317,14.38663806431839,-0.0038679455991293,0.0005004505101141
IT,domain,2019-06-27,2019-07-01,5,529.619896,-2.0485409459445174,-4956.782093140975,168882.0,-0.029350564850848374,20.163872010767317,14.38663806431839,-0.0038679455991293,0.0005004505101141
IT,domain,2020-09-13,2020-09-15,3,545.27124,-2.1090794930897765,-3061.9590450621313,128516.0,-0.023825508458574274,20.163872010767317,14.38663806431839,-0.0038679455991293,0.0005004505101141
IT,domain,2016-09-11,2016-09-13,3,461.06484333333333,-1.7833737316844067,-2589.0998164595185,32135.0,-0.08056946682618697,20.163872010767317,14.38663806431839,-0.0038679455991293,0.0005004505101141
IT,domain,2019-06-27,2019-07-01,5,529.619896,-2.0485409459445174,-4956.782093140975,168882.0,-0.029350564850848374,20.163872010767317,14.38663806431839,-0.0038679455991293,0.0005004505101141
IT,domain,2020-09-13,2020-09-15,3,545.27124,-2.1090794930897765,-3061.9590450621313,128516.0,-0.023825508458574274,20.163872010767317,14.38663806431839,-0.0038679455991293,0.0005004505101141
NL,northsea_to_lowcountries,2015-07-01,2015-07-04,4,2845.5021749999996,1.0487193066411338,4521.198476394518,56645.0,0.07981637349094392,44.90793405270915,25.031498810550023,0.0003685533315894,9.917209989964715e-05
NL,northsea_to_lowcountries,2016-08-24,2016-08-27,4,2979.913125,1.0982569100657302,4734.763093455738,48126.0,0.09838264334155629,44.90793405270915,25.031498810550023,0.0003685533315894,9.917209989964715e-05
NL,northsea_to_lowcountries,2016-09-08,2016-09-15,8,3174.1992499999997,1.1698617087160748,10086.925913435738,104387.0,0.09663009678825657,44.90793405270915,25.031498810550023,0.0003685533315894,9.917209989964715e-05
NL,northsea_to_lowcountries,2017-05-26,2017-05-29,4,3431.113875,1.2645484496938662,5451.672804989543,60259.0,0.09047068164074318,44.90793405270915,25.031498810550023,0.0003685533315894,9.917209989964715e-05
NL,northsea_to_lowcountries,2017-06-19,2017-06-22,4,3576.0713,1.3179729916162368,5681.99464231236,75018.0,0.07574175054403423,44.90793405270915,25.031498810550023,0.0003685533315894,9.917209989964715e-05
NL,northsea_to_lowcountries,2018-05-26,2018-05-28,3,3769.1928000000003,1.3891485638427792,4491.633030801635,66633.0,0.06740853677309494,44.90793405270915,25.031498810550023,0.0003685533315894,9.917209989964715e-05
NL,northsea_to_lowcountries,2018-08-03,2018-08-07,5,3539.06672,1.3043348303731703,7028.9979054059895,40606.0,0.1731024455845439,44.90793405270915,25.031498810550023,0.0003685533315894,9.917209989964715e-05
NL,northsea_to_lowcountries,2019-06-25,2019-06-29,5,3667.52178,1.3516773706956866,7284.124586848943,35341.0,0.20610974751277392,44.90793405270915,25.031498810550023,0.0003685533315894,9.917209989964715e-05
NL,northsea_to_lowcountries,2019-07-23,2019-07-26,4,3958.0814499999997,1.4587641050997031,6288.967894106569,45801.0,0.13731071142784151,44.90793405270915,25.031498810550023,0.0003685533315894,9.917209989964715e-05
NL,northsea_to_lowcountries,2019-08-25,2019-08-31,7,4014.9085571428564,1.4797079247617908,11163.705151615566,41189.0,0.2710360812745045,44.90793405270915,25.031498810550023,0.0003685533315894,9.917209989964715e-05
NL,northsea_to_lowcountries,2020-08-06,2020-08-13,8,4123.9406,1.5198920474067892,13105.000671778786,66155.0,0.19809539221190817,44.90793405270915,25.031498810550023,0.0003685533315894,9.917209989964715e-05
NL,northsea_to_lowcountries,2020-09-14,2020-09-19,6,4081.4497333333334,1.5042318969346682,9727.480343163408,75838.0,0.1282665727361403,44.90793405270915,25.031498810550023,0.0003685533315894,9.917209989964715e-05
NL,northsea_to_lowcountries,2015-07-01,2015-07-04,4,2845.5021749999996,1.0487193066411338,4521.198476394518,56645.0,0.07981637349094392,44.90793405270915,25.031498810550023,0.0003685533315894,9.917209989964715e-05
NL,northsea_to_lowcountries,2015-08-03,2015-08-06,4,2781.0468499999997,1.0249640818737062,4418.785861937278,55352.857142857145,0.07982940881503328,44.90793405270915,25.031498810550023,0.0003685533315894,9.917209989964715e-05
NL,northsea_to_lowcountries,2016-08-24,2016-08-27,4,2979.913125,1.0982569100657302,4734.763093455738,48126.0,0.09838264334155629,44.90793405270915,25.031498810550023,0.0003685533315894,9.917209989964715e-05
NL,northsea_to_lowcountries,2016-09-08,2016-09-15,8,3174.1992499999997,1.1698617087160748,10086.925913435738,104387.0,0.09663009678825657,44.90793405270915,25.031498810550023,0.0003685533315894,9.917209989964715e-05
NL,northsea_to_lowcountries,2017-05-27,2017-05-29,3,3291.129833333334,1.212956864768267,3921.9398562091815,45366.0,0.08645108354735223,44.90793405270915,25.031498810550023,0.0003685533315894,9.917209989964715e-05
NL,northsea_to_lowcountries,2017-06-15,2017-06-22,8,3353.492325,1.2359407688382331,10656.680935688068,147146.0,0.07242249830568324,44.90793405270915,25.031498810550023,0.0003685533315894,9.917209989964715e-05
NL,northsea_to_lowcountries,2018-05-26,2018-05-28,3,3769.1928000000003,1.3891485638427792,4491.633030801635,66633.0,0.06740853677309494,44.90793405270915,25.031498810550023,0.0003685533315894,9.917209989964715e-05
NL,northsea_to_lowcountries,2018-07-25,2018-07-27,3,3995.9123999999997,1.472706827759395,4761.807919199526,52004.0,0.09156618566263222,44.90793405270915,25.031498810550023,0.0003685533315894,9.917209989964715e-05
NL,northsea_to_lowcountries,2018-08-03,2018-08-07,5,3539.06672,1.3043348303731703,7028.9979054059895,40606.0,0.1731024455845439,44.90793405270915,25.031498810550023,0.0003685533315894,9.917209989964715e-05
NL,northsea_to_lowcountries,2019-06-02,2019-06-04,3,3763.2147333333337,1.3869453274563157,4484.509149608735,36702.0,0.1221870511037201,44.90793405270915,25.031498810550023,0.0003685533315894,9.917209989964715e-05
NL,northsea_to_lowcountries,2019-06-25,2019-06-29,5,3667.52178,1.3516773706956866,7284.124586848943,35341.0,0.20610974751277392,44.90793405270915,25.031498810550023,0.0003685533315894,9.917209989964715e-05
NL,northsea_to_lowcountries,2019-07-23,2019-07-26,4,3958.0814499999997,1.4587641050997031,6288.967894106569,45801.0,0.13731071142784151,44.90793405270915,25.031498810550023,0.0003685533315894,9.917209989964715e-05
NL,northsea_to_lowcountries,2019-08-25,2019-08-31,7,4014.9085571428564,1.4797079247617908,11163.705151615566,41189.0,0.2710360812745045,44.90793405270915,25.031498810550023,0.0003685533315894,9.917209989964715e-05
NL,northsea_to_lowcountries,2020-08-06,2020-08-20,15,4010.7699999999995,1.4781826457388176,23897.56635817126,110769.0,0.21574236797453494,44.90793405270915,25.031498810550023,0.0003685533315894,9.917209989964715e-05
NL,northsea_to_lowcountries,2020-09-14,2020-09-16,3,3907.122566666667,1.4399830388731278,4655.999760964858,20703.0,0.2248949312160005,44.90793405270915,25.031498810550023,0.0003685533315894,9.917209989964715e-05
NL,northsea_to_lowcountries,2015-07-01,2015-07-04,4,2845.5021749999996,1.0487193066411338,4521.198476394518,56645.0,0.07981637349094392,44.90793405270915,25.031498810550023,0.0003685533315894,9.917209989964715e-05
NL,northsea_to_lowcountries,2016-05-07,2016-05-09,3,3341.4821666666667,1.2315143849715668,3981.943208539137,91126.0,0.043697113979974285,44.90793405270915,25.031498810550023,0.0003685533315894,9.917209989964715e-05
NL,northsea_to_lowcountries,2016-09-07,2016-09-15,9,3165.0039111111114,1.1664727359334814,11314.918231110145,108522.0,0.10426381960441335,44.90793405270915,25.031498810550023,0.0003685533315894,9.917209989964715e-05
NL,northsea_to_lowcountries,2017-05-26,2017-05-29,4,3431.113875,1.2645484496938662,5451.672804989543,60259.0,0.09047068164074318,44.90793405270915,25.031498810550023,0.0003685533315894,9.917209989964715e-05
NL,northsea_to_lowcountries,2017-06-19,2017-06-21,3,3610.9733333333334,1.330836252280481,4303.087678970383,33289.0,0.12926455222356886,44.90793405270915,25.031498810550023,0.0003685533315894,9.917209989964715e-05
NL,northsea_to_lowcountries,2018-05-26,2018-05-29,4,3658.7617250000003,1.3484488232405303,5813.380879443744,93023.0,0.062494016312565105,44.90793405270915,25.031498810550023,0.0003685533315894,9.917209989964715e-05
NL,northsea_to_lowcountries,2018-08-03,2018-08-07,5,3539.06672,1.3043348303731703,7028.9979054059895,40606.0,0.1731024455845439,44.90793405270915,25.031498810550023,0.0003685533315894,9.917209989964715e-05
NL,northsea_to_lowcountries,2019-06-23,2019-06-29,7,3774.1070571428572,1.3909597296850662,10494.141472192745,67304.0,0.15592151242411662,44.90793405270915,25.031498810550023,0.0003685533315894,9.917209989964715e-05
NL,northsea_to_lowcountries,2019-07-23,2019-07-26,4,3958.0814499999997,1.4587641050997031,6288.967894106569,45801.0,0.13731071142784151,44.90793405270915,25.031498810550023,0.0003685533315894,9.917209989964715e-05
NL,northsea_to_lowcountries,2019-08-24,2019-08-31,8,4052.676825,1.4936275457089019,12878.539645824996,48770.0,0.26406683710939094,44.90793405270915,25.031498810550023,0.0003685533315894,9.917209989964715e-05
NL,northsea_to_lowcountries,2020-06-24,2020-06-26,3,4337.766966666667,1.598698467223446,5169.185664209115,34078.0,0.1516868849172227,44.90793405270915,25.031498810550023,0.0003685533315894,9.917209989964715e-05
NL,northsea_to_lowcountries,2020-08-07,2020-08-20,14,4019.513264285714,1.4814050049202843,22353.017657481305,107518.0,0.2079002367741337,44.90793405270915,25.031498810550023,0.0003685533315894,9.917209989964715e-05
NL,northsea_to_lowcountries,2015-07-01,2015-07-04,4,2845.5021749999996,1.0487193066411338,4521.198476394518,56645.0,0.07981637349094392,44.90793405270915,25.031498810550023,0.0003685533315894,9.917209989964715e-05
NL,northsea_to_lowcountries,2016-09-08,2016-09-15,8,3174.1992499999997,1.1698617087160748,10086.925913435738,104387.0,0.09663009678825657,44.90793405270915,25.031498810550023,0.0003685533315894,9.917209989964715e-05
NL,northsea_to_lowcountries,2017-05-27,2017-05-29,3,3291.129833333334,1.212956864768267,3921.9398562091815,45366.0,0.08645108354735223,44.90793405270915,25.031498810550023,0.0003685533315894,9.917209989964715e-05
NL,northsea_to_lowcountries,2017-06-11,2017-06-22,12,3256.3542749999997,1.200140216886635,15521.99550161733,255862.0,0.06066549742289722,44.90793405270915,25.031498810550023,0.0003685533315894,9.917209989964715e-05
NL,northsea_to_lowcountries,2018-05-26,2018-05-29,4,3658.7617250000003,1.3484488232405303,5813.380879443744,93023.0,0.062494016312565105,44.90793405270915,25.031498810550023,0.0003685533315894,9.917209989964715e-05
NL,northsea_to_lowcountries,2018-07-24,2018-08-07,15,3687.772453333333,1.359140823819615,21973.03433439698,190281.0,0.11547676507059024,44.90793405270915,25.031498810550023,0.0003685533315894,9.917209989964715e-05
NL,northsea_to_lowcountries,2019-06-24,2019-06-29,6,3722.454816666667,1.3719231243735093,8871.873580044323,53358.0,0.16627072941347731,44.90793405270915,25.031498810550023,0.0003685533315894,9.917209989964715e-05
NL,northsea_to_lowcountries,2019-07-24,2019-07-27,4,4120.318875,1.5185572485919385,6546.745802402902,61701.0,0.10610437111882955,44.90793405270915,25.031498810550023,0.0003685533315894,9.917209989964715e-05
NL,northsea_to_lowcountries,2019-08-24,2019-08-31,8,4052.676825,1.4936275457089019,12878.539645824996,48770.0,0.26406683710939094,44.90793405270915,25.031498810550023,0.0003685533315894,9.917209989964715e-05
NL,northsea_to_lowcountries,2020-08-07,2020-08-21,15,4018.539086666666,1.4810459685132245,23943.857285888153,136542.0,0.17535891729935224,44.90793405270915,25.031498810550023,0.0003685533315894,9.917209989964715e-05
BE,northsea_to_lowcountries,2015-06-30,2015-07-03,4,2842.60045,1.0476498662250278,2107.9250291674434,32128.716,0.06560875414901247,20.958865261234656,8.505168508192915,0.0003685533315894,9.917209989964715e-05
BE,northsea_to_lowcountries,2016-08-24,2016-08-27,4,2979.913125,1.0982569100657302,2209.7489856276043,24199.845542857147,0.09131252435947204,20.958865261234656,8.505168508192915,0.0003685533315894,9.917209989964715e-05
BE,northsea_to_lowcountries,2016-09-12,2016-09-14,3,3302.777,1.2172494668468439,1836.8760646765961,18128.895,0.10132311233953288,20.958865261234656,8.505168508192915,0.0003685533315894,9.917209989964715e-05
BE,northsea_to_lowcountries,2017-05-26,2017-06-02,8,3331.9194875000003,1.2279900277057714,4941.5572863024145,73235.67190196078,0.06747473134291147,20.958865261234656,8.505168508192915,0.0003685533315894,9.917209989964715e-05
BE,northsea_to_lowcountries,2017-06-19,2017-06-22,4,3576.0713,1.3179729916162368,2651.828961526182,42234.888,0.06278764043428224,20.958865261234656,8.505168508192915,0.0003685533315894,9.917209989964715e-05
BE,northsea_to_lowcountries,2018-05-06,2018-05-08,3,4154.026466666667,1.530980293800544,2310.307898066716,19159.181428571428,0.12058489589860208,20.958865261234656,8.505168508192915,0.0003685533315894,9.917209989964715e-05
BE,northsea_to_lowcountries,2018-08-03,2018-08-07,5,3539.06672,1.3043348303731703,3280.4853558391965,38037.48885714285,0.08624347858923322,20.958865261234656,8.505168508192915,0.0003685533315894,9.917209989964715e-05
BE,northsea_to_lowcountries,2019-06-25,2019-06-29,5,3667.52178,1.3516773706956866,3399.554866688499,98691.13,0.0344464073588832,20.958865261234656,8.505168508192915,0.0003685533315894,9.917209989964715e-05
BE,northsea_to_lowcountries,2019-07-23,2019-07-25,3,3871.5569333333333,1.4268752062180405,2153.2093338038635,41528.619554815894,0.05184880588100755,20.958865261234656,8.505168508192915,0.0003685533315894,9.917209989964715e-05
BE,northsea_to_lowcountries,2019-08-25,2019-08-31,7,4014.9085571428564,1.4797079247617908,5210.183835538672,64156.53810526316,0.08121048905397918,20.958865261234656,8.505168508192915,0.0003685533315894,9.917209989964715e-05
BE,northsea_to_lowcountries,2020-08-06,2020-08-12,7,4138.658357142857,1.525316325835313,5370.775091462563,58053.97962406015,0.09251346981278567,20.958865261234656,8.505168508192915,0.0003685533315894,9.917209989964715e-05
BE,northsea_to_lowcountries,2020-09-14,2020-09-20,7,4088.4957714285715,1.506828737749174,5305.678641688526,156687.56500782608,0.03386151697120013,20.958865261234656,8.505168508192915,0.0003685533315894,9.917209989964715e-05
BE,northsea_to_lowcountries,2015-07-01,2015-07-04,4,2845.5021749999996,1.0487193066411338,2110.076797895708,36383.31,0.05799573479971196,20.958865261234656,8.505168508192915,0.0003685533315894,9.917209989964715e-05
BE,northsea_to_lowcountries,2016-08-24,2016-08-27,4,2979.913125,1.0982569100657302,2209.7489856276043,24199.845542857147,0.09131252435947204,20.958865261234656,8.505168508192915,0.0003685533315894,9.917209989964715e-05
BE,northsea_to_lowcountries,2016-09-08,2016-09-14,7,3141.7536,1.1579037563129913,4077.0826007589667,41618.205,0.09796392229696034,20.958865261234656,8.505168508192915,0.0003685533315894,9.917209989964715e-05
BE,northsea_to_lowcountries,2017-05-26,2017-05-29,4,3431.113875,1.2645484496938662,2544.3360550499438,44746.977,0.05686051272357334,20.958865261234656,8.505168508192915,0.0003685533315894,9.917209989964715e-05
BE,northsea_to_lowcountries,2017-06-19,2017-06-22,4,3576.0713,1.3179729916162368,2651.828961526182,42234.888,0.06278764043428224,20.958865261234656,8.505168508192915,0.0003685533315894,9.917209989964715e-05
BE,northsea_to_lowcountries,2018-05-06,2018-05-08,3,4154.026466666667,1.530980293800544,2310.307898066716,19159.181428571428,0.12058489589860208,20.958865261234656,8.505168508192915,0.0003685533315894,9.917209989964715e-05
BE,northsea_to_lowcountries,2018-07-25,2018-07-27,3,3995.9123999999997,1.472706827759395,2222.371006006282,20330.808376623376,0.10931050870370668,20.958865261234656,8.505168508192915,0.0003685533315894,9.917209989964715e-05
BE,northsea_to_lowcountries,2018-08-03,2018-08-07,5,3539.06672,1.3043348303731703,3280.4853558391965,38037.48885714285,0.08624347858923322,20.958865261234656,8.505168508192915,0.0003685533315894,9.917209989964715e-05
BE,northsea_to_lowcountries,2019-06-25,2019-06-29,5,3667.52178,1.3516773706956866,3399.554866688499,98691.13,0.0344464073588832,20.958865261234656,8.505168508192915,0.0003685533315894,9.917209989964715e-05
BE,northsea_to_lowcountries,2019-07-23,2019-07-26,4,3958.0814499999997,1.4587641050997031,2935.107871364182,55217.21955481589,0.053155662219652455,20.958865261234656,8.505168508192915,0.0003685533315894,9.917209989964715e-05
BE,northsea_to_lowcountries,2019-08-25,2019-08-31,7,4014.9085571428564,1.4797079247617908,5210.183835538672,64156.53810526316,0.08121048905397918,20.958865261234656,8.505168508192915,0.0003685533315894,9.917209989964715e-05
BE,northsea_to_lowcountries,2020-08-06,2020-08-13,8,4123.9406,1.5198920474067892,6116.200825578427,62100.49295739348,0.09848876448975519,20.958865261234656,8.505168508192915,0.0003685533315894,9.917209989964715e-05
BE,northsea_to_lowcountries,2020-09-14,2020-09-22,9,4149.8301,1.529433708884973,6923.922126590277,169001.0210078261,0.04096970589467412,20.958865261234656,8.505168508192915,0.0003685533315894,9.917209989964715e-05
BE,northsea_to_lowcountries,2015-07-01,2015-07-07,7,2783.1984428571423,1.0257570585894302,3611.78226893169,63918.47390909091,0.05650607794655119,20.958865261234656,8.505168508192915,0.0003685533315894,9.917209989964715e-05
BE,northsea_to_lowcountries,2016-08-25,2016-08-27,3,2898.4129,1.0682197306166945,1611.984485043913,17525.625542857146,0.0919787131764266,20.958865261234656,8.505168508192915,0.0003685533315894,9.917209989964715e-05
BE,northsea_to_lowcountries,2016-09-12,2016-09-14,3,3302.777,1.2172494668468439,1836.8760646765961,18128.895,0.10132311233953288,20.958865261234656,8.505168508192915,0.0003685533315894,9.917209989964715e-05
BE,northsea_to_lowcountries,2017-05-27,2017-05-29,3,3291.129833333334,1.212956864768267,1830.3983637384765,29460.406999999996,0.062130790105461776,20.958865261234656,8.505168508192915,0.0003685533315894,9.917209989964715e-05
BE,northsea_to_lowcountries,2017-06-15,2017-06-22,8,3353.492325,1.2359407688382331,4973.551880629881,83565.69200000001,0.05951667199297387,20.958865261234656,8.505168508192915,0.0003685533315894,9.917209989964715e-05
BE,northsea_to_lowcountries,2018-05-06,2018-05-09,4,3949.023825,1.455425887229666,2928.3912065433096,28396.848095238092,0.10312381137237465,20.958865261234656,8.505168508192915,0.0003685533315894,9.917209989964715e-05
BE,northsea_to_lowcountries,2018-07-25,2018-07-27,3,3995.9123999999997,1.472706827759395,2222.371006006282,20330.808376623376,0.10931050870370668,20.958865261234656,8.505168508192915,0.0003685533315894,9.917209989964715e-05
BE,northsea_to_lowcountries,2018-08-03,2018-08-07,5,3539.06672,1.3043348303731703,3280.4853558391965,38037.48885714285,0.08624347858923322,20.958865261234656,8.505168508192915,0.0003685533315894,9.917209989964715e-05
BE,northsea_to_lowcountries,2019-06-02,2019-06-04,3,3763.2147333333337,1.3869453274563157,2092.953617485625,54384.009999999995,0.03848472404821978,20.958865261234656,8.505168508192915,0.0003685533315894,9.917209989964715e-05
BE,northsea_to_lowcountries,2019-06-25,2019-06-30,6,3648.6386666666663,1.3447179363659063,4058.4617341428316,120945.43000000001,0.03355613960893629,20.958865261234656,8.505168508192915,0.0003685533315894,9.917209989964715e-05
BE,northsea_to_lowcountries,2019-07-23,2019-07-26,4,3958.0814499999997,1.4587641050997031,2935.107871364182,55217.21955481589,0.053155662219652455,20.958865261234656,8.505168508192915,0.0003685533315894,9.917209989964715e-05
BE,northsea_to_lowcountries,2019-08-26,2019-08-31,6,3943.12015,1.4532500681397948,4386.020021139174,59122.73010526315,0.0741850048759627,20.958865261234656,8.505168508192915,0.0003685533315894,9.917209989964715e-05
BE,northsea_to_lowcountries,2020-08-08,2020-08-12,5,4138.10364,1.5251118829842232,3835.7537356529056,47904.60839598998,0.08007066259566774,20.958865261234656,8.505168508192915,0.0003685533315894,9.917209989964715e-05
BE,northsea_to_lowcountries,2020-09-14,2020-09-22,9,4149.8301,1.529433708884973,6923.922126590277,169001.0210078261,0.04096970589467412,20.958865261234656,8.505168508192915,0.0003685533315894,9.917209989964715e-05
BE,northsea_to_lowcountries,2015-07-01,2015-07-04,4,2845.5021749999996,1.0487193066411338,2110.076797895708,36383.31,0.05799573479971196,20.958865261234656,8.505168508192915,0.0003685533315894,9.917209989964715e-05
BE,northsea_to_lowcountries,2016-08-24,2016-08-27,4,2979.913125,1.0982569100657302,2209.7489856276043,24199.845542857147,0.09131252435947204,20.958865261234656,8.505168508192915,0.0003685533315894,9.917209989964715e-05
BE,northsea_to_lowcountries,2016-09-07,2016-09-15,9,3165.0039111111114,1.1664727359334814,5280.756099120056,54203.333823529414,0.09742493176365666,20.958865261234656,8.505168508192915,0.0003685533315894,9.917209989964715e-05
BE,northsea_to_lowcountries,2017-05-26,2017-06-02,8,3331.9194875000003,1.2279900277057714,4941.5572863024145,73235.67190196078,0.06747473134291147,20.958865261234656,8.505168508192915,0.0003685533315894,9.917209989964715e-05
BE,northsea_to_lowcountries,2017-06-19,2017-06-21,3,3610.9733333333334,1.330836252280481,2008.2828741345427,20911.557999999997,0.09603697984313474,20.958865261234656,8.505168508192915,0.0003685533315894,9.917209989964715e-05
BE,northsea_to_lowcountries,2018-05-26,2018-05-28,3,3769.1928000000003,1.3891485638427792,2096.2783855741272,37061.13144927536,0.05656271958246204,20.958865261234656,8.505168508192915,0.0003685533315894,9.917209989964715e-05
BE,northsea_to_lowcountries,2018-08-03,2018-08-07,5,3539.06672,1.3043348303731703,3280.4853558391965,38037.48885714285,0.08624347858923322,20.958865261234656,8.505168508192915,0.0003685533315894,9.917209989964715e-05
BE,northsea_to_lowcountries,2019-06-25,2019-06-29,5,3667.52178,1.3516773706956866,3399.554866688499,98691.13,0.0344464073588832,20.958865261234656,8.505168508192915,0.0003685533315894,9.917209989964715e-05
BE,northsea_to_lowcountries,2019-07-23,2019-07-25,3,3871.5569333333333,1.4268752062180405,2153.2093338038635,41528.619554815894,0.05184880588100755,20.958865261234656,8.505168508192915,0.0003685533315894,9.917209989964715e-05
BE,northsea_to_lowcountries,2019-08-25,2019-08-31,7,4014.9085571428564,1.4797079247617908,5210.183835538672,64156.53810526316,0.08121048905397918,20.958865261234656,8.505168508192915,0.0003685533315894,9.917209989964715e-05
BE,northsea_to_lowcountries,2020-08-07,2020-08-13,7,4157.594357142857,1.5322952517222899,5395.348513174555,56573.79962406015,0.09536832507321956,20.958865261234656,8.505168508192915,0.0003685533315894,9.917209989964715e-05
BE,northsea_to_lowcountries,2020-09-14,2020-09-19,6,4081.4497333333334,1.5042318969346682,4539.887085528738,140827.44500782609,0.032237232488855044,20.958865261234656,8.505168508192915,0.0003685533315894,9.917209989964715e-05
BE,northsea_to_lowcountries,2015-07-01,2015-07-04,4,2845.5021749999996,1.0487193066411338,2110.076797895708,36383.31,0.05799573479971196,20.958865261234656,8.505168508192915,0.0003685533315894,9.917209989964715e-05
BE,northsea_to_lowcountries,2016-08-24,2016-08-27,4,2979.913125,1.0982569100657302,2209.7489856276043,24199.845542857147,0.09131252435947204,20.958865261234656,8.505168508192915,0.0003685533315894,9.917209989964715e-05
BE,northsea_to_lowcountries,2016-09-08,2016-09-15,8,3174.1992499999997,1.1698617087160748,4707.642994033527,49433.715,0.09523142240136166,20.958865261234656,8.505168508192915,0.0003685533315894,9.917209989964715e-05
BE,northsea_to_lowcountries,2017-05-26,2017-05-29,4,3431.113875,1.2645484496938662,2544.3360550499438,44746.977,0.05686051272357334,20.958865261234656,8.505168508192915,0.0003685533315894,9.917209989964715e-05
BE,northsea_to_lowcountries,2017-06-19,2017-06-22,4,3576.0713,1.3179729916162368,2651.828961526182,42234.888,0.06278764043428224,20.958865261234656,8.505168508192915,0.0003685533315894,9.917209989964715e-05
BE,northsea_to_lowcountries,2018-05-26,2018-05-28,3,3769.1928000000003,1.3891485638427792,2096.2783855741272,37061.13144927536,0.05656271958246204,20.958865261234656,8.505168508192915,0.0003685533315894,9.917209989964715e-05
BE,northsea_to_lowcountries,2018-08-03,2018-08-07,5,3539.06672,1.3043348303731703,3280.4853558391965,38037.48885714285,0.08624347858923322,20.958865261234656,8.505168508192915,0.0003685533315894,9.917209989964715e-05
BE,northsea_to_lowcountries,2019-06-25,2019-06-29,5,3667.52178,1.3516773706956866,3399.554866688499,98691.13,0.0344464073588832,20.958865261234656,8.505168508192915,0.0003685533315894,9.917209989964715e-05
BE,northsea_to_lowcountries,2019-07-23,2019-07-26,4,3958.0814499999997,1.4587641050997031,2935.107871364182,55217.21955481589,0.053155662219652455,20.958865261234656,8.505168508192915,0.0003685533315894,9.917209989964715e-05
BE,northsea_to_lowcountries,2019-08-25,2019-08-31,7,4014.9085571428564,1.4797079247617908,5210.183835538672,64156.53810526316,0.08121048905397918,20.958865261234656,8.505168508192915,0.0003685533315894,9.917209989964715e-05
BE,northsea_to_lowcountries,2020-08-06,2020-08-13,8,4123.9406,1.5198920474067892,6116.200825578427,62100.49295739348,0.09848876448975519,20.958865261234656,8.505168508192915,0.0003685533315894,9.917209989964715e-05
BE,northsea_to_lowcountries,2020-09-14,2020-09-19,6,4081.4497333333334,1.5042318969346682,4539.887085528738,140827.44500782609,0.032237232488855044,20.958865261234656,8.505168508192915,0.0003685533315894,9.917209989964715e-05
BE,northsea_to_lowcountries,2015-07-01,2015-07-04,4,2845.5021749999996,1.0487193066411338,2110.076797895708,36383.31,0.05799573479971196,20.958865261234656,8.505168508192915,0.0003685533315894,9.917209989964715e-05
BE,northsea_to_lowcountries,2015-08-03,2015-08-06,4,2781.0468499999997,1.0249640818737062,2062.280072601225,41685.5007204969,0.04947235938051705,20.958865261234656,8.505168508192915,0.0003685533315894,9.917209989964715e-05
BE,northsea_to_lowcountries,2016-08-24,2016-08-27,4,2979.913125,1.0982569100657302,2209.7489856276043,24199.845542857147,0.09131252435947204,20.958865261234656,8.505168508192915,0.0003685533315894,9.917209989964715e-05
BE,northsea_to_lowcountries,2016-09-08,2016-09-15,8,3174.1992499999997,1.1698617087160748,4707.642994033527,49433.715,0.09523142240136166,20.958865261234656,8.505168508192915,0.0003685533315894,9.917209989964715e-05
BE,northsea_to_lowcountries,2017-05-27,2017-05-29,3,3291.129833333334,1.212956864768267,1830.3983637384765,29460.406999999996,0.062130790105461776,20.958865261234656,8.505168508192915,0.0003685533315894,9.917209989964715e-05
BE,northsea_to_lowcountries,2017-06-15,2017-06-22,8,3353.492325,1.2359407688382331,4973.551880629881,83565.69200000001,0.05951667199297387,20.958865261234656,8.505168508192915,0.0003685533315894,9.917209989964715e-05
BE,northsea_to_lowcountries,2018-05-26,2018-05-28,3,3769.1928000000003,1.3891485638427792,2096.2783855741272,37061.13144927536,0.05656271958246204,20.958865261234656,8.505168508192915,0.0003685533315894,9.917209989964715e-05
BE,northsea_to_lowcountries,2018-07-25,2018-07-27,3,3995.9123999999997,1.472706827759395,2222.371006006282,20330.808376623376,0.10931050870370668,20.958865261234656,8.505168508192915,0.0003685533315894,9.917209989964715e-05
BE,northsea_to_lowcountries,2018-08-03,2018-08-07,5,3539.06672,1.3043348303731703,3280.4853558391965,38037.48885714285,0.08624347858923322,20.958865261234656,8.505168508192915,0.0003685533315894,9.917209989964715e-05
BE,northsea_to_lowcountries,2019-06-02,2019-06-04,3,3763.2147333333337,1.3869453274563157,2092.953617485625,54384.009999999995,0.03848472404821978,20.958865261234656,8.505168508192915,0.0003685533315894,9.917209989964715e-05
BE,northsea_to_lowcountries,2019-06-25,2019-06-29,5,3667.52178,1.3516773706956866,3399.554866688499,98691.13,0.0344464073588832,20.958865261234656,8.505168508192915,0.0003685533315894,9.917209989964715e-05
BE,northsea_to_lowcountries,2019-07-23,2019-07-26,4,3958.0814499999997,1.4587641050997031,2935.107871364182,55217.21955481589,0.053155662219652455,20.958865261234656,8.505168508192915,0.0003685533315894,9.917209989964715e-05
BE,northsea_to_lowcountries,2019-08-25,2019-08-31,7,4014.9085571428564,1.4797079247617908,5210.183835538672,64156.53810526316,0.08121048905397918,20.958865261234656,8.505168508192915,0.0003685533315894,9.917209989964715e-05
BE,northsea_to_lowcountries,2020-08-06,2020-08-20,15,4010.7699999999995,1.4781826457388176,11153.171125272685,136500.1362907268,0.08170813178909904,20.958865261234656,8.505168508192915,0.0003685533315894,9.917209989964715e-05
BE,northsea_to_lowcountries,2020-09-14,2020-09-16,3,3907.122566666667,1.4399830388731278,2172.9895552947683,38525.42500782609,0.05640403849803981,20.958865261234656,8.505168508192915,0.0003685533315894,9.917209989964715e-05
DK,northsea_to_denmark_germany,2016-05-07,2016-05-11,5,3117.78148,1.5707638026821347,7825.950659781838,162897.23,0.048042257439134095,41.51881739751255,8.201728383909531,0.0005038081766661,8.009783744532679e-05
DK,northsea_to_denmark_germany,2016-06-01,2016-06-04,4,2665.346,1.3428231084442828,5352.233033919203,64408.03999999999,0.08309883415050673,41.51881739751255,8.201728383909531,0.0005038081766661,8.009783744532679e-05
DK,northsea_to_denmark_germany,2016-09-08,2016-09-16,9,3315.2814555555556,1.6702659052583784,14979.05246715414,163963.85,0.09135582304974017,41.51881739751255,8.201728383909531,0.0005038081766661,8.009783744532679e-05
DK,northsea_to_denmark_germany,2018-05-07,2018-05-15,9,3660.445488888889,1.844162367542762,16538.56716730443,229802.55999999997,0.07196859411533289,41.51881739751255,8.201728383909531,0.0005038081766661,8.009783744532679e-05
DK,northsea_to_denmark_germany,2018-05-23,2018-06-08,17,3487.323847058823,1.7569422688309149,29762.03541692536,370969.24,0.08022777149104157,41.51881739751255,8.201728383909531,0.0005038081766661,8.009783744532679e-05
DK,northsea_to_denmark_germany,2018-07-26,2018-07-28,3,3564.7265666666667,1.7959383918655398,5368.697146731434,83863.72,0.06401692110404159,41.51881739751255,8.201728383909531,0.0005038081766661,8.009783744532679e-05
DK,northsea_to_denmark_germany,2019-07-24,2019-07-26,3,3938.286066666667,1.9841407224368401,5931.300696899313,55963.97,0.10598427339767556,41.51881739751255,8.201728383909531,0.0005038081766661,8.009783744532679e-05
DK,northsea_to_denmark_germany,2019-08-25,2019-08-31,7,4147.516028571428,2.089552488047995,14574.9656965555,126033.26999999999,0.11564379545619582,41.51881739751255,8.201728383909531,0.0005038081766661,8.009783744532679e-05
DK,northsea_to_denmark_germany,2020-06-24,2020-06-27,4,3971.569775,2.0009093268449427,7975.237341144473,69056.08,0.11548928553639988,41.51881739751255,8.201728383909531,0.0005038081766661,8.009783744532679e-05
DK,northsea_to_denmark_germany,2020-08-07,2020-08-21,15,3953.229073333333,1.9916691313794823,29769.02891352258,251382.69999999998,0.11842115194690239,41.51881739751255,8.201728383909531,0.0005038081766661,8.009783744532679e-05
DK,northsea_to_denmark_germany,2016-05-08,2016-05-11,4,3076.463,1.54994721461072,6177.789636403746,118402.65000000001,0.05217610954149882,41.51881739751255,8.201728383909531,0.0005038081766661,8.009783744532679e-05
DK,northsea_to_denmark_germany,2016-09-08,2016-09-16,9,3315.2814555555556,1.6702659052583784,14979.05246715414,163963.85,0.09135582304974017,41.51881739751255,8.201728383909531,0.0005038081766661,8.009783744532679e-05
DK,northsea_to_denmark_germany,2018-05-08,2018-05-16,9,3534.7475222222224,1.7808347041457924,15970.640593661807,242634.06,0.06582192373841417,41.51881739751255,8.201728383909531,0.0005038081766661,8.009783744532679e-05
DK,northsea_to_denmark_germany,2018-05-24,2018-06-08,16,3512.0119937500003,1.769380359000662,28209.630732323974,365891.88,0.07709826939128568,41.51881739751255,8.201728383909531,0.0005038081766661,8.009783744532679e-05
DK,northsea_to_denmark_germany,2018-07-24,2018-08-08,16,3744.22760625,1.8863724833276885,30074.86259672624,338833.8,0.08875992476761835,41.51881739751255,8.201728383909531,0.0005038081766661,8.009783744532679e-05
DK,northsea_to_denmark_germany,2019-06-25,2019-06-30,6,3918.23065,1.9740366395337277,11802.19201528322,244161.99,0.04833754842546631,41.51881739751255,8.201728383909531,0.0005038081766661,8.009783744532679e-05
DK,northsea_to_denmark_germany,2019-08-25,2019-08-31,7,4147.516028571428,2.089552488047995,14574.9656965555,126033.26999999999,0.11564379545619582,41.51881739751255,8.201728383909531,0.0005038081766661,8.009783744532679e-05
DK,northsea_to_denmark_germany,2020-06-25,2020-06-27,3,4019.9891000000002,2.025303378688596,6054.350483112266,65166.5,0.0929058716228778,41.51881739751255,8.201728383909531,0.0005038081766661,8.009783744532679e-05
DK,northsea_to_denmark_germany,2020-08-06,2020-08-17,12,3784.092633333333,1.9064568099352872,22796.303664368876,177280.56000000003,0.1285888518423502,41.51881739751255,8.201728383909531,0.0005038081766661,8.009783744532679e-05
DK,northsea_to_denmark_germany,2016-05-08,2016-05-10,3,3112.346266666667,1.5680254977628767,4687.384630770763,86967.3,0.053898242566697625,41.51881739751255,8.201728383909531,0.0005038081766661,8.009783744532679e-05
DK,northsea_to_denmark_germany,2016-09-08,2016-09-16,9,3315.2814555555556,1.6702659052583784,14979.05246715414,163963.85,0.09135582304974017,41.51881739751255,8.201728383909531,0.0005038081766661,8.009783744532679e-05
DK,northsea_to_denmark_germany,2018-05-08,2018-05-16,9,3534.7475222222224,1.7808347041457924,15970.640593661807,242634.06,0.06582192373841417,41.51881739751255,8.201728383909531,0.0005038081766661,8.009783744532679e-05
DK,northsea_to_denmark_germany,2018-05-23,2018-06-09,18,3473.2158777777777,1.74983455855097,31385.258573328592,375269.02999999997,0.08363402269920488,41.51881739751255,8.201728383909531,0.0005038081766661,8.009783744532679e-05
DK,northsea_to_denmark_germany,2018-07-24,2018-08-08,16,3744.22760625,1.8863724833276885,30074.86259672624,338833.8,0.08875992476761835,41.51881739751255,8.201728383909531,0.0005038081766661,8.009783744532679e-05
DK,northsea_to_denmark_germany,2019-06-25,2019-06-30,6,3918.23065,1.9740366395337277,11802.19201528322,244161.99,0.04833754842546631,41.51881739751255,8.201728383909531,0.0005038081766661,8.009783744532679e-05
DK,northsea_to_denmark_germany,2019-07-26,2019-07-29,4,3766.22345,1.8974541692616085,7562.885104677273,121531.59000000001,0.06222978819479999,41.51881739751255,8.201728383909531,0.0005038081766661,8.009783744532679e-05
DK,northsea_to_denmark_germany,2019-08-25,2019-08-31,7,4147.516028571428,2.089552488047995,14574.9656965555,126033.26999999999,0.11564379545619582,41.51881739751255,8.201728383909531,0.0005038081766661,8.009783744532679e-05
DK,northsea_to_denmark_germany,2020-06-25,2020-06-27,3,4019.9891000000002,2.025303378688596,6054.350483112266,65166.5,0.0929058716228778,41.51881739751255,8.201728383909531,0.0005038081766661,8.009783744532679e-05
DK,northsea_to_denmark_germany,2020-08-06,2020-08-17,12,3784.092633333333,1.9064568099352872,22796.303664368876,177280.56000000003,0.1285888518423502,41.51881739751255,8.201728383909531,0.0005038081766661,8.009783744532679e-05
DK,northsea_to_denmark_germany,2020-09-23,2020-09-27,5,4002.6729399999995,2.016579355692137,10047.118804389043,252600.25,0.03977477775413541,41.51881739751255,8.201728383909531,0.0005038081766661,8.009783744532679e-05
DK,northsea_to_denmark_germany,2016-05-07,2016-05-10,4,3155.02355,1.5895266620641058,6335.545654148856,131461.88,0.04819302488408697,41.51881739751255,8.201728383909531,0.0005038081766661,8.009783744532679e-05
DK,northsea_to_denmark_germany,2016-09-08,2016-09-16,9,3315.2814555555556,1.6702659052583784,14979.05246715414,163963.85,0.09135582304974017,41.51881739751255,8.201728383909531,0.0005038081766661,8.009783744532679e-05
DK,northsea_to_denmark_germany,2018-05-08,2018-05-15,8,3584.1037125000003,1.8057007563768248,14394.347515883459,211030.68,0.06820973858342995,41.51881739751255,8.201728383909531,0.0005038081766661,8.009783744532679e-05
DK,northsea_to_denmark_germany,2018-05-24,2018-06-09,17,3495.6219000000006,1.7611228957530882,29832.85388872721,370191.67,0.080587588285623,41.51881739751255,8.201728383909531,0.0005038081766661,8.009783744532679e-05
DK,northsea_to_denmark_germany,2019-08-25,2019-08-31,7,4147.516028571428,2.089552488047995,14574.9656965555,126033.26999999999,0.11564379545619582,41.51881739751255,8.201728383909531,0.0005038081766661,8.009783744532679e-05
DK,northsea_to_denmark_germany,2020-06-16,2020-06-18,3,3487.4355333333333,1.7569985372892345,5252.2921034934025,21525.77,0.24400019620637972,41.51881739751255,8.201728383909531,0.0005038081766661,8.009783744532679e-05
DK,northsea_to_denmark_germany,2020-06-24,2020-06-27,4,3971.569775,2.0009093268449427,7975.237341144473,69056.08,0.11548928553639988,41.51881739751255,8.201728383909531,0.0005038081766661,8.009783744532679e-05
DK,northsea_to_denmark_germany,2020-08-08,2020-08-21,14,3929.1358642857135,1.979530775659166,27615.093007269366,239633.71,0.11523876589512122,41.51881739751255,8.201728383909531,0.0005038081766661,8.009783744532679e-05
DK,northsea_to_denmark_germany,2016-09-07,2016-09-16,10,3328.2458099999994,1.6767974530326866,16708.47534361878,174377.16999999998,0.09581802103806811,41.51881739751255,8.201728383909531,0.0005038081766661,8.009783744532679e-05
DK,northsea_to_denmark_germany,2016-09-25,2016-09-29,5,3256.8426,1.6408239319944802,8175.008305673684,230297.71000000002,0.035497566630921705,41.51881739751255,8.201728383909531,0.0005038081766661,8.009783744532679e-05
DK,northsea_to_denmark_germany,2018-05-07,2018-05-16,10,3608.3907400000003,1.8179367594182392,18114.86024508278,261405.93999999997,0.06929781413950571,41.51881739751255,8.201728383909531,0.0005038081766661,8.009783744532679e-05
DK,northsea_to_denmark_germany,2018-05-23,2018-06-09,18,3473.2158777777777,1.74983455855097,31385.258573328592,375269.02999999997,0.08363402269920488,41.51881739751255,8.201728383909531,0.0005038081766661,8.009783744532679e-05
DK,northsea_to_denmark_germany,2018-06-26,2018-06-28,3,3344.4929333333334,1.684982886615323,5037.011768686692,20736.84,0.24290160741398845,41.51881739751255,8.201728383909531,0.0005038081766661,8.009783744532679e-05
DK,northsea_to_denmark_germany,2018-07-12,2018-07-17,6,3440.512283333333,1.7333582202634867,10363.245614149975,92440.27,0.11210747885256041,41.51881739751255,8.201728383909531,0.0005038081766661,8.009783744532679e-05
DK,northsea_to_denmark_germany,2018-07-25,2018-08-08,15,3698.57354,1.8633715914528826,27851.394545728053,335173.51,0.08309545269770291,41.51881739751255,8.201728383909531,0.0005038081766661,8.009783744532679e-05
DK,northsea_to_denmark_germany,2019-08-26,2019-08-31,6,4167.274483333334,2.0995069591153306,12552.342632685542,112149.63999999998,0.11192494806657911,41.51881739751255,8.201728383909531,0.0005038081766661,8.009783744532679e-05
DK,northsea_to_denmark_germany,2020-06-16,2020-06-27,12,3777.7543500000006,1.9032635309659278,22758.120288437567,192108.88999999998,0.11846469098039955,41.51881739751255,8.201728383909531,0.0005038081766661,8.009783744532679e-05
DK,northsea_to_denmark_germany,2020-08-14,2020-08-21,8,4043.7066499999996,2.037252474309083,16240.188186906134,143662.43999999997,0.11304407879266241,41.51881739751255,8.201728383909531,0.0005038081766661,8.009783744532679e-05
DK,northsea_to_denmark_germany,2016-05-30,2016-06-02,4,2680.615475,1.3505159948026815,5382.895390140724,141662.66,0.03799798330866245,41.51881739751255,8.201728383909531,0.0005038081766661,8.009783744532679e-05
DK,northsea_to_denmark_germany,2016-09-08,2016-09-16,9,3315.2814555555556,1.6702659052583784,14979.05246715414,163963.85,0.09135582304974017,41.51881739751255,8.201728383909531,0.0005038081766661,8.009783744532679e-05
DK,northsea_to_denmark_germany,2018-05-08,2018-05-16,9,3534.7475222222224,1.7808347041457924,15970.640593661807,242634.06,0.06582192373841417,41.51881739751255,8.201728383909531,0.0005038081766661,8.009783744532679e-05
DK,northsea_to_denmark_germany,2018-05-23,2018-06-03,12,3387.133816666667,1.7064657122989215,20404.92623156787,288736.29,0.07066976662880815,41.51881739751255,8.201728383909531,0.0005038081766661,8.009783744532679e-05
DK,northsea_to_denmark_germany,2018-07-25,2018-07-31,7,3773.0334857142852,1.9008851209378534,13258.980374617706,146552.91,0.09047231047556617,41.51881739751255,8.201728383909531,0.0005038081766661,8.009783744532679e-05
DK,northsea_to_denmark_germany,2019-06-25,2019-06-30,6,3918.23065,1.9740366395337277,11802.19201528322,244161.99,0.04833754842546631,41.51881739751255,8.201728383909531,0.0005038081766661,8.009783744532679e-05
DK,northsea_to_denmark_germany,2019-07-26,2019-07-29,4,3766.22345,1.8974541692616085,7562.885104677273,121531.59000000001,0.06222978819479999,41.51881739751255,8.201728383909531,0.0005038081766661,8.009783744532679e-05
DK,northsea_to_denmark_germany,2019-08-26,2019-08-31,6,4167.274483333334,2.0995069591153306,12552.342632685542,112149.63999999998,0.11192494806657911,41.51881739751255,8.201728383909531,0.0005038081766661,8.009783744532679e-05
DK,northsea_to_denmark_germany,2020-06-13,2020-06-19,7,3551.73,1.7893906153102872,12481.288211261593,151965.65,0.08213229905088153,41.51881739751255,8.201728383909531,0.0005038081766661,8.009783744532679e-05
DK,northsea_to_denmark_germany,2020-06-25,2020-06-27,3,4019.9891000000002,2.025303378688596,6054.350483112266,65166.5,0.0929058716228778,41.51881739751255,8.201728383909531,0.0005038081766661,8.009783744532679e-05
DK,northsea_to_denmark_germany,2020-08-16,2020-08-18,3,3905.1428666666666,1.96744290727596,5881.385002119969,41775.88,0.14078422769598076,41.51881739751255,8.201728383909531,0.0005038081766661,8.009783744532679e-05
IE,uk_offshore_to_continent,2016-05-08,2016-05-13,6,3395.4733499999998,1.876022694441327,24092.678064643405,73617.0,0.3272705769678662,89.18349699795387,18.95475404735496,0.0005525069706235,5.651348887382973e-05
IE,uk_offshore_to_continent,2016-09-05,2016-09-07,3,2826.7070333333336,1.561775339827141,10028.490215828559,51823.0,0.19351427389052273,89.18349699795387,18.95475404735496,0.0005525069706235,5.651348887382973e-05
IE,uk_offshore_to_continent,2018-06-05,2018-06-08,4,3269.79705,1.806585662649157,15467.292194056088,10320.0,1.4987686234550472,89.18349699795387,18.95475404735496,0.0005525069706235,5.651348887382973e-05
IE,uk_offshore_to_continent,2018-06-26,2018-07-07,12,3290.5752666666663,1.8180657721946154,46696.74144094113,97560.0,0.4786463862335089,89.18349699795387,18.95475404735496,0.0005525069706235,5.651348887382973e-05
IE,uk_offshore_to_continent,2019-06-26,2019-06-28,3,3242.995733333333,1.7917777483689357,11505.384391871628,96325.0,0.11944338844403456,89.18349699795387,18.95475404735496,0.0005525069706235,5.651348887382973e-05
IE,uk_offshore_to_continent,2020-05-28,2020-06-01,5,4501.664699999999,2.4872011261597464,26618.075300181026,126210.0,0.21090306077316398,89.18349699795387,18.95475404735496,0.0005525069706235,5.651348887382973e-05
IE,uk_offshore_to_continent,2020-08-12,2020-08-19,8,4229.9394125,2.3370710107213224,40018.207769984656,65120.0,0.6145302175980445,89.18349699795387,18.95475404735496,0.0005525069706235,5.651348887382973e-05
IE,uk_offshore_to_continent,2020-09-14,2020-09-18,5,4263.5127999999995,2.355620541342516,25209.897297256648,68390.0,0.368619641720378,89.18349699795387,18.95475404735496,0.0005525069706235,5.651348887382973e-05
IE,uk_offshore_to_continent,2016-05-09,2016-05-13,5,3330.06518,1.8398842245806002,19690.477106336,55228.0,0.3565306928792641,89.18349699795387,18.95475404735496,0.0005525069706235,5.651348887382973e-05
IE,uk_offshore_to_continent,2017-06-18,2017-06-21,4,3423.933625,1.8917471947646889,16196.41250545769,26282.0,0.6162549465587737,89.18349699795387,18.95475404735496,0.0005525069706235,5.651348887382973e-05
IE,uk_offshore_to_continent,2018-05-28,2018-05-30,3,3924.5795999999996,2.168357585766787,13923.483281332037,14155.0,0.9836441738842838,89.18349699795387,18.95475404735496,0.0005525069706235,5.651348887382973e-05
IE,uk_offshore_to_continent,2018-06-24,2018-07-04,11,3289.1496636363636,1.8172781165830312,42786.801408048734,91928.0,0.46543818431869216,89.18349699795387,18.95475404735496,0.0005525069706235,5.651348887382973e-05
IE,uk_offshore_to_continent,2020-05-28,2020-06-02,6,4388.315233333334,2.424574755709958,31137.415984393025,138757.0,0.22440248768994014,89.18349699795387,18.95475404735496,0.0005525069706235,5.651348887382973e-05
IE,uk_offshore_to_continent,2020-08-11,2020-08-18,8,4277.5485,2.3633753634300962,40468.62328886517,40095.882352941175,1.0092962397645466,89.18349699795387,18.95475404735496,0.0005525069706235,5.651348887382973e-05
IE,uk_offshore_to_continent,2016-05-09,2016-05-13,5,3330.06518,1.8398842245806002,19690.477106336,55228.0,0.3565306928792641,89.18349699795387,18.95475404735496,0.0005525069706235,5.651348887382973e-05
IE,uk_offshore_to_continent,2017-06-17,2017-06-21,5,3159.59066,1.745695863966905,18682.471421211954,37230.0,0.5018122863607831,89.18349699795387,18.95475404735496,0.0005525069706235,5.651348887382973e-05
IE,uk_offshore_to_continent,2018-05-25,2018-05-29,5,3998.11564,2.208986760458836,23640.61969438805,73091.0,0.3234409119370107,89.18349699795387,18.95475404735496,0.0005525069706235,5.651348887382973e-05
IE,uk_offshore_to_continent,2018-06-25,2018-07-08,14,3209.9474071428567,1.7735183177812583,53144.63803140611,102146.0,0.5202811469015538,89.18349699795387,18.95475404735496,0.0005525069706235,5.651348887382973e-05
IE,uk_offshore_to_continent,2018-08-18,2018-08-21,4,2993.73685,1.6540604778374393,14161.430175326343,68818.0,0.20578090289352122,89.18349699795387,18.95475404735496,0.0005525069706235,5.651348887382973e-05
IE,uk_offshore_to_continent,2020-05-28,2020-06-02,6,4388.315233333334,2.424574755709958,31137.415984393025,138757.0,0.22440248768994014,89.18349699795387,18.95475404735496,0.0005525069706235,5.651348887382973e-05
IE,uk_offshore_to_continent,2020-08-11,2020-08-18,8,4277.5485,2.3633753634300962,40468.62328886517,40095.882352941175,1.0092962397645466,89.18349699795387,18.95475404735496,0.0005525069706235,5.651348887382973e-05
IE,uk_offshore_to_continent,2020-09-14,2020-09-16,3,3897.3903000000005,2.1533353079904143,13827.022054254085,30147.0,0.4586533338061527,89.18349699795387,18.95475404735496,0.0005525069706235,5.651348887382973e-05
IE,uk_offshore_to_continent,2016-05-08,2016-05-12,5,3556.78892,1.9651506713364302,21031.081079719148,67985.0,0.3093488428288468,89.18349699795387,18.95475404735496,0.0005525069706235,5.651348887382973e-05
IE,uk_offshore_to_continent,2016-09-05,2016-09-14,10,3050.2877099999996,1.685305222182193,36072.33917354918,182358.0,0.19781056588440968,89.18349699795387,18.95475404735496,0.0005525069706235,5.651348887382973e-05
IE,uk_offshore_to_continent,2017-06-19,2017-06-21,3,3547.2717666666667,1.959892377779271,12584.8840312793,24571.0,0.5121844463505474,89.18349699795387,18.95475404735496,0.0005525069706235,5.651348887382973e-05
IE,uk_offshore_to_continent,2018-06-25,2018-07-08,14,3209.9474071428567,1.7735183177812583,53144.63803140611,102146.0,0.5202811469015538,89.18349699795387,18.95475404735496,0.0005525069706235,5.651348887382973e-05
IE,uk_offshore_to_continent,2018-07-22,2018-07-26,5,3428.1609,1.8940827936689313,20270.511257165905,70517.0,0.2874556668202831,89.18349699795387,18.95475404735496,0.0005525069706235,5.651348887382973e-05
IE,uk_offshore_to_continent,2018-08-14,2018-08-21,8,2860.78945,1.5806061126111688,27065.084255809095,206265.0,0.13121510802030928,89.18349699795387,18.95475404735496,0.0005525069706235,5.651348887382973e-05
IE,uk_offshore_to_continent,2019-09-20,2019-09-22,3,4060.4628,2.2434340009574143,14405.564843243508,103442.0,0.1392622420607056,89.18349699795387,18.95475404735496,0.0005525069706235,5.651348887382973e-05
IE,uk_offshore_to_continent,2020-05-28,2020-06-02,6,4388.315233333334,2.424574755709958,31137.415984393025,138757.0,0.22440248768994014,89.18349699795387,18.95475404735496,0.0005525069706235,5.651348887382973e-05
IE,uk_offshore_to_continent,2016-05-08,2016-05-12,5,3556.78892,1.9651506713364302,21031.081079719148,67985.0,0.3093488428288468,89.18349699795387,18.95475404735496,0.0005525069706235,5.651348887382973e-05
IE,uk_offshore_to_continent,2016-06-05,2016-06-08,4,2365.6610499999997,1.307044220257508,11190.41033217873,14071.0,0.7952818088393667,89.18349699795387,18.95475404735496,0.0005525069706235,5.651348887382973e-05
IE,uk_offshore_to_continent,2016-08-15,2016-08-19,5,3203.01122,1.769686026035281,18939.214606828606,97592.0,0.19406523697463526,89.18349699795387,18.95475404735496,0.0005525069706235,5.651348887382973e-05
IE,uk_offshore_to_continent,2018-06-26,2018-07-07,12,3290.5752666666663,1.8180657721946154,46696.74144094113,97560.0,0.4786463862335089,89.18349699795387,18.95475404735496,0.0005525069706235,5.651348887382973e-05
IE,uk_offshore_to_continent,2019-08-02,2019-08-09,8,3329.9197,1.8398038458665138,31503.38702681476,171605.0,0.18358082239337292,89.18349699795387,18.95475404735496,0.0005525069706235,5.651348887382973e-05
IE,uk_offshore_to_continent,2020-05-28,2020-06-01,5,4501.664699999999,2.4872011261597464,26618.075300181026,126210.0,0.21090306077316398,89.18349699795387,18.95475404735496,0.0005525069706235,5.651348887382973e-05
IE,uk_offshore_to_continent,2020-08-14,2020-08-20,7,4067.7891999999997,2.2474818880269902,33673.633427920206,95801.0,0.3514956360363692,89.18349699795387,18.95475404735496,0.0005525069706235,5.651348887382973e-05
IE,uk_offshore_to_continent,2016-05-08,2016-05-12,5,3556.78892,1.9651506713364302,21031.081079719148,67985.0,0.3093488428288468,89.18349699795387,18.95475404735496,0.0005525069706235,5.651348887382973e-05
IE,uk_offshore_to_continent,2016-06-05,2016-06-08,4,2365.6610499999997,1.307044220257508,11190.41033217873,14071.0,0.7952818088393667,89.18349699795387,18.95475404735496,0.0005525069706235,5.651348887382973e-05
IE,uk_offshore_to_continent,2018-06-25,2018-07-07,13,3223.5846692307687,1.7810530001450493,49558.24688618941,99355.0,0.49879972710170006,89.18349699795387,18.95475404735496,0.0005525069706235,5.651348887382973e-05
IE,uk_offshore_to_continent,2020-05-28,2020-06-01,5,4501.664699999999,2.4872011261597464,26618.075300181026,126210.0,0.21090306077316398,89.18349699795387,18.95475404735496,0.0005525069706235,5.651348887382973e-05
IE,uk_offshore_to_continent,2020-08-13,2020-08-16,4,4180.232325000001,2.3096074983881807,19773.971846299588,19204.0,1.0296798503592788,89.18349699795387,18.95475404735496,0.0005525069706235,5.651348887382973e-05
IE,uk_offshore_to_continent,2020-09-15,2020-09-17,3,4197.8374,2.3193344250440298,14892.937540787902,22843.0,0.6519694234902553,89.18349699795387,18.95475404735496,0.0005525069706235,5.651348887382973e-05
IE,uk_offshore_to_continent,2016-05-08,2016-05-12,5,3556.78892,1.9651506713364302,21031.081079719148,67985.0,0.3093488428288468,89.18349699795387,18.95475404735496,0.0005525069706235,5.651348887382973e-05
IE,uk_offshore_to_continent,2016-09-05,2016-09-07,3,2826.7070333333336,1.561775339827141,10028.490215828559,51823.0,0.19351427389052273,89.18349699795387,18.95475404735496,0.0005525069706235,5.651348887382973e-05
IE,uk_offshore_to_continent,2017-06-17,2017-06-21,5,3159.59066,1.745695863966905,18682.471421211954,37230.0,0.5018122863607831,89.18349699795387,18.95475404735496,0.0005525069706235,5.651348887382973e-05
IE,uk_offshore_to_continent,2018-06-24,2018-07-04,11,3289.1496636363636,1.8172781165830312,42786.801408048734,91928.0,0.46543818431869216,89.18349699795387,18.95475404735496,0.0005525069706235,5.651348887382973e-05
IE,uk_offshore_to_continent,2019-09-19,2019-09-21,3,3548.7325,1.9606994431281597,12590.066368807922,97760.0,0.1287854579460712,89.18349699795387,18.95475404735496,0.0005525069706235,5.651348887382973e-05
IE,uk_offshore_to_continent,2020-05-28,2020-06-02,6,4388.315233333334,2.424574755709958,31137.415984393025,138757.0,0.22440248768994014,89.18349699795387,18.95475404735496,0.0005525069706235,5.651348887382973e-05
IE,uk_offshore_to_continent,2020-08-08,2020-08-15,8,4469.12895,2.4692248974902835,42281.10935665875,29513.882352941175,1.4325837872171796,89.18349699795387,18.95475404735496,0.0005525069706235,5.651348887382973e-05
IE,uk_offshore_to_continent,2020-09-14,2020-09-16,3,3897.3903000000005,2.1533353079904143,13827.022054254085,30147.0,0.4586533338061527,89.18349699795387,18.95475404735496,0.0005525069706235,5.651348887382973e-05
IE,uk_offshore_to_continent,2016-05-08,2016-05-12,5,3556.78892,1.9651506713364302,21031.081079719148,67985.0,0.3093488428288468,89.18349699795387,18.95475404735496,0.0005525069706235,5.651348887382973e-05
IE,uk_offshore_to_continent,2016-09-05,2016-09-12,8,2874.5064249999996,1.5881848369145368,27194.856505951386,164094.0,0.16572730572690889,89.18349699795387,18.95475404735496,0.0005525069706235,5.651348887382973e-05
IE,uk_offshore_to_continent,2017-06-17,2017-06-21,5,3159.59066,1.745695863966905,18682.471421211954,37230.0,0.5018122863607831,89.18349699795387,18.95475404735496,0.0005525069706235,5.651348887382973e-05
IE,uk_offshore_to_continent,2018-06-25,2018-07-08,14,3209.9474071428567,1.7735183177812583,53144.63803140611,102146.0,0.5202811469015538,89.18349699795387,18.95475404735496,0.0005525069706235,5.651348887382973e-05
IE,uk_offshore_to_continent,2018-08-15,2018-08-22,8,2963.882025,1.6375654789181946,28040.412666826305,191905.0,0.14611611300813582,89.18349699795387,18.95475404735496,0.0005525069706235,5.651348887382973e-05
IE,uk_offshore_to_continent,2019-08-23,2019-08-25,3,4485.7201,2.478391623515943,15914.277497922343,49668.0,0.3204130928952715,89.18349699795387,18.95475404735496,0.0005525069706235,5.651348887382973e-05
IE,uk_offshore_to_continent,2020-05-28,2020-06-02,6,4388.315233333334,2.424574755709958,31137.415984393025,138757.0,0.22440248768994014,89.18349699795387,18.95475404735496,0.0005525069706235,5.651348887382973e-05
IE,uk_offshore_to_continent,2020-09-08,2020-09-15,8,3379.245025,1.8670564317572835,31970.039361914143,213261.0,0.14991038850007335,89.18349699795387,18.95475404735496,0.0005525069706235,5.651348887382973e-05
PT,atlantic_to_iberia,2020-07-16,2020-07-20,5,3419.2053800000003,-0.7296831669172151,-4553.557480693505,90196.80000000002,-0.050484689930169406,52.00382036963951,7.668091597704807,-0.0002134072352557,5.104394125290821e-05
PT,atlantic_to_iberia,2020-07-15,2020-07-17,3,3811.9778,-0.8135036431541057,-3045.9814076616076,101714.9,-0.029946265568383864,52.00382036963951,7.668091597704807,-0.0002134072352557,5.104394125290821e-05
PT,atlantic_to_iberia,2020-09-08,2020-09-13,6,3500.832383333334,-0.7471029600207897,-5594.717970798785,119809.00000000001,-0.04669697577643403,52.00382036963951,7.668091597704807,-0.0002134072352557,5.104394125290821e-05
PT,atlantic_to_iberia,2020-07-05,2020-07-07,3,3689.5849999999996,-0.7873841340909018,-2948.1827811240537,44699.600000000006,-0.06595546226641968,52.00382036963951,7.668091597704807,-0.0002134072352557,5.104394125290821e-05
PT,atlantic_to_iberia,2020-07-16,2020-07-20,5,3419.2053800000003,-0.7296831669172151,-4553.557480693505,90196.80000000002,-0.050484689930169406,52.00382036963951,7.668091597704807,-0.0002134072352557,5.104394125290821e-05
PT,atlantic_to_iberia,2020-07-16,2020-07-18,3,3935.0333666666666,-0.8397645914192625,-3144.3096214764755,73333.90000000001,-0.04287661806444871,52.00382036963951,7.668091597704807,-0.0002134072352557,5.104394125290821e-05
PT,atlantic_to_iberia,2020-07-16,2020-07-18,3,3935.0333666666666,-0.8397645914192625,-3144.3096214764755,73333.90000000001,-0.04287661806444871,52.00382036963951,7.668091597704807,-0.0002134072352557,5.104394125290821e-05
PT,atlantic_to_iberia,2020-07-16,2020-07-18,3,3935.0333666666666,-0.8397645914192625,-3144.3096214764755,73333.90000000001,-0.04287661806444871,52.00382036963951,7.668091597704807,-0.0002134072352557,5.104394125290821e-05
PT,atlantic_to_iberia,2020-09-11,2020-09-13,3,3427.7730333333334,-0.7315115661277111,-2738.98051799178,60106.50000000001,-0.04556879069637692,52.00382036963951,7.668091597704807,-0.0002134072352557,5.104394125290821e-05
PL,domain,2015-07-03,2015-07-07,5,455.80590600000005,-1.7630324481698434,-13210.012193765284,70430.79,-0.18756018772138272,62.43982353377481,11.741858237499615,-0.0038679455991293,0.0005004505101141
PL,domain,2015-07-17,2015-07-22,6,460.33265666666665,-1.7805416734893322,-16009.445935757662,110028.91,-0.1455021769801924,62.43982353377481,11.741858237499615,-0.0038679455991293,0.0005004505101141
PL,domain,2015-08-06,2015-08-14,9,470.86665666666664,-1.8212866124305602,-24563.69597187159,132610.08,-0.18523249493455998,62.43982353377481,11.741858237499615,-0.0038679455991293,0.0005004505101141
PL,domain,2015-08-29,2015-09-01,4,452.906175,-1.7518164464097346,-10500.778538629278,51651.45,-0.20330075029121697,62.43982353377481,11.741858237499615,-0.0038679455991293,0.0005004505101141
PL,domain,2016-09-08,2016-09-14,7,482.05275571428575,-1.864553835013223,-19558.965287811385,66096.42,-0.29591565303856676,62.43982353377481,11.741858237499615,-0.0038679455991293,0.0005004505101141
PL,domain,2017-06-20,2017-06-22,3,502.9925166666667,-1.9455476912358043,-8746.535125246077,80314.25,-0.10890390092973634,62.43982353377481,11.741858237499615,-0.0038679455991293,0.0005004505101141
PL,domain,2018-07-31,2018-08-09,10,524.420129,-2.0284285300603697,-30397.132672282492,198882.9,-0.15283934753708084,62.43982353377481,11.741858237499615,-0.0038679455991293,0.0005004505101141
PL,domain,2018-08-19,2018-08-23,5,536.637666,-2.075685298531719,-15552.650850236547,109045.39000000001,-0.14262547779632448,62.43982353377481,11.741858237499615,-0.0038679455991293,0.0005004505101141
PL,domain,2019-06-11,2019-06-15,5,486.536762,-1.8818977273925195,-14100.643440840093,141544.86,-0.09961960781083887,62.43982353377481,11.741858237499615,-0.0038679455991293,0.0005004505101141
PL,domain,2019-06-26,2019-07-01,6,524.2036633333333,-2.027591252637624,-18230.751361917886,213283.77000000002,-0.08547650560526891,62.43982353377481,11.741858237499615,-0.0038679455991293,0.0005004505101141
PL,domain,2020-09-14,2020-09-16,3,538.26963,-2.0819976465034564,-9359.968726469542,76980.98000000001,-0.12158806924086367,62.43982353377481,11.741858237499615,-0.0038679455991293,0.0005004505101141
PL,domain,2015-07-04,2015-07-07,4,455.59672249999994,-1.7622233377716077,-10563.159766805647,57065.70999999999,-0.185105201824452,62.43982353377481,11.741858237499615,-0.0038679455991293,0.0005004505101141
PL,domain,2015-07-17,2015-07-22,6,460.33265666666665,-1.7805416734893322,-16009.445935757662,110028.91,-0.1455021769801924,62.43982353377481,11.741858237499615,-0.0038679455991293,0.0005004505101141
PL,domain,2015-08-06,2015-08-14,9,470.86665666666664,-1.8212866124305602,-24563.69597187159,132610.08,-0.18523249493455998,62.43982353377481,11.741858237499615,-0.0038679455991293,0.0005004505101141
PL,domain,2015-08-30,2015-09-01,3,445.5933333333333,-1.7235307726680218,-7748.420925630371,45162.27,-0.17156845582895572,62.43982353377481,11.741858237499615,-0.0038679455991293,0.0005004505101141
PL,domain,2016-09-08,2016-09-14,7,482.05275571428575,-1.864553835013223,-19558.965287811385,66096.42,-0.29591565303856676,62.43982353377481,11.741858237499615,-0.0038679455991293,0.0005004505101141
PL,domain,2017-08-01,2017-08-03,3,487.2090166666667,-1.884497971871947,-8472.075898567746,77262.44999999998,-0.10965321315293196,62.43982353377481,11.741858237499615,-0.0038679455991293,0.0005004505101141
PL,domain,2018-08-20,2018-08-23,4,530.5401575000001,-2.052100467363491,-12300.747941352307,102310.85,-0.12022916378226069,62.43982353377481,11.741858237499615,-0.0038679455991293,0.0005004505101141
PL,domain,2019-06-11,2019-06-15,5,486.536762,-1.8818977273925195,-14100.643440840093,141544.86,-0.09961960781083887,62.43982353377481,11.741858237499615,-0.0038679455991293,0.0005004505101141
PL,domain,2019-06-26,2019-07-01,6,524.2036633333333,-2.027591252637624,-18230.751361917886,213283.77000000002,-0.08547650560526891,62.43982353377481,11.741858237499615,-0.0038679455991293,0.0005004505101141
PL,domain,2019-08-29,2019-09-01,4,523.508145,-2.0249010255610935,-12137.708420101855,93555.56,-0.12973796982351296,62.43982353377481,11.741858237499615,-0.0038679455991293,0.0005004505101141
PL,domain,2020-09-14,2020-09-16,3,538.26963,-2.0819976465034564,-9359.968726469542,76980.98000000001,-0.12158806924086367,62.43982353377481,11.741858237499615,-0.0038679455991293,0.0005004505101141
PL,domain,2015-07-04,2015-07-07,4,455.59672249999994,-1.7622233377716077,-10563.159766805647,57065.70999999999,-0.185105201824452,62.43982353377481,11.741858237499615,-0.0038679455991293,0.0005004505101141
PL,domain,2015-07-17,2015-07-22,6,460.33265666666665,-1.7805416734893322,-16009.445935757662,110028.91,-0.1455021769801924,62.43982353377481,11.741858237499615,-0.0038679455991293,0.0005004505101141
PL,domain,2015-08-07,2015-08-14,8,477.47130375,-1.8468330280503416,-22140.65824661958,124380.6,-0.17800732788408785,62.43982353377481,11.741858237499615,-0.0038679455991293,0.0005004505101141
PL,domain,2015-08-30,2015-09-01,3,445.5933333333333,-1.7235307726680218,-7748.420925630371,45162.27,-0.17156845582895572,62.43982353377481,11.741858237499615,-0.0038679455991293,0.0005004505101141
PL,domain,2016-09-08,2016-09-13,6,478.526255,-1.850913522095075,-16642.182772208747,47607.19,-0.3495728853605673,62.43982353377481,11.741858237499615,-0.0038679455991293,0.0005004505101141
PL,domain,2017-08-01,2017-08-03,3,487.2090166666667,-1.884497971871947,-8472.075898567746,77262.44999999998,-0.10965321315293196,62.43982353377481,11.741858237499615,-0.0038679455991293,0.0005004505101141
PL,domain,2018-05-28,2018-06-01,5,473.55954,-1.8317025386686958,-13724.541993700885,117274.93,-0.11702878009563412,62.43982353377481,11.741858237499615,-0.0038679455991293,0.0005004505101141
PL,domain,2019-06-11,2019-06-15,5,486.536762,-1.8818977273925195,-14100.643440840093,141544.86,-0.09961960781083887,62.43982353377481,11.741858237499615,-0.0038679455991293,0.0005004505101141
PL,domain,2019-06-26,2019-07-01,6,524.2036633333333,-2.027591252637624,-18230.751361917886,213283.77000000002,-0.08547650560526891,62.43982353377481,11.741858237499615,-0.0038679455991293,0.0005004505101141
PL,domain,2019-08-28,2019-09-01,5,514.980588,-1.9919168989916192,-14924.992760037678,125217.04000000001,-0.11919298491673079,62.43982353377481,11.741858237499615,-0.0038679455991293,0.0005004505101141
PL,domain,2020-09-14,2020-09-16,3,538.26963,-2.0819976465034564,-9359.968726469542,76980.98000000001,-0.12158806924086367,62.43982353377481,11.741858237499615,-0.0038679455991293,0.0005004505101141
PL,domain,2015-07-05,2015-07-07,3,463.6715033333333,-1.793456150759833,-8062.782160968505,50180.09,-0.16067691709936163,62.43982353377481,11.741858237499615,-0.0038679455991293,0.0005004505101141
PL,domain,2015-07-18,2015-07-22,5,466.49578199999996,-1.804380306999281,-13519.822554822424,98301.64000000001,-0.13753404881975947,62.43982353377481,11.741858237499615,-0.0038679455991293,0.0005004505101141
PL,domain,2015-08-07,2015-08-15,9,475.0161811111111,-1.8373367472439286,-24780.164170326636,152184.61,-0.1628296328408414,62.43982353377481,11.741858237499615,-0.0038679455991293,0.0005004505101141
PL,domain,2015-08-28,2015-09-01,5,456.61410000000006,-1.7661584985953862,-13233.43499819671,70047.22,-0.18892163026879166,62.43982353377481,11.741858237499615,-0.0038679455991293,0.0005004505101141
PL,domain,2016-09-08,2016-09-13,6,478.526255,-1.850913522095075,-16642.182772208747,47607.19,-0.3495728853605673,62.43982353377481,11.741858237499615,-0.0038679455991293,0.0005004505101141
PL,domain,2017-07-31,2017-08-03,4,485.67292249999997,-1.8785564432001405,-11260.486349918634,97333.44,-0.11568980146924462,62.43982353377481,11.741858237499615,-0.0038679455991293,0.0005004505101141
PL,domain,2018-05-28,2018-06-01,5,473.55954,-1.8317025386686958,-13724.541993700885,117274.93,-0.11702878009563412,62.43982353377481,11.741858237499615,-0.0038679455991293,0.0005004505101141
PL,domain,2019-06-10,2019-06-15,6,488.845525,-1.890827897077802,-17001.066272583816,180749.65999999997,-0.09405863486871188,62.43982353377481,11.741858237499615,-0.0038679455991293,0.0005004505101141
PL,domain,2019-06-25,2019-07-01,7,517.0260171428572,-1.9998285076430644,-20977.98177132759,232168.84000000003,-0.09035657744306941,62.43982353377481,11.741858237499615,-0.0038679455991293,0.0005004505101141
PL,domain,2019-08-28,2019-09-01,5,514.980588,-1.9919168989916192,-14924.992760037678,125217.04000000001,-0.11919298491673079,62.43982353377481,11.741858237499615,-0.0038679455991293,0.0005004505101141
PL,domain,2020-09-14,2020-09-16,3,538.26963,-2.0819976465034564,-9359.968726469542,76980.98000000001,-0.12158806924086367,62.43982353377481,11.741858237499615,-0.0038679455991293,0.0005004505101141
PL,domain,2015-07-05,2015-07-08,4,468.473935,-1.8120316951900355,-10861.722171386175,87057.18999999999,-0.12476536597822852,62.43982353377481,11.741858237499615,-0.0038679455991293,0.0005004505101141
PL,domain,2015-08-08,2015-08-15,8,477.44349124999997,-1.8467254508133657,-22139.368562710522,138113.65999999997,-0.16029818167667503,62.43982353377481,11.741858237499615,-0.0038679455991293,0.0005004505101141
PL,domain,2015-08-28,2015-09-01,5,456.61410000000006,-1.7661584985953862,-13233.43499819671,70047.22,-0.18892163026879166,62.43982353377481,11.741858237499615,-0.0038679455991293,0.0005004505101141
PL,domain,2015-09-16,2015-09-18,3,459.14383,-1.7759433566158713,-7984.05046510138,70043.18,-0.11398754975290072,62.43982353377481,11.741858237499615,-0.0038679455991293,0.0005004505101141
PL,domain,2016-09-08,2016-09-13,6,478.526255,-1.850913522095075,-16642.182772208747,47607.19,-0.3495728853605673,62.43982353377481,11.741858237499615,-0.0038679455991293,0.0005004505101141
PL,domain,2017-07-31,2017-08-03,4,485.67292249999997,-1.8785564432001405,-11260.486349918634,97333.44,-0.11568980146924462,62.43982353377481,11.741858237499615,-0.0038679455991293,0.0005004505101141
PL,domain,2019-06-10,2019-06-16,7,497.1388214285715,-1.9229059165009699,-20171.07222452651,216381.02999999997,-0.09322015069678942,62.43982353377481,11.741858237499615,-0.0038679455991293,0.0005004505101141
PL,domain,2019-06-26,2019-07-01,6,524.2036633333333,-2.027591252637624,-18230.751361917886,213283.77000000002,-0.08547650560526891,62.43982353377481,11.741858237499615,-0.0038679455991293,0.0005004505101141
PL,domain,2019-08-29,2019-09-01,4,523.508145,-2.0249010255610935,-12137.708420101855,93555.56,-0.12973796982351296,62.43982353377481,11.741858237499615,-0.0038679455991293,0.0005004505101141
PL,domain,2015-07-05,2015-07-08,4,468.473935,-1.8120316951900355,-10861.722171386175,87057.18999999999,-0.12476536597822852,62.43982353377481,11.741858237499615,-0.0038679455991293,0.0005004505101141
PL,domain,2015-07-18,2015-07-25,8,467.9627425,-1.8100544304093527,-21699.740010487156,168212.3,-0.1290021003843783,62.43982353377481,11.741858237499615,-0.0038679455991293,0.0005004505101141
PL,domain,2015-08-07,2015-08-13,7,479.9913957142857,-1.8565806066730017,-19475.326996757656,92661.64000000001,-0.2101768002029497,62.43982353377481,11.741858237499615,-0.0038679455991293,0.0005004505101141
PL,domain,2015-08-28,2015-09-01,5,456.61410000000006,-1.7661584985953862,-13233.43499819671,70047.22,-0.18892163026879166,62.43982353377481,11.741858237499615,-0.0038679455991293,0.0005004505101141
PL,domain,2015-09-16,2015-09-18,3,459.14383,-1.7759433566158713,-7984.05046510138,70043.18,-0.11398754975290072,62.43982353377481,11.741858237499615,-0.0038679455991293,0.0005004505101141
PL,domain,2016-06-24,2016-06-26,3,471.27747999999997,-1.8228756547347464,-8195.04246280693,73558.01000000001,-0.11140924642750571,62.43982353377481,11.741858237499615,-0.0038679455991293,0.0005004505101141
PL,domain,2016-09-10,2016-09-13,4,473.6067825,-1.8318852700886625,-10980.72892785192,31553.989999999998,-0.34799811142273673,62.43982353377481,11.741858237499615,-0.0038679455991293,0.0005004505101141
PL,domain,2017-08-01,2017-08-04,4,489.92884250000003,-1.895018110234387,-11359.161254048886,118943.26999999997,-0.09550066392195951,62.43982353377481,11.741858237499615,-0.0038679455991293,0.0005004505101141
PL,domain,2019-06-10,2019-06-16,7,497.1388214285715,-1.9229059165009699,-20171.07222452651,216381.02999999997,-0.09322015069678942,62.43982353377481,11.741858237499615,-0.0038679455991293,0.0005004505101141
PL,domain,2019-06-26,2019-07-01,6,524.2036633333333,-2.027591252637624,-18230.751361917886,213283.77000000002,-0.08547650560526891,62.43982353377481,11.741858237499615,-0.0038679455991293,0.0005004505101141
PL,domain,2019-08-29,2019-09-01,4,523.508145,-2.0249010255610935,-12137.708420101855,93555.56,-0.12973796982351296,62.43982353377481,11.741858237499615,-0.0038679455991293,0.0005004505101141
PL,domain,2015-07-06,2015-07-08,3,474.84242333333333,-1.8366646616120585,-8257.033250047956,81357.21999999999,-0.10149109384573314,62.43982353377481,11.741858237499615,-0.0038679455991293,0.0005004505101141
PL,domain,2015-08-07,2015-08-12,6,480.5278183333333,-1.8586554601816203,-16711.793127911144,72737.74,-0.22975408815164097,62.43982353377481,11.741858237499615,-0.0038679455991293,0.0005004505101141
PL,domain,2015-08-28,2015-09-02,6,463.8998566666667,-1.7943394090305465,-16133.505992577375,91768.72,-0.1758061569626053,62.43982353377481,11.741858237499615,-0.0038679455991293,0.0005004505101141
PL,domain,2015-09-16,2015-09-18,3,459.14383,-1.7759433566158713,-7984.05046510138,70043.18,-0.11398754975290072,62.43982353377481,11.741858237499615,-0.0038679455991293,0.0005004505101141
PL,domain,2016-06-24,2016-06-26,3,471.27747999999997,-1.8228756547347464,-8195.04246280693,73558.01000000001,-0.11140924642750571,62.43982353377481,11.741858237499615,-0.0038679455991293,0.0005004505101141
PL,domain,2016-09-08,2016-09-13,6,478.526255,-1.850913522095075,-16642.182772208747,47607.19,-0.3495728853605673,62.43982353377481,11.741858237499615,-0.0038679455991293,0.0005004505101141
PL,domain,2017-08-01,2017-08-04,4,489.92884250000003,-1.895018110234387,-11359.161254048886,118943.26999999997,-0.09550066392195951,62.43982353377481,11.741858237499615,-0.0038679455991293,0.0005004505101141
PL,domain,2018-05-01,2018-05-04,4,557.6175499999999,-2.156834348519762,-12928.546186863176,114866.1,-0.11255319181954619,62.43982353377481,11.741858237499615,-0.0038679455991293,0.0005004505101141
PL,domain,2019-06-11,2019-06-16,6,496.5970683333333,-1.9208104450004289,-17270.64939278279,177176.22999999998,-0.09747723717105163,62.43982353377481,11.741858237499615,-0.0038679455991293,0.0005004505101141
PL,domain,2019-06-26,2019-07-01,6,524.2036633333333,-2.027591252637624,-18230.751361917886,213283.77000000002,-0.08547650560526891,62.43982353377481,11.741858237499615,-0.0038679455991293,0.0005004505101141
PL,domain,2020-09-23,2020-09-25,3,513.2456266666667,-1.985206162937693,-8924.826419423407,92233.06999999998,-0.09676384424180404,62.43982353377481,11.741858237499615,-0.0038679455991293,0.0005004505101141
PL,domain,2015-07-03,2015-07-07,5,455.80590600000005,-1.7630324481698434,-13210.012193765284,70430.79,-0.18756018772138272,62.43982353377481,11.741858237499615,-0.0038679455991293,0.0005004505101141
PL,domain,2015-08-04,2015-08-14,11,467.60854909090904,-1.8086844295714188,-29814.559265231546,166125.06,-0.17947057033557456,62.43982353377481,11.741858237499615,-0.0038679455991293,0.0005004505101141
PL,domain,2015-08-30,2015-09-01,3,445.5933333333333,-1.7235307726680218,-7748.420925630371,45162.27,-0.17156845582895572,62.43982353377481,11.741858237499615,-0.0038679455991293,0.0005004505101141
PL,domain,2016-09-08,2016-09-13,6,478.526255,-1.850913522095075,-16642.182772208747,47607.19,-0.3495728853605673,62.43982353377481,11.741858237499615,-0.0038679455991293,0.0005004505101141
PL,domain,2018-05-28,2018-05-31,4,483.196025,-1.8689759384155211,-11203.058667219488,99866.59999999999,-0.11218023510582606,62.43982353377481,11.741858237499615,-0.0038679455991293,0.0005004505101141
PL,domain,2018-07-31,2018-08-17,18,521.8289016666666,-2.0184058037000594,-54444.48575151397,396107.31999999995,-0.13744882511010897,62.43982353377481,11.741858237499615,-0.0038679455991293,0.0005004505101141
PL,domain,2018-09-18,2018-09-21,4,501.26163,-1.9388527157708795,-11621.915657348522,140786.58000000002,-0.08254988264754012,62.43982353377481,11.741858237499615,-0.0038679455991293,0.0005004505101141
PL,domain,2019-06-11,2019-06-15,5,486.536762,-1.8818977273925195,-14100.643440840093,141544.86,-0.09961960781083887,62.43982353377481,11.741858237499615,-0.0038679455991293,0.0005004505101141
PL,domain,2019-06-25,2019-07-01,7,517.0260171428572,-1.9998285076430644,-20977.98177132759,232168.84000000003,-0.09035657744306941,62.43982353377481,11.741858237499615,-0.0038679455991293,0.0005004505101141
PL,domain,2019-08-26,2019-09-01,7,517.2831042857143,-2.0008229067258716,-20988.412908674032,180719.7,-0.11613793575727512,62.43982353377481,11.741858237499615,-0.0038679455991293,0.0005004505101141
PL,domain,2020-09-14,2020-09-16,3,538.26963,-2.0819976465034564,-9359.968726469542,76980.98000000001,-0.12158806924086367,62.43982353377481,11.741858237499615,-0.0038679455991293,0.0005004505101141
PL,domain,2015-06-03,2015-06-06,4,471.8225225,-1.82498384947396,-10939.36027326174,102828.94,-0.10638406146423118,62.43982353377481,11.741858237499615,-0.0038679455991293,0.0005004505101141
PL,domain,2015-07-04,2015-07-07,4,455.59672249999994,-1.7622233377716077,-10563.159766805647,57065.70999999999,-0.185105201824452,62.43982353377481,11.741858237499615,-0.0038679455991293,0.0005004505101141
PL,domain,2015-08-06,2015-08-15,10,469.317511,-1.8152946012667668,-27203.201895578644,160414.08999999997,-0.16958112529627947,62.43982353377481,11.741858237499615,-0.0038679455991293,0.0005004505101141
PL,domain,2015-08-30,2015-09-01,3,445.5933333333333,-1.7235307726680218,-7748.420925630371,45162.27,-0.17156845582895572,62.43982353377481,11.741858237499615,-0.0038679455991293,0.0005004505101141
PL,domain,2016-09-08,2016-09-13,6,478.526255,-1.850913522095075,-16642.182772208747,47607.19,-0.3495728853605673,62.43982353377481,11.741858237499615,-0.0038679455991293,0.0005004505101141
PL,domain,2018-05-28,2018-06-01,5,473.55954,-1.8317025386686958,-13724.541993700885,117274.93,-0.11702878009563412,62.43982353377481,11.741858237499615,-0.0038679455991293,0.0005004505101141
PL,domain,2018-08-08,2018-08-13,6,497.128255,-1.9228650461300785,-17289.122998986124,196179.93000000002,-0.08812890798251442,62.43982353377481,11.741858237499615,-0.0038679455991293,0.0005004505101141
PL,domain,2018-08-20,2018-08-23,4,530.5401575000001,-2.052100467363491,-12300.747941352307,102310.85,-0.12022916378226069,62.43982353377481,11.741858237499615,-0.0038679455991293,0.0005004505101141
PL,domain,2018-09-19,2018-09-21,3,504.72436,-1.9522463670353523,-8776.650142954106,112681.58000000002,-0.07788895170758259,62.43982353377481,11.741858237499615,-0.0038679455991293,0.0005004505101141
PL,domain,2019-06-11,2019-06-15,5,486.536762,-1.8818977273925195,-14100.643440840093,141544.86,-0.09961960781083887,62.43982353377481,11.741858237499615,-0.0038679455991293,0.0005004505101141
PL,domain,2019-06-25,2019-06-30,6,516.1140116666667,-1.9963009200750514,-17949.409512450984,196949.60000000003,-0.09113707015627846,62.43982353377481,11.741858237499615,-0.0038679455991293,0.0005004505101141
PL,domain,2019-08-28,2019-09-01,5,514.980588,-1.9919168989916192,-14924.992760037678,125217.04000000001,-0.11919298491673079,62.43982353377481,11.741858237499615,-0.0038679455991293,0.0005004505101141
PL,domain,2020-09-14,2020-09-16,3,538.26963,-2.0819976465034564,-9359.968726469542,76980.98000000001,-0.12158806924086367,62.43982353377481,11.741858237499615,-0.0038679455991293,0.0005004505101141
PL,domain,2020-09-22,2020-09-24,3,511.41022999999996,-1.9781069484782028,-8892.91071316172,77717.56999999998,-0.11442600062201794,62.43982353377481,11.741858237499615,-0.0038679455991293,0.0005004505101141
PL,domain,2015-06-03,2015-06-06,4,471.8225225,-1.82498384947396,-10939.36027326174,102828.94,-0.10638406146423118,62.43982353377481,11.741858237499615,-0.0038679455991293,0.0005004505101141
PL,domain,2015-08-06,2015-08-15,10,469.317511,-1.8152946012667668,-27203.201895578644,160414.08999999997,-0.16958112529627947,62.43982353377481,11.741858237499615,-0.0038679455991293,0.0005004505101141
PL,domain,2015-08-30,2015-09-01,3,445.5933333333333,-1.7235307726680218,-7748.420925630371,45162.27,-0.17156845582895572,62.43982353377481,11.741858237499615,-0.0038679455991293,0.0005004505101141
PL,domain,2016-09-09,2016-09-13,5,482.30816599999997,-1.8655417481038237,-13978.091705579103,39611.979999999996,-0.35287536006983505,62.43982353377481,11.741858237499615,-0.0038679455991293,0.0005004505101141
PL,domain,2018-05-28,2018-06-01,5,473.55954,-1.8317025386686958,-13724.541993700885,117274.93,-0.11702878009563412,62.43982353377481,11.741858237499615,-0.0038679455991293,0.0005004505101141
PL,domain,2018-08-20,2018-08-23,4,530.5401575000001,-2.052100467363491,-12300.747941352307,102310.85,-0.12022916378226069,62.43982353377481,11.741858237499615,-0.0038679455991293,0.0005004505101141
PL,domain,2018-09-19,2018-09-21,3,504.72436,-1.9522463670353523,-8776.650142954106,112681.58000000002,-0.07788895170758259,62.43982353377481,11.741858237499615,-0.0038679455991293,0.0005004505101141
PL,domain,2019-06-10,2019-06-15,6,488.845525,-1.890827897077802,-17001.066272583816,180749.65999999997,-0.09405863486871188,62.43982353377481,11.741858237499615,-0.0038679455991293,0.0005004505101141
PL,domain,2019-06-25,2019-07-01,7,517.0260171428572,-1.9998285076430644,-20977.98177132759,232168.84000000003,-0.09035657744306941,62.43982353377481,11.741858237499615,-0.0038679455991293,0.0005004505101141
PL,domain,2019-08-26,2019-09-01,7,517.2831042857143,-2.0008229067258716,-20988.412908674032,180719.7,-0.11613793575727512,62.43982353377481,11.741858237499615,-0.0038679455991293,0.0005004505101141
PL,domain,2015-08-07,2015-08-15,9,475.0161811111111,-1.8373367472439286,-24780.164170326636,152184.61,-0.1628296328408414,62.43982353377481,11.741858237499615,-0.0038679455991293,0.0005004505101141
PL,domain,2015-08-28,2015-09-01,5,456.61410000000006,-1.7661584985953862,-13233.43499819671,70047.22,-0.18892163026879166,62.43982353377481,11.741858237499615,-0.0038679455991293,0.0005004505101141
PL,domain,2016-09-09,2016-09-13,5,482.30816599999997,-1.8655417481038237,-13978.091705579103,39611.979999999996,-0.35287536006983505,62.43982353377481,11.741858237499615,-0.0038679455991293,0.0005004505101141
PL,domain,2018-09-19,2018-09-21,3,504.72436,-1.9522463670353523,-8776.650142954106,112681.58000000002,-0.07788895170758259,62.43982353377481,11.741858237499615,-0.0038679455991293,0.0005004505101141
PL,domain,2019-06-10,2019-06-15,6,488.845525,-1.890827897077802,-17001.066272583816,180749.65999999997,-0.09405863486871188,62.43982353377481,11.741858237499615,-0.0038679455991293,0.0005004505101141
PL,domain,2019-06-25,2019-07-01,7,517.0260171428572,-1.9998285076430644,-20977.98177132759,232168.84000000003,-0.09035657744306941,62.43982353377481,11.741858237499615,-0.0038679455991293,0.0005004505101141
PL,domain,2019-08-26,2019-09-01,7,517.2831042857143,-2.0008229067258716,-20988.412908674032,180719.7,-0.11613793575727512,62.43982353377481,11.741858237499615,-0.0038679455991293,0.0005004505101141
PL,domain,2015-08-07,2015-08-15,9,475.0161811111111,-1.8373367472439286,-24780.164170326636,152184.61,-0.1628296328408414,62.43982353377481,11.741858237499615,-0.0038679455991293,0.0005004505101141
PL,domain,2015-08-28,2015-09-01,5,456.61410000000006,-1.7661584985953862,-13233.43499819671,70047.22,-0.18892163026879166,62.43982353377481,11.741858237499615,-0.0038679455991293,0.0005004505101141
PL,domain,2016-09-09,2016-09-13,5,482.30816599999997,-1.8655417481038237,-13978.091705579103,39611.979999999996,-0.35287536006983505,62.43982353377481,11.741858237499615,-0.0038679455991293,0.0005004505101141
PL,domain,2017-07-31,2017-08-03,4,485.67292249999997,-1.8785564432001405,-11260.486349918634,97333.44,-0.11568980146924462,62.43982353377481,11.741858237499615,-0.0038679455991293,0.0005004505101141
PL,domain,2018-09-19,2018-09-21,3,504.72436,-1.9522463670353523,-8776.650142954106,112681.58000000002,-0.07788895170758259,62.43982353377481,11.741858237499615,-0.0038679455991293,0.0005004505101141
PL,domain,2019-06-10,2019-06-15,6,488.845525,-1.890827897077802,-17001.066272583816,180749.65999999997,-0.09405863486871188,62.43982353377481,11.741858237499615,-0.0038679455991293,0.0005004505101141
PL,domain,2019-06-25,2019-07-01,7,517.0260171428572,-1.9998285076430644,-20977.98177132759,232168.84000000003,-0.09035657744306941,62.43982353377481,11.741858237499615,-0.0038679455991293,0.0005004505101141
PL,domain,2019-08-27,2019-09-01,6,516.8334116666666,-1.9990835201390649,-17974.428800653524,156278.53,-0.11501534344259269,62.43982353377481,11.741858237499615,-0.0038679455991293,0.0005004505101141
PL,domain,2015-08-07,2015-08-12,6,480.5278183333333,-1.8586554601816203,-16711.793127911144,72737.74,-0.22975408815164097,62.43982353377481,11.741858237499615,-0.0038679455991293,0.0005004505101141
PL,domain,2015-08-28,2015-09-01,5,456.61410000000006,-1.7661584985953862,-13233.43499819671,70047.22,-0.18892163026879166,62.43982353377481,11.741858237499615,-0.0038679455991293,0.0005004505101141
PL,domain,2016-06-24,2016-06-26,3,471.27747999999997,-1.8228756547347464,-8195.04246280693,73558.01000000001,-0.11140924642750571,62.43982353377481,11.741858237499615,-0.0038679455991293,0.0005004505101141
PL,domain,2016-09-09,2016-09-13,5,482.30816599999997,-1.8655417481038237,-13978.091705579103,39611.979999999996,-0.35287536006983505,62.43982353377481,11.741858237499615,-0.0038679455991293,0.0005004505101141
PL,domain,2018-05-01,2018-05-03,3,554.8586666666666,-2.1461631378720845,-9648.435427446628,89226.43000000001,-0.10813427621666166,62.43982353377481,11.741858237499615,-0.0038679455991293,0.0005004505101141
PL,domain,2018-09-19,2018-09-21,3,504.72436,-1.9522463670353523,-8776.650142954106,112681.58000000002,-0.07788895170758259,62.43982353377481,11.741858237499615,-0.0038679455991293,0.0005004505101141
PL,domain,2019-06-11,2019-06-16,6,496.5970683333333,-1.9208104450004289,-17270.64939278279,177176.22999999998,-0.09747723717105163,62.43982353377481,11.741858237499615,-0.0038679455991293,0.0005004505101141
PL,domain,2019-06-26,2019-07-01,6,524.2036633333333,-2.027591252637624,-18230.751361917886,213283.77000000002,-0.08547650560526891,62.43982353377481,11.741858237499615,-0.0038679455991293,0.0005004505101141
PL,domain,2019-08-27,2019-09-01,6,516.8334116666666,-1.9990835201390649,-17974.428800653524,156278.53,-0.11501534344259269,62.43982353377481,11.741858237499615,-0.0038679455991293,0.0005004505101141
PL,domain,2020-09-22,2020-09-25,4,511.87536,-1.979906046014726,-11867.99847615488,119816.91999999997,-0.099051106272427,62.43982353377481,11.741858237499615,-0.0038679455991293,0.0005004505101141
PL,domain,2015-08-07,2015-08-12,6,480.5278183333333,-1.8586554601816203,-16711.793127911144,72737.74,-0.22975408815164097,62.43982353377481,11.741858237499615,-0.0038679455991293,0.0005004505101141
PL,domain,2015-08-28,2015-09-01,5,456.61410000000006,-1.7661584985953862,-13233.43499819671,70047.22,-0.18892163026879166,62.43982353377481,11.741858237499615,-0.0038679455991293,0.0005004505101141
PL,domain,2016-06-24,2016-06-26,3,471.27747999999997,-1.8228756547347464,-8195.04246280693,73558.01000000001,-0.11140924642750571,62.43982353377481,11.741858237499615,-0.0038679455991293,0.0005004505101141
PL,domain,2016-09-10,2016-09-13,4,473.6067825,-1.8318852700886625,-10980.72892785192,31553.989999999998,-0.34799811142273673,62.43982353377481,11.741858237499615,-0.0038679455991293,0.0005004505101141
PL,domain,2018-05-01,2018-05-09,9,557.107092222222,-2.1548599256046646,-29062.59987486781,237088.65999999997,-0.12258114696362034,62.43982353377481,11.741858237499615,-0.0038679455991293,0.0005004505101141
PL,domain,2018-09-19,2018-09-21,3,504.72436,-1.9522463670353523,-8776.650142954106,112681.58000000002,-0.07788895170758259,62.43982353377481,11.741858237499615,-0.0038679455991293,0.0005004505101141
PL,domain,2019-06-11,2019-06-16,6,496.5970683333333,-1.9208104450004289,-17270.64939278279,177176.22999999998,-0.09747723717105163,62.43982353377481,11.741858237499615,-0.0038679455991293,0.0005004505101141
PL,domain,2019-06-26,2019-07-01,6,524.2036633333333,-2.027591252637624,-18230.751361917886,213283.77000000002,-0.08547650560526891,62.43982353377481,11.741858237499615,-0.0038679455991293,0.0005004505101141
PL,domain,2020-09-23,2020-09-25,3,513.2456266666667,-1.985206162937693,-8924.826419423407,92233.06999999998,-0.09676384424180404,62.43982353377481,11.741858237499615,-0.0038679455991293,0.0005004505101141
PL,domain,2015-07-03,2015-07-05,3,445.7944966666667,-1.7243088614978948,-7751.918954134995,25950.67,-0.2987174879929881,62.43982353377481,11.741858237499615,-0.0038679455991293,0.0005004505101141
PL,domain,2015-08-04,2015-08-15,12,466.5891033333333,-1.8047412688398525,-32454.0651889386,193929.06999999998,-0.16735018215133296,62.43982353377481,11.741858237499615,-0.0038679455991293,0.0005004505101141
PL,domain,2016-06-23,2016-06-25,3,458.84777,-1.7747982126417932,-7978.902278789701,64752.36,-0.1232217988470181,62.43982353377481,11.741858237499615,-0.0038679455991293,0.0005004505101141
PL,domain,2016-09-08,2016-09-13,6,478.526255,-1.850913522095075,-16642.182772208747,47607.19,-0.3495728853605673,62.43982353377481,11.741858237499615,-0.0038679455991293,0.0005004505101141
PL,domain,2018-05-28,2018-05-31,4,483.196025,-1.8689759384155211,-11203.058667219488,99866.59999999999,-0.11218023510582606,62.43982353377481,11.741858237499615,-0.0038679455991293,0.0005004505101141
PL,domain,2018-08-07,2018-08-17,11,510.7173827272727,-1.9754270529187887,-32563.163579256816,298114.0399999999,-0.10923056015495555,62.43982353377481,11.741858237499615,-0.0038679455991293,0.0005004505101141
PL,domain,2018-09-18,2018-09-21,4,501.26163,-1.9388527157708795,-11621.915657348522,140786.58000000002,-0.08254988264754012,62.43982353377481,11.741858237499615,-0.0038679455991293,0.0005004505101141
PL,domain,2019-06-03,2019-06-05,3,477.3458766666667,-1.846347882915351,-8300.565791365912,81748.44,-0.1015379105872346,62.43982353377481,11.741858237499615,-0.0038679455991293,0.0005004505101141
PL,domain,2019-06-11,2019-06-15,5,486.536762,-1.8818977273925195,-14100.643440840093,141544.86,-0.09961960781083887,62.43982353377481,11.741858237499615,-0.0038679455991293,0.0005004505101141
PL,domain,2019-06-25,2019-06-30,6,516.1140116666667,-1.9963009200750514,-17949.409512450984,196949.60000000003,-0.09113707015627846,62.43982353377481,11.741858237499615,-0.0038679455991293,0.0005004505101141
PL,domain,2019-07-25,2019-07-29,5,505.22524599999997,-1.9541837668347177,-14642.266746447254,122621.84999999999,-0.11940993180617691,62.43982353377481,11.741858237499615,-0.0038679455991293,0.0005004505101141
PL,domain,2019-08-26,2019-09-01,7,517.2831042857143,-2.0008229067258716,-20988.412908674032,180719.7,-0.11613793575727512,62.43982353377481,11.741858237499615,-0.0038679455991293,0.0005004505101141
PL,domain,2020-08-07,2020-08-09,3,517.4284566666666,-2.0013851218280987,-8997.56163576496,42271.85,-0.21284996128073316,62.43982353377481,11.741858237499615,-0.0038679455991293,0.0005004505101141
PL,domain,2020-09-14,2020-09-16,3,538.26963,-2.0819976465034564,-9359.968726469542,76980.98000000001,-0.12158806924086367,62.43982353377481,11.741858237499615,-0.0038679455991293,0.0005004505101141
PL,domain,2015-08-04,2015-08-15,12,466.5891033333333,-1.8047412688398525,-32454.0651889386,193929.06999999998,-0.16735018215133296,62.43982353377481,11.741858237499615,-0.0038679455991293,0.0005004505101141
PL,domain,2015-08-27,2015-09-01,6,456.15941000000004,-1.764399782410918,-15864.308792174652,99987.44999999998,-0.15866300012826265,62.43982353377481,11.741858237499615,-0.0038679455991293,0.0005004505101141
PL,domain,2016-09-08,2016-09-13,6,478.526255,-1.850913522095075,-16642.182772208747,47607.19,-0.3495728853605673,62.43982353377481,11.741858237499615,-0.0038679455991293,0.0005004505101141
PL,domain,2018-05-28,2018-06-01,5,473.55954,-1.8317025386686958,-13724.541993700885,117274.93,-0.11702878009563412,62.43982353377481,11.741858237499615,-0.0038679455991293,0.0005004505101141
PL,domain,2018-07-31,2018-08-02,3,519.9651133333333,-2.011196771818434,-9041.671549730923,25429.76,-0.3555547338917443,62.43982353377481,11.741858237499615,-0.0038679455991293,0.0005004505101141
PL,domain,2018-09-18,2018-09-21,4,501.26163,-1.9388527157708795,-11621.915657348522,140786.58000000002,-0.08254988264754012,62.43982353377481,11.741858237499615,-0.0038679455991293,0.0005004505101141
PL,domain,2019-06-03,2019-06-05,3,477.3458766666667,-1.846347882915351,-8300.565791365912,81748.44,-0.1015379105872346,62.43982353377481,11.741858237499615,-0.0038679455991293,0.0005004505101141
PL,domain,2019-06-11,2019-06-15,5,486.536762,-1.8818977273925195,-14100.643440840093,141544.86,-0.09961960781083887,62.43982353377481,11.741858237499615,-0.0038679455991293,0.0005004505101141
PL,domain,2019-06-25,2019-06-30,6,516.1140116666667,-1.9963009200750514,-17949.409512450984,196949.60000000003,-0.09113707015627846,62.43982353377481,11.741858237499615,-0.0038679455991293,0.0005004505101141
PL,domain,2019-08-26,2019-09-01,7,517.2831042857143,-2.0008229067258716,-20988.412908674032,180719.7,-0.11613793575727512,62.43982353377481,11.741858237499615,-0.0038679455991293,0.0005004505101141
PL,domain,2020-09-22,2020-09-24,3,511.41022999999996,-1.9781069484782028,-8892.91071316172,77717.56999999998,-0.11442600062201794,62.43982353377481,11.741858237499615,-0.0038679455991293,0.0005004505101141
PL,domain,2015-08-04,2015-08-15,12,466.5891033333333,-1.8047412688398525,-32454.0651889386,193929.06999999998,-0.16735018215133296,62.43982353377481,11.741858237499615,-0.0038679455991293,0.0005004505101141
PL,domain,2015-08-30,2015-09-01,3,445.5933333333333,-1.7235307726680218,-7748.420925630371,45162.27,-0.17156845582895572,62.43982353377481,11.741858237499615,-0.0038679455991293,0.0005004505101141
PL,domain,2016-09-08,2016-09-13,6,478.526255,-1.850913522095075,-16642.182772208747,47607.19,-0.3495728853605673,62.43982353377481,11.741858237499615,-0.0038679455991293,0.0005004505101141
PL,domain,2018-05-28,2018-06-01,5,473.55954,-1.8317025386686958,-13724.541993700885,117274.93,-0.11702878009563412,62.43982353377481,11.741858237499615,-0.0038679455991293,0.0005004505101141
PL,domain,2018-07-31,2018-08-02,3,519.9651133333333,-2.011196771818434,-9041.671549730923,25429.76,-0.3555547338917443,62.43982353377481,11.741858237499615,-0.0038679455991293,0.0005004505101141
PL,domain,2018-09-18,2018-09-21,4,501.26163,-1.9388527157708795,-11621.915657348522,140786.58000000002,-0.08254988264754012,62.43982353377481,11.741858237499615,-0.0038679455991293,0.0005004505101141
PL,domain,2019-06-10,2019-06-30,21,509.44969190476195,-1.9705236937808017,-62011.73246123287,538932.6799999999,-0.11506396765776548,62.43982353377481,11.741858237499615,-0.0038679455991293,0.0005004505101141
PL,domain,2019-08-26,2019-09-01,7,517.2831042857143,-2.0008229067258716,-20988.412908674032,180719.7,-0.11613793575727512,62.43982353377481,11.741858237499615,-0.0038679455991293,0.0005004505101141
PL,domain,2020-09-22,2020-09-24,3,511.41022999999996,-1.9781069484782028,-8892.91071316172,77717.56999999998,-0.11442600062201794,62.43982353377481,11.741858237499615,-0.0038679455991293,0.0005004505101141
PL,domain,2015-08-04,2015-08-15,12,466.5891033333333,-1.8047412688398525,-32454.0651889386,193929.06999999998,-0.16735018215133296,62.43982353377481,11.741858237499615,-0.0038679455991293,0.0005004505101141
PL,domain,2015-08-30,2015-09-01,3,445.5933333333333,-1.7235307726680218,-7748.420925630371,45162.27,-0.17156845582895572,62.43982353377481,11.741858237499615,-0.0038679455991293,0.0005004505101141
PL,domain,2016-09-09,2016-09-13,5,482.30816599999997,-1.8655417481038237,-13978.091705579103,39611.979999999996,-0.35287536006983505,62.43982353377481,11.741858237499615,-0.0038679455991293,0.0005004505101141
PL,domain,2018-07-31,2018-08-02,3,519.9651133333333,-2.011196771818434,-9041.671549730923,25429.76,-0.3555547338917443,62.43982353377481,11.741858237499615,-0.0038679455991293,0.0005004505101141
PL,domain,2018-09-18,2018-09-21,4,501.26163,-1.9388527157708795,-11621.915657348522,140786.58000000002,-0.08254988264754012,62.43982353377481,11.741858237499615,-0.0038679455991293,0.0005004505101141
PL,domain,2019-06-10,2019-06-30,21,509.44969190476195,-1.9705236937808017,-62011.73246123287,538932.6799999999,-0.11506396765776548,62.43982353377481,11.741858237499615,-0.0038679455991293,0.0005004505101141
PL,domain,2019-08-26,2019-09-01,7,517.2831042857143,-2.0008229067258716,-20988.412908674032,180719.7,-0.11613793575727512,62.43982353377481,11.741858237499615,-0.0038679455991293,0.0005004505101141
PL,domain,2020-09-22,2020-09-24,3,511.41022999999996,-1.9781069484782028,-8892.91071316172,77717.56999999998,-0.11442600062201794,62.43982353377481,11.741858237499615,-0.0038679455991293,0.0005004505101141
PL,domain,2015-08-04,2015-08-15,12,466.5891033333333,-1.8047412688398525,-32454.0651889386,193929.06999999998,-0.16735018215133296,62.43982353377481,11.741858237499615,-0.0038679455991293,0.0005004505101141
PL,domain,2016-06-24,2016-06-26,3,471.27747999999997,-1.8228756547347464,-8195.04246280693,73558.01000000001,-0.11140924642750571,62.43982353377481,11.741858237499615,-0.0038679455991293,0.0005004505101141
PL,domain,2016-09-09,2016-09-12,4,492.2255075,-1.9039014855138112,-11412.410186992713,23797.47,-0.4795640119303738,62.43982353377481,11.741858237499615,-0.0038679455991293,0.0005004505101141
PL,domain,2018-05-09,2018-05-13,5,511.19469799999996,-1.9772732824273314,-14815.27137993723,132755.78000000003,-0.11159793856009304,62.43982353377481,11.741858237499615,-0.0038679455991293,0.0005004505101141
PL,domain,2018-05-30,2018-06-01,3,461.47415,-1.7849569076044345,-8024.572391487356,52351.53999999999,-0.1532824515093034,62.43982353377481,11.741858237499615,-0.0038679455991293,0.0005004505101141
PL,domain,2018-09-18,2018-09-21,4,501.26163,-1.9388527157708795,-11621.915657348522,140786.58000000002,-0.08254988264754012,62.43982353377481,11.741858237499615,-0.0038679455991293,0.0005004505101141
PL,domain,2019-06-10,2019-06-15,6,488.845525,-1.890827897077802,-17001.066272583816,180749.65999999997,-0.09405863486871188,62.43982353377481,11.741858237499615,-0.0038679455991293,0.0005004505101141
PL,domain,2019-06-25,2019-06-30,6,516.1140116666667,-1.9963009200750514,-17949.409512450984,196949.60000000003,-0.09113707015627846,62.43982353377481,11.741858237499615,-0.0038679455991293,0.0005004505101141
PL,domain,2019-08-26,2019-09-01,7,517.2831042857143,-2.0008229067258716,-20988.412908674032,180719.7,-0.11613793575727512,62.43982353377481,11.741858237499615,-0.0038679455991293,0.0005004505101141
PL,domain,2020-09-22,2020-09-24,3,511.41022999999996,-1.9781069484782028,-8892.91071316172,77717.56999999998,-0.11442600062201794,62.43982353377481,11.741858237499615,-0.0038679455991293,0.0005004505101141
PL,domain,2015-08-05,2015-08-12,8,472.13608625,-1.826196697000819,-21893.260703749165,94789.79999999999,-0.23096641942222865,62.43982353377481,11.741858237499615,-0.0038679455991293,0.0005004505101141
PL,domain,2016-06-24,2016-06-26,3,471.27747999999997,-1.8228756547347464,-8195.04246280693,73558.01000000001,-0.11140924642750571,62.43982353377481,11.741858237499615,-0.0038679455991293,0.0005004505101141
PL,domain,2016-09-09,2016-09-12,4,492.2255075,-1.9039014855138112,-11412.410186992713,23797.47,-0.4795640119303738,62.43982353377481,11.741858237499615,-0.0038679455991293,0.0005004505101141
PL,domain,2018-05-01,2018-05-03,3,554.8586666666666,-2.1461631378720845,-9648.435427446628,89226.43000000001,-0.10813427621666166,62.43982353377481,11.741858237499615,-0.0038679455991293,0.0005004505101141
PL,domain,2018-05-29,2018-05-31,3,473.2283333333333,-1.8304214492999598,-8228.965844644259,70959.34,-0.11596733910778002,62.43982353377481,11.741858237499615,-0.0038679455991293,0.0005004505101141
PL,domain,2018-08-20,2018-08-24,5,530.074066,-2.050297650797274,-15362.426820899382,124024.41,-0.12386615522621218,62.43982353377481,11.741858237499615,-0.0038679455991293,0.0005004505101141
PL,domain,2018-09-19,2018-09-21,3,504.72436,-1.9522463670353523,-8776.650142954106,112681.58000000002,-0.07788895170758259,62.43982353377481,11.741858237499615,-0.0038679455991293,0.0005004505101141
PL,domain,2019-06-10,2019-06-15,6,488.845525,-1.890827897077802,-17001.066272583816,180749.65999999997,-0.09405863486871188,62.43982353377481,11.741858237499615,-0.0038679455991293,0.0005004505101141
PL,domain,2019-06-25,2019-06-30,6,516.1140116666667,-1.9963009200750514,-17949.409512450984,196949.60000000003,-0.09113707015627846,62.43982353377481,11.741858237499615,-0.0038679455991293,0.0005004505101141
PL,domain,2019-08-27,2019-09-01,6,516.8334116666666,-1.9990835201390649,-17974.428800653524,156278.53,-0.11501534344259269,62.43982353377481,11.741858237499615,-0.0038679455991293,0.0005004505101141
PL,domain,2020-09-22,2020-09-26,5,514.487888,-1.9900111621949281,-14910.713495723212,165756.25999999995,-0.08995565836079564,62.43982353377481,11.741858237499615,-0.0038679455991293,0.0005004505101141
PL,domain,2015-07-04,2015-07-06,3,460.6560833333333,-1.7817926702413065,-8010.347033062122,41915.67999999999,-0.19110621688738255,62.43982353377481,11.741858237499615,-0.0038679455991293,0.0005004505101141
PL,domain,2015-08-05,2015-08-12,8,472.13608625,-1.826196697000819,-21893.260703749165,94789.79999999999,-0.23096641942222865,62.43982353377481,11.741858237499615,-0.0038679455991293,0.0005004505101141
PL,domain,2015-08-25,2015-09-01,8,460.07264,-1.7795359431677986,-21333.870770574118,146385.69,-0.14573740623536438,62.43982353377481,11.741858237499615,-0.0038679455991293,0.0005004505101141
PL,domain,2016-06-24,2016-06-26,3,471.27747999999997,-1.8228756547347464,-8195.04246280693,73558.01000000001,-0.11140924642750571,62.43982353377481,11.741858237499615,-0.0038679455991293,0.0005004505101141
PL,domain,2016-09-10,2016-09-12,3,483.9294433333334,-1.8718127606302588,-8415.047409265528,15739.48,-0.5346458338690686,62.43982353377481,11.741858237499615,-0.0038679455991293,0.0005004505101141
PL,domain,2018-05-01,2018-05-03,3,554.8586666666666,-2.1461631378720845,-9648.435427446628,89226.43000000001,-0.10813427621666166,62.43982353377481,11.741858237499615,-0.0038679455991293,0.0005004505101141
PL,domain,2018-05-29,2018-05-31,3,473.2283333333333,-1.8304214492999598,-8228.965844644259,70959.34,-0.11596733910778002,62.43982353377481,11.741858237499615,-0.0038679455991293,0.0005004505101141
PL,domain,2018-09-19,2018-09-21,3,504.72436,-1.9522463670353523,-8776.650142954106,112681.58000000002,-0.07788895170758259,62.43982353377481,11.741858237499615,-0.0038679455991293,0.0005004505101141
PL,domain,2019-06-11,2019-06-14,4,490.0176275,-1.8953615257844056,-11361.21976345771,99581.18,-0.11409002949611273,62.43982353377481,11.741858237499615,-0.0038679455991293,0.0005004505101141
PL,domain,2019-06-26,2019-07-01,6,524.2036633333333,-2.027591252637624,-18230.751361917886,213283.77000000002,-0.08547650560526891,62.43982353377481,11.741858237499615,-0.0038679455991293,0.0005004505101141
PL,domain,2020-09-22,2020-09-26,5,514.487888,-1.9900111621949281,-14910.713495723212,165756.25999999995,-0.08995565836079564,62.43982353377481,11.741858237499615,-0.0038679455991293,0.0005004505101141
PL,domain,2015-07-03,2015-07-05,3,445.7944966666667,-1.7243088614978948,-7751.918954134995,25950.67,-0.2987174879929881,62.43982353377481,11.741858237499615,-0.0038679455991293,0.0005004505101141
PL,domain,2015-08-04,2015-08-15,12,466.5891033333333,-1.8047412688398525,-32454.0651889386,193929.06999999998,-0.16735018215133296,62.43982353377481,11.741858237499615,-0.0038679455991293,0.0005004505101141
PL,domain,2016-06-23,2016-06-25,3,458.84777,-1.7747982126417932,-7978.902278789701,64752.36,-0.1232217988470181,62.43982353377481,11.741858237499615,-0.0038679455991293,0.0005004505101141
PL,domain,2016-08-26,2016-08-28,3,437.83259666666663,-1.693512665432187,-7613.469502689484,86713.47999999998,-0.08780029936163888,62.43982353377481,11.741858237499615,-0.0038679455991293,0.0005004505101141
PL,domain,2016-09-08,2016-09-14,7,482.05275571428575,-1.864553835013223,-19558.965287811385,66096.42,-0.29591565303856676,62.43982353377481,11.741858237499615,-0.0038679455991293,0.0005004505101141
PL,domain,2018-05-09,2018-05-13,5,511.19469799999996,-1.9772732824273314,-14815.27137993723,132755.78000000003,-0.11159793856009304,62.43982353377481,11.741858237499615,-0.0038679455991293,0.0005004505101141
PL,domain,2018-05-28,2018-05-30,3,485.1364066666667,-1.8764812291437356,-8436.035290476651,81752.65999999999,-0.1031897346273094,62.43982353377481,11.741858237499615,-0.0038679455991293,0.0005004505101141
PL,domain,2018-09-18,2018-09-21,4,501.26163,-1.9388527157708795,-11621.915657348522,140786.58000000002,-0.08254988264754012,62.43982353377481,11.741858237499615,-0.0038679455991293,0.0005004505101141
PL,domain,2019-06-03,2019-06-06,4,481.600495,-1.8628045151737425,-11166.065779715274,121244.02,-0.09209580628978876,62.43982353377481,11.741858237499615,-0.0038679455991293,0.0005004505101141
PL,domain,2019-06-12,2019-06-19,8,494.9013725,-1.9142515857644251,-22948.901993160827,191032.9,-0.1201306266782362,62.43982353377481,11.741858237499615,-0.0038679455991293,0.0005004505101141
PL,domain,2019-06-25,2019-06-30,6,516.1140116666667,-1.9963009200750514,-17949.409512450984,196949.60000000003,-0.09113707015627846,62.43982353377481,11.741858237499615,-0.0038679455991293,0.0005004505101141
PL,domain,2019-08-25,2019-09-01,8,516.9713487500001,-1.9996170532735011,-23972.301300772648,209126.5,-0.1146306245299981,62.43982353377481,11.741858237499615,-0.0038679455991293,0.0005004505101141
PL,domain,2020-08-08,2020-08-21,14,506.04592499999995,-1.9573581085610656,-41064.94388336128,211543.43,-0.19412062990262227,62.43982353377481,11.741858237499615,-0.0038679455991293,0.0005004505101141
PL,domain,2015-08-04,2015-08-16,13,466.69326769230764,-1.8051441709137335,-35166.41964728124,214265.33999999997,-0.16412556341254841,62.43982353377481,11.741858237499615,-0.0038679455991293,0.0005004505101141
PL,domain,2015-08-27,2015-09-01,6,456.15941000000004,-1.764399782410918,-15864.308792174652,99987.44999999998,-0.15866300012826265,62.43982353377481,11.741858237499615,-0.0038679455991293,0.0005004505101141
PL,domain,2016-06-23,2016-06-25,3,458.84777,-1.7747982126417932,-7978.902278789701,64752.36,-0.1232217988470181,62.43982353377481,11.741858237499615,-0.0038679455991293,0.0005004505101141
PL,domain,2016-08-26,2016-08-28,3,437.83259666666663,-1.693512665432187,-7613.469502689484,86713.47999999998,-0.08780029936163888,62.43982353377481,11.741858237499615,-0.0038679455991293,0.0005004505101141
PL,domain,2016-09-08,2016-09-13,6,478.526255,-1.850913522095075,-16642.182772208747,47607.19,-0.3495728853605673,62.43982353377481,11.741858237499615,-0.0038679455991293,0.0005004505101141
PL,domain,2018-05-09,2018-05-13,5,511.19469799999996,-1.9772732824273314,-14815.27137993723,132755.78000000003,-0.11159793856009304,62.43982353377481,11.741858237499615,-0.0038679455991293,0.0005004505101141
PL,domain,2018-05-28,2018-06-01,5,473.55954,-1.8317025386686958,-13724.541993700885,117274.93,-0.11702878009563412,62.43982353377481,11.741858237499615,-0.0038679455991293,0.0005004505101141
PL,domain,2018-08-07,2018-08-09,3,489.72409,-1.8942261387031012,-8515.81050002534,100889.62,-0.0844072016529088,62.43982353377481,11.741858237499615,-0.0038679455991293,0.0005004505101141
PL,domain,2018-09-18,2018-09-21,4,501.26163,-1.9388527157708795,-11621.915657348522,140786.58000000002,-0.08254988264754012,62.43982353377481,11.741858237499615,-0.0038679455991293,0.0005004505101141
PL,domain,2019-06-03,2019-06-19,17,496.8972129411765,-1.9219713880154383,-48963.08215629646,432213.27999999997,-0.11328453895793407,62.43982353377481,11.741858237499615,-0.0038679455991293,0.0005004505101141
PL,domain,2019-06-25,2019-06-30,6,516.1140116666667,-1.9963009200750514,-17949.409512450984,196949.60000000003,-0.09113707015627846,62.43982353377481,11.741858237499615,-0.0038679455991293,0.0005004505101141
PL,domain,2019-08-25,2019-09-01,8,516.9713487500001,-1.9996170532735011,-23972.301300772648,209126.5,-0.1146306245299981,62.43982353377481,11.741858237499615,-0.0038679455991293,0.0005004505101141
PL,domain,2020-08-07,2020-08-21,15,508.824134,-1.9681040698360772,-44239.70549400073,233278.56,-0.1896432552310025,62.43982353377481,11.741858237499615,-0.0038679455991293,0.0005004505101141
PL,domain,2020-09-22,2020-09-24,3,511.41022999999996,-1.9781069484782028,-8892.91071316172,77717.56999999998,-0.11442600062201794,62.43982353377481,11.741858237499615,-0.0038679455991293,0.0005004505101141
PL,domain,2015-08-04,2015-08-16,13,466.69326769230764,-1.8051441709137335,-35166.41964728124,214265.33999999997,-0.16412556341254841,62.43982353377481,11.741858237499615,-0.0038679455991293,0.0005004505101141
PL,domain,2015-08-27,2015-09-01,6,456.15941000000004,-1.764399782410918,-15864.308792174652,99987.44999999998,-0.15866300012826265,62.43982353377481,11.741858237499615,-0.0038679455991293,0.0005004505101141
PL,domain,2016-06-23,2016-06-25,3,458.84777,-1.7747982126417932,-7978.902278789701,64752.36,-0.1232217988470181,62.43982353377481,11.741858237499615,-0.0038679455991293,0.0005004505101141
PL,domain,2016-09-09,2016-09-12,4,492.2255075,-1.9039014855138112,-11412.410186992713,23797.47,-0.4795640119303738,62.43982353377481,11.741858237499615,-0.0038679455991293,0.0005004505101141
PL,domain,2018-05-28,2018-06-01,5,473.55954,-1.8317025386686958,-13724.541993700885,117274.93,-0.11702878009563412,62.43982353377481,11.741858237499615,-0.0038679455991293,0.0005004505101141
PL,domain,2018-09-18,2018-09-21,4,501.26163,-1.9388527157708795,-11621.915657348522,140786.58000000002,-0.08254988264754012,62.43982353377481,11.741858237499615,-0.0038679455991293,0.0005004505101141
PL,domain,2019-06-03,2019-06-12,10,497.27057600000006,-1.9234155360156922,-28823.45439622577,276887.21,-0.10409817916914894,62.43982353377481,11.741858237499615,-0.0038679455991293,0.0005004505101141
PL,domain,2019-06-20,2019-06-30,11,520.9468890909092,-2.0149942270392813,-33215.393364887634,275788.43,-0.12043795080485296,62.43982353377481,11.741858237499615,-0.0038679455991293,0.0005004505101141
PL,domain,2019-08-26,2019-09-01,7,517.2831042857143,-2.0008229067258716,-20988.412908674032,180719.7,-0.11613793575727512,62.43982353377481,11.741858237499615,-0.0038679455991293,0.0005004505101141
PL,domain,2020-08-15,2020-08-21,7,515.6613942857143,-1.9945502206683074,-20922.613119707163,104499.14,-0.20021804121744124,62.43982353377481,11.741858237499615,-0.0038679455991293,0.0005004505101141
PL,domain,2020-09-22,2020-09-25,4,511.87536,-1.979906046014726,-11867.99847615488,119816.91999999997,-0.099051106272427,62.43982353377481,11.741858237499615,-0.0038679455991293,0.0005004505101141
PL,domain,2015-08-07,2015-08-16,10,474.30888699999997,-1.8346009720995662,-27492.518628669273,172520.87999999998,-0.1593576303846194,62.43982353377481,11.741858237499615,-0.0038679455991293,0.0005004505101141
PL,domain,2015-08-24,2015-09-01,9,459.45000222222217,-1.7771276141153913,-23968.123478430472,188324.09,-0.12727061884876478,62.43982353377481,11.741858237499615,-0.0038679455991293,0.0005004505101141
PL,domain,2016-09-09,2016-09-12,4,492.2255075,-1.9039014855138112,-11412.410186992713,23797.47,-0.4795640119303738,62.43982353377481,11.741858237499615,-0.0038679455991293,0.0005004505101141
PL,domain,2018-05-09,2018-05-13,5,511.19469799999996,-1.9772732824273314,-14815.27137993723,132755.78000000003,-0.11159793856009304,62.43982353377481,11.741858237499615,-0.0038679455991293,0.0005004505101141
PL,domain,2018-05-28,2018-06-01,5,473.55954,-1.8317025386686958,-13724.541993700885,117274.93,-0.11702878009563412,62.43982353377481,11.741858237499615,-0.0038679455991293,0.0005004505101141
PL,domain,2018-07-31,2018-08-02,3,519.9651133333333,-2.011196771818434,-9041.671549730923,25429.76,-0.3555547338917443,62.43982353377481,11.741858237499615,-0.0038679455991293,0.0005004505101141
PL,domain,2018-09-18,2018-09-21,4,501.26163,-1.9388527157708795,-11621.915657348522,140786.58000000002,-0.08254988264754012,62.43982353377481,11.741858237499615,-0.0038679455991293,0.0005004505101141
PL,domain,2019-06-03,2019-06-12,10,497.27057600000006,-1.9234155360156922,-28823.45439622577,276887.21,-0.10409817916914894,62.43982353377481,11.741858237499615,-0.0038679455991293,0.0005004505101141
PL,domain,2019-06-20,2019-06-30,11,520.9468890909092,-2.0149942270392813,-33215.393364887634,275788.43,-0.12043795080485296,62.43982353377481,11.741858237499615,-0.0038679455991293,0.0005004505101141
PL,domain,2019-08-26,2019-09-01,7,517.2831042857143,-2.0008229067258716,-20988.412908674032,180719.7,-0.11613793575727512,62.43982353377481,11.741858237499615,-0.0038679455991293,0.0005004505101141
PL,domain,2020-08-16,2020-08-21,6,518.498785,-2.005525093594639,-18032.34714287133,88144.24,-0.20457771424282892,62.43982353377481,11.741858237499615,-0.0038679455991293,0.0005004505101141
PL,domain,2020-09-22,2020-09-26,5,514.487888,-1.9900111621949281,-14910.713495723212,165756.25999999995,-0.08995565836079564,62.43982353377481,11.741858237499615,-0.0038679455991293,0.0005004505101141
PL,domain,2015-08-05,2015-08-12,8,472.13608625,-1.826196697000819,-21893.260703749165,94789.79999999999,-0.23096641942222865,62.43982353377481,11.741858237499615,-0.0038679455991293,0.0005004505101141
PL,domain,2016-06-24,2016-06-26,3,471.27747999999997,-1.8228756547347464,-8195.04246280693,73558.01000000001,-0.11140924642750571,62.43982353377481,11.741858237499615,-0.0038679455991293,0.0005004505101141
PL,domain,2016-09-09,2016-09-12,4,492.2255075,-1.9039014855138112,-11412.410186992713,23797.47,-0.4795640119303738,62.43982353377481,11.741858237499615,-0.0038679455991293,0.0005004505101141
PL,domain,2018-05-09,2018-05-13,5,511.19469799999996,-1.9772732824273314,-14815.27137993723,132755.78000000003,-0.11159793856009304,62.43982353377481,11.741858237499615,-0.0038679455991293,0.0005004505101141
PL,domain,2018-05-29,2018-05-31,3,473.2283333333333,-1.8304214492999598,-8228.965844644259,70959.34,-0.11596733910778002,62.43982353377481,11.741858237499615,-0.0038679455991293,0.0005004505101141
PL,domain,2018-09-18,2018-09-21,4,501.26163,-1.9388527157708795,-11621.915657348522,140786.58000000002,-0.08254988264754012,62.43982353377481,11.741858237499615,-0.0038679455991293,0.0005004505101141
PL,domain,2019-06-11,2019-06-13,3,493.31261666666666,-1.9081063646307925,-8578.211377767788,85911.97,-0.09984884967447245,62.43982353377481,11.741858237499615,-0.0038679455991293,0.0005004505101141
PL,domain,2019-06-26,2019-06-30,5,524.544786,-2.0289106965549206,-15202.179103041286,178064.53000000003,-0.08537454990638103,62.43982353377481,11.741858237499615,-0.0038679455991293,0.0005004505101141
PL,domain,2019-08-26,2019-09-01,7,517.2831042857143,-2.0008229067258716,-20988.412908674032,180719.7,-0.11613793575727512,62.43982353377481,11.741858237499615,-0.0038679455991293,0.0005004505101141
PL,domain,2020-09-22,2020-09-26,5,514.487888,-1.9900111621949281,-14910.713495723212,165756.25999999995,-0.08995565836079564,62.43982353377481,11.741858237499615,-0.0038679455991293,0.0005004505101141
PL,domain,2015-08-05,2015-08-12,8,472.13608625,-1.826196697000819,-21893.260703749165,94789.79999999999,-0.23096641942222865,62.43982353377481,11.741858237499615,-0.0038679455991293,0.0005004505101141
PL,domain,2016-06-24,2016-06-26,3,471.27747999999997,-1.8228756547347464,-8195.04246280693,73558.01000000001,-0.11140924642750571,62.43982353377481,11.741858237499615,-0.0038679455991293,0.0005004505101141
PL,domain,2016-09-10,2016-09-12,3,483.9294433333334,-1.8718127606302588,-8415.047409265528,15739.48,-0.5346458338690686,62.43982353377481,11.741858237499615,-0.0038679455991293,0.0005004505101141
PL,domain,2018-05-09,2018-05-13,5,511.19469799999996,-1.9772732824273314,-14815.27137993723,132755.78000000003,-0.11159793856009304,62.43982353377481,11.741858237499615,-0.0038679455991293,0.0005004505101141
PL,domain,2018-05-29,2018-05-31,3,473.2283333333333,-1.8304214492999598,-8228.965844644259,70959.34,-0.11596733910778002,62.43982353377481,11.741858237499615,-0.0038679455991293,0.0005004505101141
PL,domain,2018-08-20,2018-08-24,5,530.074066,-2.050297650797274,-15362.426820899382,124024.41,-0.12386615522621218,62.43982353377481,11.741858237499615,-0.0038679455991293,0.0005004505101141
PL,domain,2018-09-18,2018-09-21,4,501.26163,-1.9388527157708795,-11621.915657348522,140786.58000000002,-0.08254988264754012,62.43982353377481,11.741858237499615,-0.0038679455991293,0.0005004505101141
PL,domain,2019-06-11,2019-06-13,3,493.31261666666666,-1.9081063646307925,-8578.211377767788,85911.97,-0.09984884967447245,62.43982353377481,11.741858237499615,-0.0038679455991293,0.0005004505101141
PL,domain,2019-06-25,2019-06-30,6,516.1140116666667,-1.9963009200750514,-17949.409512450984,196949.60000000003,-0.09113707015627846,62.43982353377481,11.741858237499615,-0.0038679455991293,0.0005004505101141
PL,domain,2020-09-22,2020-09-26,5,514.487888,-1.9900111621949281,-14910.713495723212,165756.25999999995,-0.08995565836079564,62.43982353377481,11.741858237499615,-0.0038679455991293,0.0005004505101141
PL,domain,2015-07-04,2015-07-06,3,460.6560833333333,-1.7817926702413065,-8010.347033062122,41915.67999999999,-0.19110621688738255,62.43982353377481,11.741858237499615,-0.0038679455991293,0.0005004505101141
PL,domain,2015-08-05,2015-08-12,8,472.13608625,-1.826196697000819,-21893.260703749165,94789.79999999999,-0.23096641942222865,62.43982353377481,11.741858237499615,-0.0038679455991293,0.0005004505101141
PL,domain,2016-06-24,2016-06-26,3,471.27747999999997,-1.8228756547347464,-8195.04246280693,73558.01000000001,-0.11140924642750571,62.43982353377481,11.741858237499615,-0.0038679455991293,0.0005004505101141
PL,domain,2016-08-27,2016-08-29,3,451.92116000000004,-1.7480064619754083,-7858.455481558262,85139.26,-0.0923011954949839,62.43982353377481,11.741858237499615,-0.0038679455991293,0.0005004505101141
PL,domain,2016-09-10,2016-09-12,3,483.9294433333334,-1.8718127606302588,-8415.047409265528,15739.48,-0.5346458338690686,62.43982353377481,11.741858237499615,-0.0038679455991293,0.0005004505101141
PL,domain,2018-09-18,2018-09-21,4,501.26163,-1.9388527157708795,-11621.915657348522,140786.58000000002,-0.08254988264754012,62.43982353377481,11.741858237499615,-0.0038679455991293,0.0005004505101141
PL,domain,2019-06-11,2019-06-14,4,490.0176275,-1.8953615257844056,-11361.21976345771,99581.18,-0.11409002949611273,62.43982353377481,11.741858237499615,-0.0038679455991293,0.0005004505101141
PL,domain,2019-06-26,2019-06-30,5,524.544786,-2.0289106965549206,-15202.179103041286,178064.53000000003,-0.08537454990638103,62.43982353377481,11.741858237499615,-0.0038679455991293,0.0005004505101141
PL,domain,2020-09-22,2020-09-26,5,514.487888,-1.9900111621949281,-14910.713495723212,165756.25999999995,-0.08995565836079564,62.43982353377481,11.741858237499615,-0.0038679455991293,0.0005004505101141
AT,domain,2015-05-11,2015-05-13,3,471.06127666666663,-1.8220393920030626,-297.5982211911096,25405.0,-0.011714159464322362,2.268506732508313,8.104673928521828,-0.0038679455991293,0.0005004505101141
AT,domain,2015-07-02,2015-07-07,6,451.52832166666667,-1.7464869846728222,-570.5161175474553,35919.0,-0.015883407598971444,2.268506732508313,8.104673928521828,-0.0038679455991293,0.0005004505101141
AT,domain,2015-07-17,2015-07-22,6,460.33265666666665,-1.7805416734893322,-581.6405914303923,37387.0,-0.015557295087340314,2.268506732508313,8.104673928521828,-0.0038679455991293,0.0005004505101141
AT,domain,2016-08-25,2016-08-27,3,449.7189433333333,-1.7394884077112456,-284.11496380894505,30693.0,-0.00925666972302952,2.268506732508313,8.104673928521828,-0.0038679455991293,0.0005004505101141
AT,domain,2018-09-20,2018-09-28,9,535.3734788888889,-2.070795491558821,-1014.6845190777942,175227.0,-0.005790685905013464,2.268506732508313,8.104673928521828,-0.0038679455991293,0.0005004505101141
AT,domain,2019-06-25,2019-06-30,6,516.1140116666667,-1.9963009200750514,-652.1215791316023,89805.0,-0.0072615286357285485,2.268506732508313,8.104673928521828,-0.0038679455991293,0.0005004505101141
AT,domain,2019-07-23,2019-07-25,3,521.1508133333333,-2.015782994915322,-329.2428452573648,16568.0,-0.019872214223645872,2.268506732508313,8.104673928521828,-0.0038679455991293,0.0005004505101141
AT,domain,2019-09-13,2019-09-16,4,561.5388125000001,-2.1720015785496685,-473.01121958002625,25594.0,-0.01848133232710894,2.268506732508313,8.104673928521828,-0.0038679455991293,0.0005004505101141
AT,domain,2020-07-28,2020-08-01,5,540.57313,-2.090907459191051,-569.18851778721,33046.0,-0.01722412751277643,2.268506732508313,8.104673928521828,-0.0038679455991293,0.0005004505101141
AT,domain,2020-09-13,2020-09-15,3,545.27124,-2.1090794930897765,-344.4811941217952,9938.0,-0.0346630301994159,2.268506732508313,8.104673928521828,-0.0038679455991293,0.0005004505101141
AT,domain,2015-05-11,2015-05-13,3,471.06127666666663,-1.8220393920030626,-297.5982211911096,25405.0,-0.011714159464322362,2.268506732508313,8.104673928521828,-0.0038679455991293,0.0005004505101141
AT,domain,2015-06-05,2015-06-07,3,479.7568066666667,-1.8556732289986597,-303.09171935896086,10384.0,-0.02918833969173352,2.268506732508313,8.104673928521828,-0.0038679455991293,0.0005004505101141
AT,domain,2015-07-02,2015-07-07,6,451.52832166666667,-1.7464869846728222,-570.5161175474553,35919.0,-0.015883407598971444,2.268506732508313,8.104673928521828,-0.0038679455991293,0.0005004505101141
AT,domain,2015-07-17,2015-07-23,7,467.40198142857145,-1.8078854370909576,-689.001647988288,50592.0,-0.013618786527282732,2.268506732508313,8.104673928521828,-0.0038679455991293,0.0005004505101141
AT,domain,2015-08-29,2015-08-31,3,445.55996000000005,-1.723401686430227,-281.48747965078684,36245.0,-0.0077662430583745855,2.268506732508313,8.104673928521828,-0.0038679455991293,0.0005004505101141
AT,domain,2017-08-01,2017-08-04,4,489.92884250000003,-1.895018110234387,-412.6906887640212,54436.0,-0.007581208919906334,2.268506732508313,8.104673928521828,-0.0038679455991293,0.0005004505101141
AT,domain,2018-07-30,2018-08-01,3,507.6970866666666,-1.9637447120631,-320.7433032174773,24514.0,-0.01308408677561709,2.268506732508313,8.104673928521828,-0.0038679455991293,0.0005004505101141
AT,domain,2019-06-25,2019-06-30,6,516.1140116666667,-1.9963009200750514,-652.1215791316023,89805.0,-0.0072615286357285485,2.268506732508313,8.104673928521828,-0.0038679455991293,0.0005004505101141
AT,domain,2020-09-13,2020-09-16,4,544.47218,-2.105988772479336,-458.635172059804,15764.0,-0.02909383227986577,2.268506732508313,8.104673928521828,-0.0038679455991293,0.0005004505101141
AT,domain,2015-06-04,2015-06-07,4,482.136965,-1.864879551949307,-406.12721461575256,23582.0,-0.017221915639714723,2.268506732508313,8.104673928521828,-0.0038679455991293,0.0005004505101141
AT,domain,2015-07-03,2015-07-07,5,455.80590600000005,-1.7630324481698434,-479.93411739646837,32289.0,-0.014863703347779998,2.268506732508313,8.104673928521828,-0.0038679455991293,0.0005004505101141
AT,domain,2015-07-17,2015-07-22,6,460.33265666666665,-1.7805416734893322,-581.6405914303923,37387.0,-0.015557295087340314,2.268506732508313,8.104673928521828,-0.0038679455991293,0.0005004505101141
AT,domain,2015-08-29,2015-08-31,3,445.55996000000005,-1.723401686430227,-281.48747965078684,36245.0,-0.0077662430583745855,2.268506732508313,8.104673928521828,-0.0038679455991293,0.0005004505101141
AT,domain,2016-09-09,2016-09-14,6,485.79209833333334,-1.8790174088402047,-613.8091645134235,7705.0,-0.07966374620550597,2.268506732508313,8.104673928521828,-0.0038679455991293,0.0005004505101141
AT,domain,2017-08-01,2017-08-04,4,489.92884250000003,-1.895018110234387,-412.6906887640212,54436.0,-0.007581208919906334,2.268506732508313,8.104673928521828,-0.0038679455991293,0.0005004505101141
AT,domain,2019-06-26,2019-07-06,11,533.0541363636364,-2.061824400845397,-1234.7973091258732,138093.0,-0.008941780605286822,2.268506732508313,8.104673928521828,-0.0038679455991293,0.0005004505101141
AT,domain,2019-07-24,2019-07-26,3,505.7240133333333,-1.9561129717466739,-319.49679210870045,12095.0,-0.02641560910365444,2.268506732508313,8.104673928521828,-0.0038679455991293,0.0005004505101141
AT,domain,2020-09-13,2020-09-16,4,544.47218,-2.105988772479336,-458.635172059804,15764.0,-0.02909383227986577,2.268506732508313,8.104673928521828,-0.0038679455991293,0.0005004505101141
AT,domain,2015-07-05,2015-07-07,3,463.6715033333333,-1.793456150759833,-292.929649376913,22422.0,-0.013064385397239899,2.268506732508313,8.104673928521828,-0.0038679455991293,0.0005004505101141
AT,domain,2015-07-17,2015-07-22,6,460.33265666666665,-1.7805416734893322,-581.6405914303923,37387.0,-0.015557295087340314,2.268506732508313,8.104673928521828,-0.0038679455991293,0.0005004505101141
AT,domain,2015-08-12,2015-08-14,3,473.77194000000003,-1.8325240903139508,-299.3107130179826,17449.0,-0.017153459396984504,2.268506732508313,8.104673928521828,-0.0038679455991293,0.0005004505101141
AT,domain,2015-08-29,2015-09-01,4,452.906175,-1.7518164464097346,-381.50471066873,45340.0,-0.00841430769009109,2.268506732508313,8.104673928521828,-0.0038679455991293,0.0005004505101141
AT,domain,2016-09-09,2016-09-13,5,482.30816599999997,-1.8655417481038237,-507.83928184186215,5319.0,-0.09547645832710325,2.268506732508313,8.104673928521828,-0.0038679455991293,0.0005004505101141
AT,domain,2017-07-07,2017-07-10,4,492.01395750000006,-1.9030832216223157,-414.4470816742879,39255.0,-0.010557816371781631,2.268506732508313,8.104673928521828,-0.0038679455991293,0.0005004505101141
AT,domain,2017-08-01,2017-08-04,4,489.92884250000003,-1.895018110234387,-412.6906887640212,54436.0,-0.007581208919906334,2.268506732508313,8.104673928521828,-0.0038679455991293,0.0005004505101141
AT,domain,2019-06-27,2019-07-01,5,529.619896,-2.0485409459445174,-557.6554713232903,79153.0,-0.007045285350186225,2.268506732508313,8.104673928521828,-0.0038679455991293,0.0005004505101141
AT,domain,2020-09-13,2020-09-15,3,545.27124,-2.1090794930897765,-344.4811941217952,9938.0,-0.0346630301994159,2.268506732508313,8.104673928521828,-0.0038679455991293,0.0005004505101141
AT,domain,2015-07-17,2015-07-22,6,460.33265666666665,-1.7805416734893322,-581.6405914303923,37387.0,-0.015557295087340314,2.268506732508313,8.104673928521828,-0.0038679455991293,0.0005004505101141
AT,domain,2015-08-12,2015-08-14,3,473.77194000000003,-1.8325240903139508,-299.3107130179826,17449.0,-0.017153459396984504,2.268506732508313,8.104673928521828,-0.0038679455991293,0.0005004505101141
AT,domain,2015-08-30,2015-09-01,3,445.5933333333333,-1.7235307726680218,-281.50856362675165,43428.0,-0.006482190375489354,2.268506732508313,8.104673928521828,-0.0038679455991293,0.0005004505101141
AT,domain,2017-08-02,2017-08-04,3,495.1742366666667,-1.9153070095170437,-312.831852905504,21542.0,-0.01452195027878117,2.268506732508313,8.104673928521828,-0.0038679455991293,0.0005004505101141
AT,domain,2019-06-27,2019-07-01,5,529.619896,-2.0485409459445174,-557.6554713232903,79153.0,-0.007045285350186225,2.268506732508313,8.104673928521828,-0.0038679455991293,0.0005004505101141
AT,domain,2020-09-13,2020-09-15,3,545.27124,-2.1090794930897765,-344.4811941217952,9938.0,-0.0346630301994159,2.268506732508313,8.104673928521828,-0.0038679455991293,0.0005004505101141
AT,domain,2015-07-02,2015-07-07,6,451.52832166666667,-1.7464869846728222,-570.5161175474553,35919.0,-0.015883407598971444,2.268506732508313,8.104673928521828,-0.0038679455991293,0.0005004505101141
AT,domain,2015-07-17,2015-07-22,6,460.33265666666665,-1.7805416734893322,-581.6405914303923,37387.0,-0.015557295087340314,2.268506732508313,8.104673928521828,-0.0038679455991293,0.0005004505101141
AT,domain,2015-08-06,2015-08-13,8,472.24615625,-1.8266224417729153,-795.5914189272255,24932.0,-0.03191045318976518,2.268506732508313,8.104673928521828,-0.0038679455991293,0.0005004505101141
AT,domain,2015-08-29,2015-08-31,3,445.55996000000005,-1.723401686430227,-281.48747965078684,36245.0,-0.0077662430583745855,2.268506732508313,8.104673928521828,-0.0038679455991293,0.0005004505101141
AT,domain,2016-08-26,2016-08-28,3,437.83259666666663,-1.693512665432187,-276.605631584713,43616.0,-0.00634183858182119,2.268506732508313,8.104673928521828,-0.0038679455991293,0.0005004505101141
AT,domain,2016-09-08,2016-09-14,7,482.05275571428575,-1.864553835013223,-710.5984918790839,10011.0,-0.07098176924174247,2.268506732508313,8.104673928521828,-0.0038679455991293,0.0005004505101141
AT,domain,2019-06-25,2019-06-30,6,516.1140116666667,-1.9963009200750514,-652.1215791316023,89805.0,-0.0072615286357285485,2.268506732508313,8.104673928521828,-0.0038679455991293,0.0005004505101141
AT,domain,2019-07-24,2019-07-26,3,505.7240133333333,-1.9561129717466739,-319.49679210870045,12095.0,-0.02641560910365444,2.268506732508313,8.104673928521828,-0.0038679455991293,0.0005004505101141
AT,domain,2015-07-02,2015-07-07,6,451.52832166666667,-1.7464869846728222,-570.5161175474553,35919.0,-0.015883407598971444,2.268506732508313,8.104673928521828,-0.0038679455991293,0.0005004505101141
AT,domain,2015-07-17,2015-07-22,6,460.33265666666665,-1.7805416734893322,-581.6405914303923,37387.0,-0.015557295087340314,2.268506732508313,8.104673928521828,-0.0038679455991293,0.0005004505101141
AT,domain,2015-08-06,2015-08-13,8,472.24615625,-1.8266224417729153,-795.5914189272255,24932.0,-0.03191045318976518,2.268506732508313,8.104673928521828,-0.0038679455991293,0.0005004505101141
AT,domain,2015-08-28,2015-09-01,5,456.61410000000006,-1.7661584985953862,-480.78509336884895,48269.0,-0.009960535610202178,2.268506732508313,8.104673928521828,-0.0038679455991293,0.0005004505101141
AT,domain,2016-09-12,2016-09-15,4,472.22698499999996,-1.8265482884208477,-397.779560595286,18986.0,-0.020951204076439797,2.268506732508313,8.104673928521828,-0.0038679455991293,0.0005004505101141
AT,domain,2018-09-18,2018-09-21,4,501.26163,-1.9388527157708795,-422.2368421505536,52612.0,-0.008025485481459621,2.268506732508313,8.104673928521828,-0.0038679455991293,0.0005004505101141
AT,domain,2019-06-25,2019-06-30,6,516.1140116666667,-1.9963009200750514,-652.1215791316023,89805.0,-0.0072615286357285485,2.268506732508313,8.104673928521828,-0.0038679455991293,0.0005004505101141
AT,domain,2019-07-24,2019-07-26,3,505.7240133333333,-1.9561129717466739,-319.49679210870045,12095.0,-0.02641560910365444,2.268506732508313,8.104673928521828,-0.0038679455991293,0.0005004505101141
AT,domain,2020-09-14,2020-09-16,3,538.26963,-2.0819976465034564,-340.0578488274879,14398.0,-0.023618408725342956,2.268506732508313,8.104673928521828,-0.0038679455991293,0.0005004505101141
AT,domain,2015-07-03,2015-07-07,5,455.80590600000005,-1.7630324481698434,-479.93411739646837,32289.0,-0.014863703347779998,2.268506732508313,8.104673928521828,-0.0038679455991293,0.0005004505101141
AT,domain,2015-07-17,2015-07-22,6,460.33265666666665,-1.7805416734893322,-581.6405914303923,37387.0,-0.015557295087340314,2.268506732508313,8.104673928521828,-0.0038679455991293,0.0005004505101141
AT,domain,2015-08-06,2015-08-14,9,470.86665666666664,-1.8212866124305602,-892.4258034992125,37060.0,-0.02408056674309802,2.268506732508313,8.104673928521828,-0.0038679455991293,0.0005004505101141
AT,domain,2015-08-28,2015-09-01,5,456.61410000000006,-1.7661584985953862,-480.78509336884895,48269.0,-0.009960535610202178,2.268506732508313,8.104673928521828,-0.0038679455991293,0.0005004505101141
AT,domain,2016-09-10,2016-09-15,6,479.25779833333337,-1.8537430919118143,-605.5529305453526,20925.0,-0.02893920815031554,2.268506732508313,8.104673928521828,-0.0038679455991293,0.0005004505101141
AT,domain,2017-08-01,2017-08-03,3,487.2090166666667,-1.884497971871947,-307.7997362344637,50179.0,-0.00613403487981952,2.268506732508313,8.104673928521828,-0.0038679455991293,0.0005004505101141
AT,domain,2019-06-25,2019-07-06,12,528.1296366666667,-2.042776703914589,-1334.6071792823193,146194.0,-0.009129014728937708,2.268506732508313,8.104673928521828,-0.0038679455991293,0.0005004505101141
AT,domain,2019-07-24,2019-07-26,3,505.7240133333333,-1.9561129717466739,-319.49679210870045,12095.0,-0.02641560910365444,2.268506732508313,8.104673928521828,-0.0038679455991293,0.0005004505101141
AT,domain,2015-07-04,2015-07-07,4,455.59672249999994,-1.7622233377716077,-383.7710885681437,25368.0,-0.015128157070645841,2.268506732508313,8.104673928521828,-0.0038679455991293,0.0005004505101141
AT,domain,2015-07-17,2015-07-22,6,460.33265666666665,-1.7805416734893322,-581.6405914303923,37387.0,-0.015557295087340314,2.268506732508313,8.104673928521828,-0.0038679455991293,0.0005004505101141
AT,domain,2015-08-06,2015-08-14,9,470.86665666666664,-1.8212866124305602,-892.4258034992125,37060.0,-0.02408056674309802,2.268506732508313,8.104673928521828,-0.0038679455991293,0.0005004505101141
AT,domain,2015-08-28,2015-09-01,5,456.61410000000006,-1.7661584985953862,-480.78509336884895,48269.0,-0.009960535610202178,2.268506732508313,8.104673928521828,-0.0038679455991293,0.0005004505101141
AT,domain,2016-09-11,2016-09-13,3,461.06484333333333,-1.7833737316844067,-291.28286281712764,3843.0,-0.07579569680383233,2.268506732508313,8.104673928521828,-0.0038679455991293,0.0005004505101141
AT,domain,2017-06-20,2017-06-22,3,502.9925166666667,-1.9455476912358043,-317.77113859087876,8800.0,-0.036110356658054406,2.268506732508313,8.104673928521828,-0.0038679455991293,0.0005004505101141
AT,domain,2017-08-01,2017-08-03,3,487.2090166666667,-1.884497971871947,-307.7997362344637,50179.0,-0.00613403487981952,2.268506732508313,8.104673928521828,-0.0038679455991293,0.0005004505101141
AT,domain,2019-06-26,2019-07-06,11,533.0541363636364,-2.061824400845397,-1234.7973091258732,138093.0,-0.008941780605286822,2.268506732508313,8.104673928521828,-0.0038679455991293,0.0005004505101141
AT,domain,2015-07-05,2015-07-07,3,463.6715033333333,-1.793456150759833,-292.929649376913,22422.0,-0.013064385397239899,2.268506732508313,8.104673928521828,-0.0038679455991293,0.0005004505101141
AT,domain,2015-07-17,2015-07-22,6,460.33265666666665,-1.7805416734893322,-581.6405914303923,37387.0,-0.015557295087340314,2.268506732508313,8.104673928521828,-0.0038679455991293,0.0005004505101141
AT,domain,2015-08-07,2015-08-14,8,477.47130375,-1.8468330280503416,-804.3942063265754,35666.0,-0.022553530149906784,2.268506732508313,8.104673928521828,-0.0038679455991293,0.0005004505101141
AT,domain,2015-08-29,2015-09-01,4,452.906175,-1.7518164464097346,-381.50471066873,45340.0,-0.00841430769009109,2.268506732508313,8.104673928521828,-0.0038679455991293,0.0005004505101141
AT,domain,2016-09-09,2016-09-13,5,482.30816599999997,-1.8655417481038237,-507.83928184186215,5319.0,-0.09547645832710325,2.268506732508313,8.104673928521828,-0.0038679455991293,0.0005004505101141
AT,domain,2017-08-01,2017-08-03,3,487.2090166666667,-1.884497971871947,-307.7997362344637,50179.0,-0.00613403487981952,2.268506732508313,8.104673928521828,-0.0038679455991293,0.0005004505101141
AT,domain,2019-06-26,2019-07-01,6,524.2036633333333,-2.027591252637624,-662.3430346632115,91756.0,-0.00721852559683521,2.268506732508313,8.104673928521828,-0.0038679455991293,0.0005004505101141
CZ,domain,2015-07-03,2015-07-07,5,455.80590600000005,-1.7630324481698434,-3434.029566470328,2888.81,-1.1887350038494495,16.231642862629016,4.6289007913338445,-0.0038679455991293,0.0005004505101141
CZ,domain,2015-07-17,2015-07-22,6,460.33265666666665,-1.7805416734893322,-4161.760782639357,5927.09,-0.702159201672213,16.231642862629016,4.6289007913338445,-0.0038679455991293,0.0005004505101141
CZ,domain,2015-08-06,2015-08-14,9,470.86665666666664,-1.8212866124305602,-6385.49435018742,7304.860000000001,-0.8741432895616644,16.231642862629016,4.6289007913338445,-0.0038679455991293,0.0005004505101141
CZ,domain,2015-08-29,2015-09-01,4,452.906175,-1.7518164464097346,-2729.7464562242585,3174.4700000000003,-0.8599062067760156,16.231642862629016,4.6289007913338445,-0.0038679455991293,0.0005004505101141
CZ,domain,2016-09-08,2016-09-14,7,482.05275571428575,-1.864553835013223,-5084.48168727743,3497.86,-1.4535978247492551,16.231642862629016,4.6289007913338445,-0.0038679455991293,0.0005004505101141
CZ,domain,2017-06-20,2017-06-22,3,502.9925166666667,-1.9455476912358043,-2273.7193413373443,2414.23,-0.9417989757965664,16.231642862629016,4.6289007913338445,-0.0038679455991293,0.0005004505101141
CZ,domain,2019-06-26,2019-07-01,6,524.2036633333333,-2.027591252637624,-4739.203740125449,7891.730000000001,-0.6005278614607251,16.231642862629016,4.6289007913338445,-0.0038679455991293,0.0005004505101141
CZ,domain,2019-07-24,2019-07-26,3,505.7240133333333,-1.9561129717466739,-2286.066755257051,1505.9499999999998,-1.5180230122228835,16.231642862629016,4.6289007913338445,-0.0038679455991293,0.0005004505101141
CZ,domain,2020-09-14,2020-09-16,3,538.26963,-2.0819976465034564,-2433.1854411992335,3823.12,-0.6364397249365005,16.231642862629016,4.6289007913338445,-0.0038679455991293,0.0005004505101141
CZ,domain,2015-07-03,2015-07-07,5,455.80590600000005,-1.7630324481698434,-3434.029566470328,2888.81,-1.1887350038494495,16.231642862629016,4.6289007913338445,-0.0038679455991293,0.0005004505101141
CZ,domain,2015-07-17,2015-07-22,6,460.33265666666665,-1.7805416734893322,-4161.760782639357,5927.09,-0.702159201672213,16.231642862629016,4.6289007913338445,-0.0038679455991293,0.0005004505101141
CZ,domain,2015-08-06,2015-08-14,9,470.86665666666664,-1.8212866124305602,-6385.49435018742,7304.860000000001,-0.8741432895616644,16.231642862629016,4.6289007913338445,-0.0038679455991293,0.0005004505101141
CZ,domain,2015-08-29,2015-09-01,4,452.906175,-1.7518164464097346,-2729.7464562242585,3174.4700000000003,-0.8599062067760156,16.231642862629016,4.6289007913338445,-0.0038679455991293,0.0005004505101141
CZ,domain,2016-09-08,2016-09-14,7,482.05275571428575,-1.864553835013223,-5084.48168727743,3497.86,-1.4535978247492551,16.231642862629016,4.6289007913338445,-0.0038679455991293,0.0005004505101141
CZ,domain,2017-06-20,2017-06-22,3,502.9925166666667,-1.9455476912358043,-2273.7193413373443,2414.23,-0.9417989757965664,16.231642862629016,4.6289007913338445,-0.0038679455991293,0.0005004505101141
CZ,domain,2018-07-31,2018-08-09,10,524.420129,-2.0284285300603697,-7901.934593353792,7967.079999999999,-0.991823176540689,16.231642862629016,4.6289007913338445,-0.0038679455991293,0.0005004505101141
CZ,domain,2018-08-19,2018-08-23,5,536.637666,-2.075685298531719,-4043.0138953171627,2946.4399999999996,-1.372169090603292,16.231642862629016,4.6289007913338445,-0.0038679455991293,0.0005004505101141
CZ,domain,2019-06-11,2019-06-15,5,486.536762,-1.8818977273925195,-3665.5550178034264,8313.64,-0.4409085572388781,16.231642862629016,4.6289007913338445,-0.0038679455991293,0.0005004505101141
CZ,domain,2019-06-26,2019-07-01,6,524.2036633333333,-2.027591252637624,-4739.203740125449,7891.730000000001,-0.6005278614607251,16.231642862629016,4.6289007913338445,-0.0038679455991293,0.0005004505101141
CZ,domain,2020-09-14,2020-09-16,3,538.26963,-2.0819976465034564,-2433.1854411992335,3823.12,-0.6364397249365005,16.231642862629016,4.6289007913338445,-0.0038679455991293,0.0005004505101141
CZ,domain,2015-07-04,2015-07-07,4,455.59672249999994,-1.7622233377716077,-2745.9628668382848,2505.64,-1.0959127675317624,16.231642862629016,4.6289007913338445,-0.0038679455991293,0.0005004505101141
CZ,domain,2015-07-17,2015-07-22,6,460.33265666666665,-1.7805416734893322,-4161.760782639357,5927.09,-0.702159201672213,16.231642862629016,4.6289007913338445,-0.0038679455991293,0.0005004505101141
CZ,domain,2015-08-06,2015-08-14,9,470.86665666666664,-1.8212866124305602,-6385.49435018742,7304.860000000001,-0.8741432895616644,16.231642862629016,4.6289007913338445,-0.0038679455991293,0.0005004505101141
CZ,domain,2015-08-30,2015-09-01,3,445.5933333333333,-1.7235307726680218,-2014.2529894582826,2840.2400000000002,-0.7091840793236778,16.231642862629016,4.6289007913338445,-0.0038679455991293,0.0005004505101141
CZ,domain,2016-09-08,2016-09-14,7,482.05275571428575,-1.864553835013223,-5084.48168727743,3497.86,-1.4535978247492551,16.231642862629016,4.6289007913338445,-0.0038679455991293,0.0005004505101141
CZ,domain,2017-08-01,2017-08-03,3,487.2090166666667,-1.884497971871947,-2202.3718599437384,3336.31,-0.6601220689755264,16.231642862629016,4.6289007913338445,-0.0038679455991293,0.0005004505101141
CZ,domain,2018-08-20,2018-08-23,4,530.5401575000001,-2.052100467363491,-3197.660342829914,2753.38,-1.1613581644487554,16.231642862629016,4.6289007913338445,-0.0038679455991293,0.0005004505101141
CZ,domain,2019-06-11,2019-06-15,5,486.536762,-1.8818977273925195,-3665.5550178034264,8313.64,-0.4409085572388781,16.231642862629016,4.6289007913338445,-0.0038679455991293,0.0005004505101141
CZ,domain,2019-06-26,2019-07-01,6,524.2036633333333,-2.027591252637624,-4739.203740125449,7891.730000000001,-0.6005278614607251,16.231642862629016,4.6289007913338445,-0.0038679455991293,0.0005004505101141
CZ,domain,2019-08-29,2019-09-01,4,523.508145,-2.0249010255610935,-3155.2771467915745,2896.5600000000004,-1.0893187597673013,16.231642862629016,4.6289007913338445,-0.0038679455991293,0.0005004505101141
CZ,domain,2020-09-14,2020-09-16,3,538.26963,-2.0819976465034564,-2433.1854411992335,3823.12,-0.6364397249365005,16.231642862629016,4.6289007913338445,-0.0038679455991293,0.0005004505101141
CZ,domain,2015-07-04,2015-07-07,4,455.59672249999994,-1.7622233377716077,-2745.9628668382848,2505.64,-1.0959127675317624,16.231642862629016,4.6289007913338445,-0.0038679455991293,0.0005004505101141
CZ,domain,2015-07-17,2015-07-22,6,460.33265666666665,-1.7805416734893322,-4161.760782639357,5927.09,-0.702159201672213,16.231642862629016,4.6289007913338445,-0.0038679455991293,0.0005004505101141
CZ,domain,2015-08-07,2015-08-14,8,477.47130375,-1.8468330280503416,-5755.609754538405,6917.16,-0.8320770019109583,16.231642862629016,4.6289007913338445,-0.0038679455991293,0.0005004505101141
CZ,domain,2015-08-30,2015-09-01,3,445.5933333333333,-1.7235307726680218,-2014.2529894582826,2840.2400000000002,-0.7091840793236778,16.231642862629016,4.6289007913338445,-0.0038679455991293,0.0005004505101141
CZ,domain,2016-09-08,2016-09-13,6,478.526255,-1.850913522095075,-4326.24488547716,2366.05,-1.8284672282822256,16.231642862629016,4.6289007913338445,-0.0038679455991293,0.0005004505101141
CZ,domain,2017-08-01,2017-08-03,3,487.2090166666667,-1.884497971871947,-2202.3718599437384,3336.31,-0.6601220689755264,16.231642862629016,4.6289007913338445,-0.0038679455991293,0.0005004505101141
CZ,domain,2018-05-28,2018-06-01,5,473.55954,-1.8317025386686958,-3567.7849725889428,5290.44,-0.6743834109429354,16.231642862629016,4.6289007913338445,-0.0038679455991293,0.0005004505101141
CZ,domain,2019-06-11,2019-06-15,5,486.536762,-1.8818977273925195,-3665.5550178034264,8313.64,-0.4409085572388781,16.231642862629016,4.6289007913338445,-0.0038679455991293,0.0005004505101141
CZ,domain,2019-06-26,2019-07-01,6,524.2036633333333,-2.027591252637624,-4739.203740125449,7891.730000000001,-0.6005278614607251,16.231642862629016,4.6289007913338445,-0.0038679455991293,0.0005004505101141
CZ,domain,2019-08-28,2019-09-01,5,514.980588,-1.9919168989916192,-3879.8500459760926,3601.3,-1.0773470818804578,16.231642862629016,4.6289007913338445,-0.0038679455991293,0.0005004505101141
CZ,domain,2020-09-14,2020-09-16,3,538.26963,-2.0819976465034564,-2433.1854411992335,3823.12,-0.6364397249365005,16.231642862629016,4.6289007913338445,-0.0038679455991293,0.0005004505101141
CZ,domain,2015-07-03,2015-07-07,5,455.80590600000005,-1.7630324481698434,-3434.029566470328,2888.81,-1.1887350038494495,16.231642862629016,4.6289007913338445,-0.0038679455991293,0.0005004505101141
CZ,domain,2015-08-04,2015-08-14,11,467.60854909090904,-1.8086844295714188,-7750.490803968306,8632.71,-0.8978050697832206,16.231642862629016,4.6289007913338445,-0.0038679455991293,0.0005004505101141
CZ,domain,2015-08-30,2015-09-01,3,445.5933333333333,-1.7235307726680218,-2014.2529894582826,2840.2400000000002,-0.7091840793236778,16.231642862629016,4.6289007913338445,-0.0038679455991293,0.0005004505101141
CZ,domain,2016-09-08,2016-09-14,7,482.05275571428575,-1.864553835013223,-5084.48168727743,3497.86,-1.4535978247492551,16.231642862629016,4.6289007913338445,-0.0038679455991293,0.0005004505101141
CZ,domain,2017-06-20,2017-06-22,3,502.9925166666667,-1.9455476912358043,-2273.7193413373443,2414.23,-0.9417989757965664,16.231642862629016,4.6289007913338445,-0.0038679455991293,0.0005004505101141
CZ,domain,2018-05-28,2018-05-31,4,483.196025,-1.8689759384155211,-2912.3087953159356,4529.66,-0.6429420299351244,16.231642862629016,4.6289007913338445,-0.0038679455991293,0.0005004505101141
CZ,domain,2018-07-31,2018-08-17,18,521.8289016666666,-2.0184058037000594,-14153.202212047367,14821.57,-0.9549057361701471,16.231642862629016,4.6289007913338445,-0.0038679455991293,0.0005004505101141
CZ,domain,2018-09-18,2018-09-21,4,501.26163,-1.9388527157708795,-3021.193425180603,5631.5,-0.5364811196272046,16.231642862629016,4.6289007913338445,-0.0038679455991293,0.0005004505101141
CZ,domain,2019-06-03,2019-06-05,3,477.3458766666667,-1.846347882915351,-2157.7866793670264,1586.12,-1.3604183033862676,16.231642862629016,4.6289007913338445,-0.0038679455991293,0.0005004505101141
CZ,domain,2019-06-12,2019-06-15,4,481.064095,-1.8607297491543695,-2899.459272205728,6655.379999999999,-0.43565645721292073,16.231642862629016,4.6289007913338445,-0.0038679455991293,0.0005004505101141
CZ,domain,2019-06-25,2019-07-01,7,517.0260171428572,-1.9998285076430644,-5453.364356591185,8776.810000000001,-0.6213378615455027,16.231642862629016,4.6289007913338445,-0.0038679455991293,0.0005004505101141
CZ,domain,2019-08-25,2019-08-31,7,516.1449700000001,-1.9964206652242247,-5444.071456570632,4187.399999999999,-1.3001078130989716,16.231642862629016,4.6289007913338445,-0.0038679455991293,0.0005004505101141
CZ,domain,2020-09-14,2020-09-16,3,538.26963,-2.0819976465034564,-2433.1854411992335,3823.12,-0.6364397249365005,16.231642862629016,4.6289007913338445,-0.0038679455991293,0.0005004505101141
CZ,domain,2015-07-03,2015-07-07,5,455.80590600000005,-1.7630324481698434,-3434.029566470328,2888.81,-1.1887350038494495,16.231642862629016,4.6289007913338445,-0.0038679455991293,0.0005004505101141
CZ,domain,2015-08-04,2015-08-14,11,467.60854909090904,-1.8086844295714188,-7750.490803968306,8632.71,-0.8978050697832206,16.231642862629016,4.6289007913338445,-0.0038679455991293,0.0005004505101141
CZ,domain,2015-08-30,2015-09-01,3,445.5933333333333,-1.7235307726680218,-2014.2529894582826,2840.2400000000002,-0.7091840793236778,16.231642862629016,4.6289007913338445,-0.0038679455991293,0.0005004505101141
CZ,domain,2016-09-08,2016-09-13,6,478.526255,-1.850913522095075,-4326.24488547716,2366.05,-1.8284672282822256,16.231642862629016,4.6289007913338445,-0.0038679455991293,0.0005004505101141
CZ,domain,2018-05-28,2018-05-31,4,483.196025,-1.8689759384155211,-2912.3087953159356,4529.66,-0.6429420299351244,16.231642862629016,4.6289007913338445,-0.0038679455991293,0.0005004505101141
CZ,domain,2018-07-31,2018-08-17,18,521.8289016666666,-2.0184058037000594,-14153.202212047367,14821.57,-0.9549057361701471,16.231642862629016,4.6289007913338445,-0.0038679455991293,0.0005004505101141
CZ,domain,2018-09-18,2018-09-21,4,501.26163,-1.9388527157708795,-3021.193425180603,5631.5,-0.5364811196272046,16.231642862629016,4.6289007913338445,-0.0038679455991293,0.0005004505101141
CZ,domain,2019-06-11,2019-06-15,5,486.536762,-1.8818977273925195,-3665.5550178034264,8313.64,-0.4409085572388781,16.231642862629016,4.6289007913338445,-0.0038679455991293,0.0005004505101141
CZ,domain,2019-06-25,2019-07-01,7,517.0260171428572,-1.9998285076430644,-5453.364356591185,8776.810000000001,-0.6213378615455027,16.231642862629016,4.6289007913338445,-0.0038679455991293,0.0005004505101141
CZ,domain,2019-08-26,2019-09-01,7,517.2831042857143,-2.0008229067258716,-5456.075999361395,4785.44,-1.1401409273465752,16.231642862629016,4.6289007913338445,-0.0038679455991293,0.0005004505101141
CZ,domain,2020-09-14,2020-09-16,3,538.26963,-2.0819976465034564,-2433.1854411992335,3823.12,-0.6364397249365005,16.231642862629016,4.6289007913338445,-0.0038679455991293,0.0005004505101141
CZ,domain,2015-06-03,2015-06-06,4,471.8225225,-1.82498384947396,-2843.758663173814,4369.48,-0.6508231329983921,16.231642862629016,4.6289007913338445,-0.0038679455991293,0.0005004505101141
CZ,domain,2015-07-04,2015-07-07,4,455.59672249999994,-1.7622233377716077,-2745.9628668382848,2505.64,-1.0959127675317624,16.231642862629016,4.6289007913338445,-0.0038679455991293,0.0005004505101141
CZ,domain,2015-08-06,2015-08-15,10,469.317511,-1.8152946012667668,-7071.651277972968,7927.490000000001,-0.892041652272405,16.231642862629016,4.6289007913338445,-0.0038679455991293,0.0005004505101141
CZ,domain,2015-08-30,2015-09-01,3,445.5933333333333,-1.7235307726680218,-2014.2529894582826,2840.2400000000002,-0.7091840793236778,16.231642862629016,4.6289007913338445,-0.0038679455991293,0.0005004505101141
CZ,domain,2016-09-08,2016-09-13,6,478.526255,-1.850913522095075,-4326.24488547716,2366.05,-1.8284672282822256,16.231642862629016,4.6289007913338445,-0.0038679455991293,0.0005004505101141
CZ,domain,2018-05-28,2018-06-01,5,473.55954,-1.8317025386686958,-3567.7849725889428,5290.44,-0.6743834109429354,16.231642862629016,4.6289007913338445,-0.0038679455991293,0.0005004505101141
CZ,domain,2018-08-08,2018-08-13,6,497.128255,-1.9228650461300785,-4494.421253061519,6159.1900000000005,-0.7297097918819712,16.231642862629016,4.6289007913338445,-0.0038679455991293,0.0005004505101141
CZ,domain,2018-08-20,2018-08-23,4,530.5401575000001,-2.052100467363491,-3197.660342829914,2753.38,-1.1613581644487554,16.231642862629016,4.6289007913338445,-0.0038679455991293,0.0005004505101141
CZ,domain,2018-09-19,2018-09-21,3,504.72436,-1.9522463670353523,-2281.547938289962,4347.99,-0.5247362432503208,16.231642862629016,4.6289007913338445,-0.0038679455991293,0.0005004505101141
CZ,domain,2019-06-11,2019-06-15,5,486.536762,-1.8818977273925195,-3665.5550178034264,8313.64,-0.4409085572388781,16.231642862629016,4.6289007913338445,-0.0038679455991293,0.0005004505101141
CZ,domain,2019-06-25,2019-06-30,6,516.1140116666667,-1.9963009200750514,-4666.067075663416,7048.290000000001,-0.6620140595326548,16.231642862629016,4.6289007913338445,-0.0038679455991293,0.0005004505101141
CZ,domain,2019-08-28,2019-09-01,5,514.980588,-1.9919168989916192,-3879.8500459760926,3601.3,-1.0773470818804578,16.231642862629016,4.6289007913338445,-0.0038679455991293,0.0005004505101141
CZ,domain,2020-09-14,2020-09-16,3,538.26963,-2.0819976465034564,-2433.1854411992335,3823.12,-0.6364397249365005,16.231642862629016,4.6289007913338445,-0.0038679455991293,0.0005004505101141
CZ,domain,2020-09-22,2020-09-24,3,511.41022999999996,-1.9781069484782028,-2311.7706382883816,4391.24,-0.5264505329447677,16.231642862629016,4.6289007913338445,-0.0038679455991293,0.0005004505101141
CZ,domain,2015-06-03,2015-06-06,4,471.8225225,-1.82498384947396,-2843.758663173814,4369.48,-0.6508231329983921,16.231642862629016,4.6289007913338445,-0.0038679455991293,0.0005004505101141
CZ,domain,2015-08-06,2015-08-15,10,469.317511,-1.8152946012667668,-7071.651277972968,7927.490000000001,-0.892041652272405,16.231642862629016,4.6289007913338445,-0.0038679455991293,0.0005004505101141
CZ,domain,2015-08-30,2015-09-01,3,445.5933333333333,-1.7235307726680218,-2014.2529894582826,2840.2400000000002,-0.7091840793236778,16.231642862629016,4.6289007913338445,-0.0038679455991293,0.0005004505101141
CZ,domain,2016-09-09,2016-09-13,5,482.30816599999997,-1.8655417481038237,-3633.6968880655063,1607.21,-2.260872498345273,16.231642862629016,4.6289007913338445,-0.0038679455991293,0.0005004505101141
CZ,domain,2018-05-28,2018-06-01,5,473.55954,-1.8317025386686958,-3567.7849725889428,5290.44,-0.6743834109429354,16.231642862629016,4.6289007913338445,-0.0038679455991293,0.0005004505101141
CZ,domain,2018-08-20,2018-08-23,4,530.5401575000001,-2.052100467363491,-3197.660342829914,2753.38,-1.1613581644487554,16.231642862629016,4.6289007913338445,-0.0038679455991293,0.0005004505101141
CZ,domain,2018-09-19,2018-09-21,3,504.72436,-1.9522463670353523,-2281.547938289962,4347.99,-0.5247362432503208,16.231642862629016,4.6289007913338445,-0.0038679455991293,0.0005004505101141
CZ,domain,2019-06-10,2019-06-15,6,488.845525,-1.890827897077802,-4419.539012169034,9556.199999999999,-0.4624787061979694,16.231642862629016,4.6289007913338445,-0.0038679455991293,0.0005004505101141
CZ,domain,2019-06-25,2019-07-01,7,517.0260171428572,-1.9998285076430644,-5453.364356591185,8776.810000000001,-0.6213378615455027,16.231642862629016,4.6289007913338445,-0.0038679455991293,0.0005004505101141
CZ,domain,2019-08-26,2019-09-01,7,517.2831042857143,-2.0008229067258716,-5456.075999361395,4785.44,-1.1401409273465752,16.231642862629016,4.6289007913338445,-0.0038679455991293,0.0005004505101141
