country,region,start,end,ndays,wfi_MW,dT_attrib_C,dE_heat_MWh,E_wind_MWh,werr,slope_used,slope_se,beta,beta_se
DE,northsea_to_denmark_germany,2015-07-01,2015-07-07,7,2866.964985714286,1.4444004020182657,8861.530785520388,923432.0,0.00959630030746215,36.51841067266744,,0.0005038081766661,8.009783744532679e-05
DE,northsea_to_denmark_germany,2015-08-29,2015-08-31,3,2715.6415,1.3681623925937927,3597.3443606140354,188099.0,0.019124739422400096,36.51841067266744,,0.0005038081766661,8.009783744532679e-05
DE,northsea_to_denmark_germany,2016-08-25,2016-08-27,3,3068.580966666667,1.545976181768632,4064.8747029112274,398966.0,0.010188524092056034,36.51841067266744,,0.0005038081766661,8.009783744532679e-05
DE,northsea_to_denmark_germany,2016-09-12,2016-09-14,3,3335.3595333333337,1.680381405014561,4418.269792922567,477719.0,0.009248679229678047,36.51841067266744,,0.0005038081766661,8.009783744532679e-05
DE,northsea_to_denmark_germany,2017-05-27,2017-05-29,3,3676.9282666666663,1.8524665257613764,4870.737600848887,426715.0,0.01141449820336498,36.51841067266744,,0.0005038081766661,8.009783744532679e-05
DE,northsea_to_denmark_germany,2017-06-19,2017-06-22,4,3658.22325,1.8430427854200344,6461.279359225508,504853.0,0.012798338049344084,36.51841067266744,,0.0005038081766661,8.009783744532679e-05
DE,northsea_to_denmark_germany,2017-07-06,2017-07-08,3,3247.0006333333336,1.6358654687133385,4301.222903403071,306485.0,0.014034040502481592,36.51841067266744,,0.0005038081766661,8.009783744532679e-05
DE,northsea_to_denmark_germany,2018-08-03,2018-08-06,4,3472.3941250000003,1.7494205527823277,6133.0615858281535,467676.0,0.013113911310026928,36.51841067266744,,0.0005038081766661,8.009783744532679e-05
DE,northsea_to_denmark_germany,2018-09-11,2018-09-20,10,3828.8289300000006,1.9289953219897147,16906.522404977946,2425183.0,0.0069712357397268354,36.51841067266744,,0.0005038081766661,8.009783744532679e-05
DE,northsea_to_denmark_germany,2019-06-02,2019-06-04,3,4276.718033333334,2.1546455144886956,5665.2645421525685,606495.0,0.009340991339009503,36.51841067266744,,0.0005038081766661,8.009783744532679e-05
DE,northsea_to_denmark_germany,2019-06-25,2019-06-30,6,3918.23065,1.9740366395337277,10380.77001869545,1324983.0,0.007834643930296049,36.51841067266744,,0.0005038081766661,8.009783744532679e-05
DE,northsea_to_denmark_germany,2019-07-23,2019-07-26,4,3934.284,1.9821244485266105,6948.867323100408,754456.0,0.009210434171244456,36.51841067266744,,0.0005038081766661,8.009783744532679e-05
DE,northsea_to_denmark_germany,2020-07-27,2020-07-31,5,4150.3303,2.0909703410050673,9163.069634062866,1427059.0,0.006420946600009436,36.51841067266744,,0.0005038081766661,8.009783744532679e-05
DE,northsea_to_denmark_germany,2020-08-08,2020-08-12,5,3728.50432,1.8784509631508768,8231.76524409737,1008628.0,0.008161349123856734,36.51841067266744,,0.0005038081766661,8.009783744532679e-05
DE,northsea_to_denmark_germany,2020-09-12,2020-09-20,9,3848.1562888888884,1.9387326034312966,15292.67761366426,1979884.0,0.007724027071113388,36.51841067266744,,0.0005038081766661,8.009783744532679e-05
DE,northsea_to_denmark_germany,2015-07-01,2015-07-22,22,2799.3577727272727,1.4103393353138018,27193.7693463777,3354033.0,0.008107782286691186,36.51841067266744,,0.0005038081766661,8.009783744532679e-05
DE,northsea_to_denmark_germany,2015-08-29,2015-08-31,3,2715.6415,1.3681623925937927,3597.3443606140354,188099.0,0.019124739422400096,36.51841067266744,,0.0005038081766661,8.009783744532679e-05
DE,northsea_to_denmark_germany,2016-08-25,2016-08-28,4,3092.142025,1.557846435607872,5461.447286446028,614447.0,0.008888394420423613,36.51841067266744,,0.0005038081766661,8.009783744532679e-05
DE,northsea_to_denmark_germany,2016-09-08,2016-09-14,7,3339.6935571428576,1.6825649216476646,10322.69226108186,785723.0,0.013137826258212958,36.51841067266744,,0.0005038081766661,8.009783744532679e-05
DE,northsea_to_denmark_germany,2017-05-27,2017-05-29,3,3676.9282666666663,1.8524665257613764,4870.737600848887,426715.0,0.01141449820336498,36.51841067266744,,0.0005038081766661,8.009783744532679e-05
DE,northsea_to_denmark_germany,2017-06-20,2017-06-22,3,3622.3284999999996,1.8249587168706487,4798.410615600954,473668.0,0.010130324648489984,36.51841067266744,,0.0005038081766661,8.009783744532679e-05
DE,northsea_to_denmark_germany,2017-07-06,2017-07-08,3,3247.0006333333336,1.6358654687133385,4301.222903403071,306485.0,0.014034040502481592,36.51841067266744,,0.0005038081766661,8.009783744532679e-05
DE,northsea_to_denmark_germany,2018-07-26,2018-08-04,10,3694.8732499999996,1.8615073550948467,16315.029615250704,1373497.0,0.011878460320809367,36.51841067266744,,0.0005038081766661,8.009783744532679e-05
DE,northsea_to_denmark_germany,2018-09-10,2018-09-12,3,3646.9359666666664,1.837356159784354,4831.007529237137,828323.0,0.0058322750053265895,36.51841067266744,,0.0005038081766661,8.009783744532679e-05
DE,northsea_to_denmark_germany,2018-09-18,2018-09-20,3,4037.0852,2.0339165336576976,5347.828746002882,1028888.0,0.00519767821765137,36.51841067266744,,0.0005038081766661,8.009783744532679e-05
DE,northsea_to_denmark_germany,2019-06-02,2019-06-04,3,4276.718033333334,2.1546455144886956,5665.2645421525685,606495.0,0.009340991339009503,36.51841067266744,,0.0005038081766661,8.009783744532679e-05
DE,northsea_to_denmark_germany,2019-06-25,2019-06-30,6,3918.23065,1.9740366395337277,10380.77001869545,1324983.0,0.007834643930296049,36.51841067266744,,0.0005038081766661,8.009783744532679e-05
DE,northsea_to_denmark_germany,2019-07-23,2019-07-26,4,3934.284,1.9821244485266105,6948.867323100408,754456.0,0.009210434171244456,36.51841067266744,,0.0005038081766661,8.009783744532679e-05
DE,northsea_to_denmark_germany,2020-08-09,2020-08-12,4,3650.280125,1.8390409740967535,6447.249939449051,949253.0,0.006791919477156303,36.51841067266744,,0.0005038081766661,8.009783744532679e-05
DE,northsea_to_denmark_germany,2020-09-13,2020-09-22,10,3933.5255599999996,1.9817423402530996,17368.819350906182,1731762.0,0.01002956488877004,36.51841067266744,,0.0005038081766661,8.009783744532679e-05
DE,northsea_to_denmark_germany,2015-07-02,2015-07-07,6,2833.196416666667,1.4273875208177615,7506.133009093968,764609.0,0.009816956129334036,36.51841067266744,,0.0005038081766661,8.009783744532679e-05
DE,northsea_to_denmark_germany,2015-07-16,2015-07-22,7,2841.8520142857146,1.4317482816721694,8783.908850638358,929630.0,0.009448822489203616,36.51841067266744,,0.0005038081766661,8.009783744532679e-05
DE,northsea_to_denmark_germany,2015-08-06,2015-08-13,8,2741.32575,1.381102327755329,9683.647101301642,810251.0,0.011951416414545174,36.51841067266744,,0.0005038081766661,8.009783744532679e-05
DE,northsea_to_denmark_germany,2015-08-29,2015-08-31,3,2715.6415,1.3681623925937927,3597.3443606140354,188099.0,0.019124739422400096,36.51841067266744,,0.0005038081766661,8.009783744532679e-05
DE,northsea_to_denmark_germany,2016-08-26,2016-08-28,3,2976.5634666666665,1.4996170128722588,3942.9813548007332,433348.0,0.009098879779762993,36.51841067266744,,0.0005038081766661,8.009783744532679e-05
DE,northsea_to_denmark_germany,2016-09-08,2016-09-14,7,3339.6935571428576,1.6825649216476646,10322.69226108186,785723.0,0.013137826258212958,36.51841067266744,,0.0005038081766661,8.009783744532679e-05
DE,northsea_to_denmark_germany,2017-06-20,2017-06-22,3,3622.3284999999996,1.8249587168706487,4798.410615600954,473668.0,0.010130324648489984,36.51841067266744,,0.0005038081766661,8.009783744532679e-05
DE,northsea_to_denmark_germany,2017-07-06,2017-07-08,3,3247.0006333333336,1.6358654687133385,4301.222903403071,306485.0,0.014034040502481592,36.51841067266744,,0.0005038081766661,8.009783744532679e-05
DE,northsea_to_denmark_germany,2018-07-31,2018-08-04,5,3508.19464,1.767457144968185,7745.367103954621,494433.0,0.015665149987874234,36.51841067266744,,0.0005038081766661,8.009783744532679e-05
DE,northsea_to_denmark_germany,2018-09-19,2018-09-23,5,3772.81268,1.900773877213542,8329.588925275497,2329590.0,0.0035755600450188647,36.51841067266744,,0.0005038081766661,8.009783744532679e-05
DE,northsea_to_denmark_germany,2019-06-25,2019-06-30,6,3918.23065,1.9740366395337277,10380.77001869545,1324983.0,0.007834643930296049,36.51841067266744,,0.0005038081766661,8.009783744532679e-05
DE,northsea_to_denmark_germany,2019-07-24,2019-07-26,3,3938.286066666667,1.9841407224368401,5216.951932870434,682246.0,0.007646731432460482,36.51841067266744,,0.0005038081766661,8.009783744532679e-05
DE,northsea_to_denmark_germany,2020-09-14,2020-09-16,3,3988.1623,2.0092687766114796,5283.021768196761,405877.0,0.01301631225271883,36.51841067266744,,0.0005038081766661,8.009783744532679e-05
DE,northsea_to_denmark_germany,2015-07-02,2015-07-07,6,2833.196416666667,1.4273875208177615,7506.133009093968,764609.0,0.009816956129334036,36.51841067266744,,0.0005038081766661,8.009783744532679e-05
DE,northsea_to_denmark_germany,2015-07-17,2015-07-22,6,2882.792116666666,1.45237424000524,7637.529448355705,886672.0,0.008613703205193923,36.51841067266744,,0.0005038081766661,8.009783744532679e-05
DE,northsea_to_denmark_germany,2015-08-06,2015-08-13,8,2741.32575,1.381102327755329,9683.647101301642,810251.0,0.011951416414545174,36.51841067266744,,0.0005038081766661,8.009783744532679e-05
DE,northsea_to_denmark_germany,2015-08-29,2015-08-31,3,2715.6415,1.3681623925937927,3597.3443606140354,188099.0,0.019124739422400096,36.51841067266744,,0.0005038081766661,8.009783744532679e-05
DE,northsea_to_denmark_germany,2016-08-26,2016-08-28,3,2976.5634666666665,1.4996170128722588,3942.9813548007332,433348.0,0.009098879779762993,36.51841067266744,,0.0005038081766661,8.009783744532679e-05
DE,northsea_to_denmark_germany,2016-09-08,2016-09-14,7,3339.6935571428576,1.6825649216476646,10322.69226108186,785723.0,0.013137826258212958,36.51841067266744,,0.0005038081766661,8.009783744532679e-05
DE,northsea_to_denmark_germany,2019-06-25,2019-06-30,6,3918.23065,1.9740366395337277,10380.77001869545,1324983.0,0.007834643930296049,36.51841067266744,,0.0005038081766661,8.009783744532679e-05
DE,northsea_to_denmark_germany,2019-07-24,2019-07-26,3,3938.286066666667,1.9841407224368401,5216.951932870434,682246.0,0.007646731432460482,36.51841067266744,,0.0005038081766661,8.009783744532679e-05
DE,northsea_to_denmark_germany,2015-07-02,2015-07-07,6,2833.196416666667,1.4273875208177615,7506.133009093968,764609.0,0.009816956129334036,36.51841067266744,,0.0005038081766661,8.009783744532679e-05
DE,northsea_to_denmark_germany,2015-07-17,2015-07-22,6,2882.792116666666,1.45237424000524,7637.529448355705,886672.0,0.008613703205193923,36.51841067266744,,0.0005038081766661,8.009783744532679e-05
DE,northsea_to_denmark_germany,2015-08-06,2015-08-13,8,2741.32575,1.381102327755329,9683.647101301642,810251.0,0.011951416414545174,36.51841067266744,,0.0005038081766661,8.009783744532679e-05
DE,northsea_to_denmark_germany,2015-08-28,2015-09-01,5,2743.45824,1.3821766936539877,6056.987534525517,496039.0,0.012210708300205259,36.51841067266744,,0.0005038081766661,8.009783744532679e-05
DE,northsea_to_denmark_germany,2016-09-12,2016-09-15,4,3303.4558,1.6643080432950526,5834.676922643742,741567.0,0.007868037443203031,36.51841067266744,,0.0005038081766661,8.009783744532679e-05
DE,northsea_to_denmark_germany,2018-09-18,2018-09-21,4,4010.124925,2.020333726667531,7082.820165723413,1763076.0,0.004017308480022083,36.51841067266744,,0.0005038081766661,8.009783744532679e-05
DE,northsea_to_denmark_germany,2019-06-25,2019-06-30,6,3918.23065,1.9740366395337277,10380.77001869545,1324983.0,0.007834643930296049,36.51841067266744,,0.0005038081766661,8.009783744532679e-05
DE,northsea_to_denmark_germany,2019-07-24,2019-07-26,3,3938.286066666667,1.9841407224368401,5216.951932870434,682246.0,0.007646731432460482,36.51841067266744,,0.0005038081766661,8.009783744532679e-05
DE,northsea_to_denmark_germany,2020-09-14,2020-09-16,3,3988.1623,2.0092687766114796,5283.021768196761,405877.0,0.01301631225271883,36.51841067266744,,0.0005038081766661,8.009783744532679e-05
DE,northsea_to_denmark_germany,2015-07-03,2015-07-07,5,2792.43336,1.4068507595631912,6165.114455145929,545820.0,0.011295142089234416,36.51841067266744,,0.0005038081766661,8.009783744532679e-05
DE,northsea_to_denmark_germany,2015-07-17,2015-07-22,6,2882.792116666666,1.45237424000524,7637.529448355705,886672.0,0.008613703205193923,36.51841067266744,,0.0005038081766661,8.009783744532679e-05
DE,northsea_to_denmark_germany,2015-08-06,2015-08-14,9,2756.848288888889,1.3889227097701686,10955.78998012392,998584.0,0.010971325376857551,36.51841067266744,,0.0005038081766661,8.009783744532679e-05
DE,northsea_to_denmark_germany,2015-08-28,2015-09-01,5,2743.45824,1.3821766936539877,6056.987534525517,496039.0,0.012210708300205259,36.51841067266744,,0.0005038081766661,8.009783744532679e-05
DE,northsea_to_denmark_germany,2016-09-10,2016-09-15,6,3330.020866666667,1.6776917410953995,8822.395581618854,872974.0,0.010106137847884191,36.51841067266744,,0.0005038081766661,8.009783744532679e-05
DE,northsea_to_denmark_germany,2017-08-01,2017-08-03,3,3758.8222,1.8937253589940586,4979.220505991252,605933.0,0.008217444017723497,36.51841067266744,,0.0005038081766661,8.009783744532679e-05
DE,northsea_to_denmark_germany,2019-06-25,2019-07-06,12,3821.5244499999994,1.92531526523942,20249.12261674621,3340937.0,0.006060911240393401,36.51841067266744,,0.0005038081766661,8.009783744532679e-05
DE,northsea_to_denmark_germany,2019-07-24,2019-07-26,3,3938.286066666667,1.9841407224368401,5216.951932870434,682246.0,0.007646731432460482,36.51841067266744,,0.0005038081766661,8.009783744532679e-05
DE,northsea_to_denmark_germany,2015-07-04,2015-07-07,4,2811.299075,1.4163554610388434,4965.412836930404,474187.0,0.010471423377128442,36.51841067266744,,0.0005038081766661,8.009783744532679e-05
DE,northsea_to_denmark_germany,2015-07-17,2015-07-22,6,2882.792116666666,1.45237424000524,7637.529448355705,886672.0,0.008613703205193923,36.51841067266744,,0.0005038081766661,8.009783744532679e-05
DE,northsea_to_denmark_germany,2015-08-06,2015-08-14,9,2756.848288888889,1.3889227097701686,10955.78998012392,998584.0,0.010971325376857551,36.51841067266744,,0.0005038081766661,8.009783744532679e-05
DE,northsea_to_denmark_germany,2015-08-28,2015-09-01,5,2743.45824,1.3821766936539877,6056.987534525517,496039.0,0.012210708300205259,36.51841067266744,,0.0005038081766661,8.009783744532679e-05
DE,northsea_to_denmark_germany,2016-09-11,2016-09-13,3,3324.391933333334,1.6748558384561578,4403.741279490485,323838.0,0.013598593369186089,36.51841067266744,,0.0005038081766661,8.009783744532679e-05
DE,northsea_to_denmark_germany,2017-06-20,2017-06-22,3,3622.3284999999996,1.8249587168706487,4798.410615600954,473668.0,0.010130324648489984,36.51841067266744,,0.0005038081766661,8.009783744532679e-05
DE,northsea_to_denmark_germany,2017-08-01,2017-08-03,3,3758.8222,1.8937253589940586,4979.220505991252,605933.0,0.008217444017723497,36.51841067266744,,0.0005038081766661,8.009783744532679e-05
DE,northsea_to_denmark_germany,2019-06-26,2019-07-06,11,3808.522945454545,1.9187650009404589,18498.54554821279,3150096.0,0.0058723751746654045,36.51841067266744,,0.0005038081766661,8.009783744532679e-05
DE,northsea_to_denmark_germany,2015-07-01,2015-07-07,7,2866.964985714286,1.4444004020182657,8861.530785520388,923432.0,0.00959630030746215,36.51841067266744,,0.0005038081766661,8.009783744532679e-05
DE,northsea_to_denmark_germany,2016-08-25,2016-08-27,3,3068.580966666667,1.545976181768632,4064.8747029112274,398966.0,0.010188524092056034,36.51841067266744,,0.0005038081766661,8.009783744532679e-05
DE,northsea_to_denmark_germany,2016-09-12,2016-09-14,3,3335.3595333333337,1.680381405014561,4418.269792922567,477719.0,0.009248679229678047,36.51841067266744,,0.0005038081766661,8.009783744532679e-05
DE,northsea_to_denmark_germany,2017-05-27,2017-05-29,3,3676.9282666666663,1.8524665257613764,4870.737600848887,426715.0,0.01141449820336498,36.51841067266744,,0.0005038081766661,8.009783744532679e-05
DE,northsea_to_denmark_germany,2017-06-15,2017-06-22,8,3594.3605125,1.8108682160832534,12696.965604289715,1434413.0,0.00885168051620399,36.51841067266744,,0.0005038081766661,8.009783744532679e-05
DE,northsea_to_denmark_germany,2018-05-06,2018-05-09,4,4108.128375,2.069708666119018,7255.917220042852,995565.0,0.007288240566957308,36.51841067266744,,0.0005038081766661,8.009783744532679e-05
DE,northsea_to_denmark_germany,2018-07-25,2018-07-27,3,3413.4270666666666,1.7197124666400474,4521.683958888036,480159.0,0.009417055514710827,36.51841067266744,,0.0005038081766661,8.009783744532679e-05
DE,northsea_to_denmark_germany,2018-08-03,2018-08-07,5,3601.6902,1.8145609725781608,7951.785934464496,614753.0,0.012934928230467352,36.51841067266744,,0.0005038081766661,8.009783744532679e-05
DE,northsea_to_denmark_germany,2019-06-02,2019-06-04,3,4276.718033333334,2.1546455144886956,5665.2645421525685,606495.0,0.009340991339009503,36.51841067266744,,0.0005038081766661,8.009783744532679e-05
DE,northsea_to_denmark_germany,2019-06-25,2019-06-30,6,3918.23065,1.9740366395337277,10380.77001869545,1324983.0,0.007834643930296049,36.51841067266744,,0.0005038081766661,8.009783744532679e-05
DE,northsea_to_denmark_germany,2019-07-23,2019-07-26,4,3934.284,1.9821244485266105,6948.867323100408,754456.0,0.009210434171244456,36.51841067266744,,0.0005038081766661,8.009783744532679e-05
DE,northsea_to_denmark_germany,2019-08-26,2019-08-31,6,4167.274483333334,2.0995069591153306,11040.574657405949,588338.0,0.018765700426295683,36.51841067266744,,0.0005038081766661,8.009783744532679e-05
DE,northsea_to_denmark_germany,2020-08-08,2020-08-12,5,3728.50432,1.8784509631508768,8231.76524409737,1008628.0,0.008161349123856734,36.51841067266744,,0.0005038081766661,8.009783744532679e-05
DE,northsea_to_denmark_germany,2020-09-14,2020-09-22,9,3917.7171222222223,1.973777920040338,15569.114254706106,1458447.0,0.010675132010080659,36.51841067266744,,0.0005038081766661,8.009783744532679e-05
DE,northsea_to_denmark_germany,2015-07-01,2015-07-07,7,2866.964985714286,1.4444004020182657,8861.530785520388,923432.0,0.00959630030746215,36.51841067266744,,0.0005038081766661,8.009783744532679e-05
DE,northsea_to_denmark_germany,2016-08-26,2016-08-28,3,2976.5634666666665,1.4996170128722588,3942.9813548007332,433348.0,0.009098879779762993,36.51841067266744,,0.0005038081766661,8.009783744532679e-05
DE,northsea_to_denmark_germany,2016-09-08,2016-09-14,7,3339.6935571428576,1.6825649216476646,10322.69226108186,785723.0,0.013137826258212958,36.51841067266744,,0.0005038081766661,8.009783744532679e-05
DE,northsea_to_denmark_germany,2016-09-25,2016-09-29,5,3256.8426,1.6408239319944802,7190.433862813847,1294213.0,0.005555834984514795,36.51841067266744,,0.0005038081766661,8.009783744532679e-05
DE,northsea_to_denmark_germany,2017-05-27,2017-05-29,3,3676.9282666666663,1.8524665257613764,4870.737600848887,426715.0,0.01141449820336498,36.51841067266744,,0.0005038081766661,8.009783744532679e-05
DE,northsea_to_denmark_germany,2017-06-20,2017-06-22,3,3622.3284999999996,1.8249587168706487,4798.410615600954,473668.0,0.010130324648489984,36.51841067266744,,0.0005038081766661,8.009783744532679e-05
DE,northsea_to_denmark_germany,2018-07-25,2018-07-27,3,3413.4270666666666,1.7197124666400474,4521.683958888036,480159.0,0.009417055514710827,36.51841067266744,,0.0005038081766661,8.009783744532679e-05
DE,northsea_to_denmark_germany,2018-08-03,2018-08-07,5,3601.6902,1.8145609725781608,7951.785934464496,614753.0,0.012934928230467352,36.51841067266744,,0.0005038081766661,8.009783744532679e-05
DE,northsea_to_denmark_germany,2018-09-18,2018-09-20,3,4037.0852,2.0339165336576976,5347.828746002882,1028888.0,0.00519767821765137,36.51841067266744,,0.0005038081766661,8.009783744532679e-05
DE,northsea_to_denmark_germany,2019-06-02,2019-06-04,3,4276.718033333334,2.1546455144886956,5665.2645421525685,606495.0,0.009340991339009503,36.51841067266744,,0.0005038081766661,8.009783744532679e-05
DE,northsea_to_denmark_germany,2019-06-25,2019-06-30,6,3918.23065,1.9740366395337277,10380.77001869545,1324983.0,0.007834643930296049,36.51841067266744,,0.0005038081766661,8.009783744532679e-05
DE,northsea_to_denmark_germany,2019-07-23,2019-07-26,4,3934.284,1.9821244485266105,6948.867323100408,754456.0,0.009210434171244456,36.51841067266744,,0.0005038081766661,8.009783744532679e-05
DE,northsea_to_denmark_germany,2019-08-27,2019-08-31,5,4197.9703,2.1149717625414404,9268.248886270034,512476.0,0.018085234989092237,36.51841067266744,,0.0005038081766661,8.009783744532679e-05
DE,northsea_to_denmark_germany,2020-08-08,2020-08-12,5,3728.50432,1.8784509631508768,8231.76524409737,1008628.0,0.008161349123856734,36.51841067266744,,0.0005038081766661,8.009783744532679e-05
DE,northsea_to_denmark_germany,2020-09-14,2020-09-16,3,3988.1623,2.0092687766114796,5283.021768196761,405877.0,0.01301631225271883,36.51841067266744,,0.0005038081766661,8.009783744532679e-05
DE,northsea_to_denmark_germany,2015-07-02,2015-07-07,6,2833.196416666667,1.4273875208177615,7506.133009093968,764609.0,0.009816956129334036,36.51841067266744,,0.0005038081766661,8.009783744532679e-05
DE,northsea_to_denmark_germany,2015-07-17,2015-07-22,6,2882.792116666666,1.45237424000524,7637.529448355705,886672.0,0.008613703205193923,36.51841067266744,,0.0005038081766661,8.009783744532679e-05
DE,northsea_to_denmark_germany,2016-08-26,2016-08-28,3,2976.5634666666665,1.4996170128722588,3942.9813548007332,433348.0,0.009098879779762993,36.51841067266744,,0.0005038081766661,8.009783744532679e-05
DE,northsea_to_denmark_germany,2016-09-08,2016-09-14,7,3339.6935571428576,1.6825649216476646,10322.69226108186,785723.0,0.013137826258212958,36.51841067266744,,0.0005038081766661,8.009783744532679e-05
DE,northsea_to_denmark_germany,2017-06-20,2017-06-22,3,3622.3284999999996,1.8249587168706487,4798.410615600954,473668.0,0.010130324648489984,36.51841067266744,,0.0005038081766661,8.009783744532679e-05
DE,northsea_to_denmark_germany,2018-07-31,2018-08-04,5,3508.19464,1.767457144968185,7745.367103954621,494433.0,0.015665149987874234,36.51841067266744,,0.0005038081766661,8.009783744532679e-05
DE,northsea_to_denmark_germany,2018-09-18,2018-09-20,3,4037.0852,2.0339165336576976,5347.828746002882,1028888.0,0.00519767821765137,36.51841067266744,,0.0005038081766661,8.009783744532679e-05
DE,northsea_to_denmark_germany,2019-06-25,2019-06-30,6,3918.23065,1.9740366395337277,10380.77001869545,1324983.0,0.007834643930296049,36.51841067266744,,0.0005038081766661,8.009783744532679e-05
DE,northsea_to_denmark_germany,2019-07-24,2019-07-26,3,3938.286066666667,1.9841407224368401,5216.951932870434,682246.0,0.007646731432460482,36.51841067266744,,0.0005038081766661,8.009783744532679e-05
DE,northsea_to_denmark_germany,2019-08-28,2019-08-31,4,4282.817375,2.1577184126926423,7564.45892262586,414384.0,0.01825470800664567,36.51841067266744,,0.0005038081766661,8.009783744532679e-05
DE,northsea_to_denmark_germany,2020-08-08,2020-08-11,4,3654.13345,1.8409823107391052,6454.0558142099435,714307.0,0.009035408884709157,36.51841067266744,,0.0005038081766661,8.009783744532679e-05
DE,northsea_to_denmark_germany,2015-07-02,2015-07-07,6,2833.196416666667,1.4273875208177615,7506.133009093968,764609.0,0.009816956129334036,36.51841067266744,,0.0005038081766661,8.009783744532679e-05
DE,northsea_to_denmark_germany,2015-07-17,2015-07-22,6,2882.792116666666,1.45237424000524,7637.529448355705,886672.0,0.008613703205193923,36.51841067266744,,0.0005038081766661,8.009783744532679e-05
DE,northsea_to_denmark_germany,2015-08-06,2015-08-13,8,2741.32575,1.381102327755329,9683.647101301642,810251.0,0.011951416414545174,36.51841067266744,,0.0005038081766661,8.009783744532679e-05
DE,northsea_to_denmark_germany,2016-08-26,2016-08-28,3,2976.5634666666665,1.4996170128722588,3942.9813548007332,433348.0,0.009098879779762993,36.51841067266744,,0.0005038081766661,8.009783744532679e-05
DE,northsea_to_denmark_germany,2016-09-08,2016-09-15,8,3323.1999375,1.6742553012087724,11739.099390803036,1049571.0,0.011184664392216473,36.51841067266744,,0.0005038081766661,8.009783744532679e-05
DE,northsea_to_denmark_germany,2017-06-20,2017-06-22,3,3622.3284999999996,1.8249587168706487,4798.410615600954,473668.0,0.010130324648489984,36.51841067266744,,0.0005038081766661,8.009783744532679e-05
DE,northsea_to_denmark_germany,2018-07-31,2018-08-04,5,3508.19464,1.767457144968185,7745.367103954621,494433.0,0.015665149987874234,36.51841067266744,,0.0005038081766661,8.009783744532679e-05
DE,northsea_to_denmark_germany,2018-09-18,2018-09-21,4,4010.124925,2.020333726667531,7082.820165723413,1763076.0,0.004017308480022083,36.51841067266744,,0.0005038081766661,8.009783744532679e-05
DE,northsea_to_denmark_germany,2019-06-25,2019-06-30,6,3918.23065,1.9740366395337277,10380.77001869545,1324983.0,0.007834643930296049,36.51841067266744,,0.0005038081766661,8.009783744532679e-05
DE,northsea_to_denmark_germany,2019-07-24,2019-07-26,3,3938.286066666667,1.9841407224368401,5216.951932870434,682246.0,0.007646731432460482,36.51841067266744,,0.0005038081766661,8.009783744532679e-05
DE,northsea_to_denmark_germany,2015-07-02,2015-07-07,6,2833.196416666667,1.4273875208177615,7506.133009093968,764609.0,0.009816956129334036,36.51841067266744,,0.0005038081766661,8.009783744532679e-05
DE,northsea_to_denmark_germany,2015-07-17,2015-07-22,6,2882.792116666666,1.45237424000524,7637.529448355705,886672.0,0.008613703205193923,36.51841067266744,,0.0005038081766661,8.009783744532679e-05
DE,northsea_to_denmark_germany,2015-08-06,2015-08-13,8,2741.32575,1.381102327755329,9683.647101301642,810251.0,0.011951416414545174,36.51841067266744,,0.0005038081766661,8.009783744532679e-05
DE,northsea_to_denmark_germany,2015-08-30,2015-09-01,3,2632.0316333333335,1.3260390581171637,3486.5884002470193,369845.0,0.009427161108699643,36.51841067266744,,0.0005038081766661,8.009783744532679e-05
DE,northsea_to_denmark_germany,2016-09-09,2016-09-15,7,3314.029285714286,1.669635051853772,10243.366307508844,935236.0,0.010952707452994585,36.51841067266744,,0.0005038081766661,8.009783744532679e-05
DE,northsea_to_denmark_germany,2017-06-20,2017-06-22,3,3622.3284999999996,1.8249587168706487,4798.410615600954,473668.0,0.010130324648489984,36.51841067266744,,0.0005038081766661,8.009783744532679e-05
DE,northsea_to_denmark_germany,2018-09-18,2018-09-21,4,4010.124925,2.020333726667531,7082.820165723413,1763076.0,0.004017308480022083,36.51841067266744,,0.0005038081766661,8.009783744532679e-05
DE,northsea_to_denmark_germany,2019-06-25,2019-07-01,7,3913.5900714285713,1.9716986781049803,12096.554744365258,1721978.0,0.007024802142864344,36.51841067266744,,0.0005038081766661,8.009783744532679e-05
DE,northsea_to_denmark_germany,2019-07-24,2019-07-26,3,3938.286066666667,1.9841407224368401,5216.951932870434,682246.0,0.007646731432460482,36.51841067266744,,0.0005038081766661,8.009783744532679e-05
DE,northsea_to_denmark_germany,2015-07-03,2015-07-07,5,2792.43336,1.4068507595631912,6165.114455145929,545820.0,0.011295142089234416,36.51841067266744,,0.0005038081766661,8.009783744532679e-05
DE,northsea_to_denmark_germany,2015-07-17,2015-07-22,6,2882.792116666666,1.45237424000524,7637.529448355705,886672.0,0.008613703205193923,36.51841067266744,,0.0005038081766661,8.009783744532679e-05
DE,northsea_to_denmark_germany,2015-08-06,2015-08-14,9,2756.848288888889,1.3889227097701686,10955.78998012392,998584.0,0.010971325376857551,36.51841067266744,,0.0005038081766661,8.009783744532679e-05
DE,northsea_to_denmark_germany,2015-08-29,2015-09-01,4,2711.247175,1.3659484957278645,4788.697739971439,409420.0,0.011696296565803914,36.51841067266744,,0.0005038081766661,8.009783744532679e-05
DE,northsea_to_denmark_germany,2016-09-08,2016-09-14,7,3339.6935571428576,1.6825649216476646,10322.69226108186,785723.0,0.013137826258212958,36.51841067266744,,0.0005038081766661,8.009783744532679e-05
DE,northsea_to_denmark_germany,2017-06-20,2017-06-22,3,3622.3284999999996,1.8249587168706487,4798.410615600954,473668.0,0.010130324648489984,36.51841067266744,,0.0005038081766661,8.009783744532679e-05
DE,northsea_to_denmark_germany,2019-06-26,2019-07-01,6,3905.0982499999996,1.9674204290344774,10345.977675831833,1531137.0,0.006757055492638368,36.51841067266744,,0.0005038081766661,8.009783744532679e-05
DE,northsea_to_denmark_germany,2019-07-24,2019-07-26,3,3938.286066666667,1.9841407224368401,5216.951932870434,682246.0,0.007646731432460482,36.51841067266744,,0.0005038081766661,8.009783744532679e-05
DE,northsea_to_denmark_germany,2020-09-14,2020-09-16,3,3988.1623,2.0092687766114796,5283.021768196761,405877.0,0.01301631225271883,36.51841067266744,,0.0005038081766661,8.009783744532679e-05
DE,northsea_to_denmark_germany,2015-07-03,2015-07-07,5,2792.43336,1.4068507595631912,6165.114455145929,545820.0,0.011295142089234416,36.51841067266744,,0.0005038081766661,8.009783744532679e-05
DE,northsea_to_denmark_germany,2015-07-17,2015-07-22,6,2882.792116666666,1.45237424000524,7637.529448355705,886672.0,0.008613703205193923,36.51841067266744,,0.0005038081766661,8.009783744532679e-05
DE,northsea_to_denmark_germany,2015-08-06,2015-08-14,9,2756.848288888889,1.3889227097701686,10955.78998012392,998584.0,0.010971325376857551,36.51841067266744,,0.0005038081766661,8.009783744532679e-05
DE,northsea_to_denmark_germany,2015-08-29,2015-09-01,4,2711.247175,1.3659484957278645,4788.697739971439,409420.0,0.011696296565803914,36.51841067266744,,0.0005038081766661,8.009783744532679e-05
DE,northsea_to_denmark_germany,2016-09-08,2016-09-14,7,3339.6935571428576,1.6825649216476646,10322.69226108186,785723.0,0.013137826258212958,36.51841067266744,,0.0005038081766661,8.009783744532679e-05
DE,northsea_to_denmark_germany,2017-06-20,2017-06-22,3,3622.3284999999996,1.8249587168706487,4798.410615600954,473668.0,0.010130324648489984,36.51841067266744,,0.0005038081766661,8.009783744532679e-05
DE,northsea_to_denmark_germany,2018-07-31,2018-08-09,10,3647.6704300000006,1.837726188417149,16106.601516607985,1511000.0,0.010659564206888144,36.51841067266744,,0.0005038081766661,8.009783744532679e-05
DE,northsea_to_denmark_germany,2018-08-19,2018-08-23,5,3748.5652200000004,1.888557808602158,8276.055556032778,646492.0,0.012801481775540574,36.51841067266744,,0.0005038081766661,8.009783744532679e-05
DE,northsea_to_denmark_germany,2019-06-11,2019-06-15,5,3774.7315000000003,1.9017405944190926,8333.825282385495,1142146.0,0.007296637454743522,36.51841067266744,,0.0005038081766661,8.009783744532679e-05
DE,northsea_to_denmark_germany,2019-06-26,2019-07-01,6,3905.0982499999996,1.9674204290344774,10345.977675831833,1531137.0,0.006757055492638368,36.51841067266744,,0.0005038081766661,8.009783744532679e-05
DE,northsea_to_denmark_germany,2020-09-14,2020-09-16,3,3988.1623,2.0092687766114796,5283.021768196761,405877.0,0.01301631225271883,36.51841067266744,,0.0005038081766661,8.009783744532679e-05
DE,northsea_to_denmark_germany,2015-07-01,2015-07-04,4,2878.301825,1.450111994347958,5083.755391772115,532136.0,0.009553488942248063,36.51841067266744,,0.0005038081766661,8.009783744532679e-05
DE,northsea_to_denmark_germany,2015-08-03,2015-08-06,4,3041.744125,1.5324555615010718,5372.432787120894,454125.0,0.01183029515468405,36.51841067266744,,0.0005038081766661,8.009783744532679e-05
DE,northsea_to_denmark_germany,2016-08-24,2016-08-27,4,3180.4491000000003,1.6023362620503387,5617.418270713069,519349.0,0.01081626857992038,36.51841067266744,,0.0005038081766661,8.009783744532679e-05
DE,northsea_to_denmark_germany,2016-09-08,2016-09-15,8,3323.1999375,1.6742553012087724,11739.099390803036,1049571.0,0.011184664392216473,36.51841067266744,,0.0005038081766661,8.009783744532679e-05
DE,northsea_to_denmark_germany,2017-05-27,2017-05-29,3,3676.9282666666663,1.8524665257613764,4870.737600848887,426715.0,0.01141449820336498,36.51841067266744,,0.0005038081766661,8.009783744532679e-05
DE,northsea_to_denmark_germany,2017-06-15,2017-06-22,8,3594.3605125,1.8108682160832534,12696.965604289715,1434413.0,0.00885168051620399,36.51841067266744,,0.0005038081766661,8.009783744532679e-05
DE,northsea_to_denmark_germany,2018-05-26,2018-05-28,3,3431.8581333333336,1.728998188731392,4546.099145404163,481443.0,0.009442652910945145,36.51841067266744,,0.0005038081766661,8.009783744532679e-05
DE,northsea_to_denmark_germany,2018-07-25,2018-07-27,3,3413.4270666666666,1.7197124666400474,4521.683958888036,480159.0,0.009417055514710827,36.51841067266744,,0.0005038081766661,8.009783744532679e-05
DE,northsea_to_denmark_germany,2018-08-03,2018-08-07,5,3601.6902,1.8145609725781608,7951.785934464496,614753.0,0.012934928230467352,36.51841067266744,,0.0005038081766661,8.009783744532679e-05
DE,northsea_to_denmark_germany,2019-06-02,2019-06-04,3,4276.718033333334,2.1546455144886956,5665.2645421525685,606495.0,0.009340991339009503,36.51841067266744,,0.0005038081766661,8.009783744532679e-05
DE,northsea_to_denmark_germany,2019-06-25,2019-06-29,5,3881.76408,1.9556644833927608,8570.131049098421,979777.0,0.008747022076552544,36.51841067266744,,0.0005038081766661,8.009783744532679e-05
DE,northsea_to_denmark_germany,2019-07-23,2019-07-26,4,3934.284,1.9821244485266105,6948.867323100408,754456.0,0.009210434171244456,36.51841067266744,,0.0005038081766661,8.009783744532679e-05
DE,northsea_to_denmark_germany,2019-08-25,2019-08-31,7,4147.516028571428,2.089552488047995,12819.598827945963,712691.0,0.01798759746923416,36.51841067266744,,0.0005038081766661,8.009783744532679e-05
DE,northsea_to_denmark_germany,2020-08-06,2020-08-20,15,3949.6545066666663,1.9898682354647776,26160.057146591593,2165128.0,0.012082452929615059,36.51841067266744,,0.0005038081766661,8.009783744532679e-05
DE,northsea_to_denmark_germany,2020-09-14,2020-09-16,3,3988.1623,2.0092687766114796,5283.021768196761,405877.0,0.01301631225271883,36.51841067266744,,0.0005038081766661,8.009783744532679e-05
DE,northsea_to_denmark_germany,2015-07-01,2015-07-07,7,2866.964985714286,1.4444004020182657,8861.530785520388,923432.0,0.00959630030746215,36.51841067266744,,0.0005038081766661,8.009783744532679e-05
DE,northsea_to_denmark_germany,2016-08-25,2016-08-28,4,3092.142025,1.557846435607872,5461.447286446028,614447.0,0.008888394420423613,36.51841067266744,,0.0005038081766661,8.009783744532679e-05
DE,northsea_to_denmark_germany,2016-09-08,2016-09-15,8,3323.1999375,1.6742553012087724,11739.099390803036,1049571.0,0.011184664392216473,36.51841067266744,,0.0005038081766661,8.009783744532679e-05
DE,northsea_to_denmark_germany,2017-05-27,2017-05-29,3,3676.9282666666663,1.8524665257613764,4870.737600848887,426715.0,0.01141449820336498,36.51841067266744,,0.0005038081766661,8.009783744532679e-05
DE,northsea_to_denmark_germany,2017-06-15,2017-06-22,8,3594.3605125,1.8108682160832534,12696.965604289715,1434413.0,0.00885168051620399,36.51841067266744,,0.0005038081766661,8.009783744532679e-05
DE,northsea_to_denmark_germany,2018-05-26,2018-05-29,4,3415.827975,1.7209220638898066,6033.15251181911,765963.0,0.007876558674269006,36.51841067266744,,0.0005038081766661,8.009783744532679e-05
DE,northsea_to_denmark_germany,2018-07-25,2018-08-07,14,3681.8351785714285,1.854938668101176,22760.44245025472,1881445.0,0.012097320118448702,36.51841067266744,,0.0005038081766661,8.009783744532679e-05
DE,northsea_to_denmark_germany,2018-09-18,2018-09-20,3,4037.0852,2.0339165336576976,5347.828746002882,1028888.0,0.00519767821765137,36.51841067266744,,0.0005038081766661,8.009783744532679e-05
DE,northsea_to_denmark_germany,2019-06-25,2019-06-30,6,3918.23065,1.9740366395337277,10380.77001869545,1324983.0,0.007834643930296049,36.51841067266744,,0.0005038081766661,8.009783744532679e-05
DE,northsea_to_denmark_germany,2019-07-23,2019-07-26,4,3934.284,1.9821244485266105,6948.867323100408,754456.0,0.009210434171244456,36.51841067266744,,0.0005038081766661,8.009783744532679e-05
DE,northsea_to_denmark_germany,2019-08-26,2019-08-31,6,4167.274483333334,2.0995069591153306,11040.574657405949,588338.0,0.018765700426295683,36.51841067266744,,0.0005038081766661,8.009783744532679e-05
DE,northsea_to_denmark_germany,2020-08-07,2020-08-16,10,3716.6532399999996,1.8724802921445527,16411.201028402662,1577959.0,0.010400270874213248,36.51841067266744,,0.0005038081766661,8.009783744532679e-05
DE,northsea_to_denmark_germany,2020-09-14,2020-09-22,9,3917.7171222222223,1.973777920040338,15569.114254706106,1458447.0,0.010675132010080659,36.51841067266744,,0.0005038081766661,8.009783744532679e-05
DE,northsea_to_denmark_germany,2015-07-02,2015-07-07,6,2833.196416666667,1.4273875208177615,7506.133009093968,764609.0,0.009816956129334036,36.51841067266744,,0.0005038081766661,8.009783744532679e-05
DE,northsea_to_denmark_germany,2016-08-25,2016-08-28,4,3092.142025,1.557846435607872,5461.447286446028,614447.0,0.008888394420423613,36.51841067266744,,0.0005038081766661,8.009783744532679e-05
DE,northsea_to_denmark_germany,2016-09-10,2016-09-15,6,3330.020866666667,1.6776917410953995,8822.395581618854,872974.0,0.010106137847884191,36.51841067266744,,0.0005038081766661,8.009783744532679e-05
DE,northsea_to_denmark_germany,2017-06-20,2017-06-22,3,3622.3284999999996,1.8249587168706487,4798.410615600954,473668.0,0.010130324648489984,36.51841067266744,,0.0005038081766661,8.009783744532679e-05
DE,northsea_to_denmark_germany,2018-07-25,2018-08-07,14,3681.8351785714285,1.854938668101176,22760.44245025472,1881445.0,0.012097320118448702,36.51841067266744,,0.0005038081766661,8.009783744532679e-05
DE,northsea_to_denmark_germany,2018-09-18,2018-09-20,3,4037.0852,2.0339165336576976,5347.828746002882,1028888.0,0.00519767821765137,36.51841067266744,,0.0005038081766661,8.009783744532679e-05
DE,northsea_to_denmark_germany,2019-06-25,2019-06-30,6,3918.23065,1.9740366395337277,10380.77001869545,1324983.0,0.007834643930296049,36.51841067266744,,0.0005038081766661,8.009783744532679e-05
DE,northsea_to_denmark_germany,2019-07-24,2019-07-26,3,3938.286066666667,1.9841407224368401,5216.951932870434,682246.0,0.007646731432460482,36.51841067266744,,0.0005038081766661,8.009783744532679e-05
DE,northsea_to_denmark_germany,2019-08-26,2019-08-31,6,4167.274483333334,2.0995069591153306,11040.574657405949,588338.0,0.018765700426295683,36.51841067266744,,0.0005038081766661,8.009783744532679e-05
DE,northsea_to_denmark_germany,2020-08-08,2020-08-11,4,3654.13345,1.8409823107391052,6454.0558142099435,714307.0,0.009035408884709157,36.51841067266744,,0.0005038081766661,8.009783744532679e-05
DE,northsea_to_denmark_germany,2020-09-14,2020-09-16,3,3988.1623,2.0092687766114796,5283.021768196761,405877.0,0.01301631225271883,36.51841067266744,,0.0005038081766661,8.009783744532679e-05
DE,northsea_to_denmark_germany,2015-07-02,2015-07-07,6,2833.196416666667,1.4273875208177615,7506.133009093968,764609.0,0.009816956129334036,36.51841067266744,,0.0005038081766661,8.009783744532679e-05
DE,northsea_to_denmark_germany,2016-08-25,2016-08-28,4,3092.142025,1.557846435607872,5461.447286446028,614447.0,0.008888394420423613,36.51841067266744,,0.0005038081766661,8.009783744532679e-05
DE,northsea_to_denmark_germany,2016-09-08,2016-09-15,8,3323.1999375,1.6742553012087724,11739.099390803036,1049571.0,0.011184664392216473,36.51841067266744,,0.0005038081766661,8.009783744532679e-05
DE,northsea_to_denmark_germany,2018-05-09,2018-05-14,6,3582.0074333333337,1.8046446337920834,9489.996555126458,1380247.0,0.0068755784690178335,36.51841067266744,,0.0005038081766661,8.009783744532679e-05
DE,northsea_to_denmark_germany,2018-07-25,2018-08-09,16,3694.1090062499998,1.8611223228446307,26098.64805032025,2467440.0,0.010577216892941775,36.51841067266744,,0.0005038081766661,8.009783744532679e-05
DE,northsea_to_denmark_germany,2018-09-18,2018-09-20,3,4037.0852,2.0339165336576976,5347.828746002882,1028888.0,0.00519767821765137,36.51841067266744,,0.0005038081766661,8.009783744532679e-05
DE,northsea_to_denmark_germany,2019-06-03,2019-06-05,3,4167.2897,2.0995146253964188,5520.307485851854,643224.0,0.008582247375489493,36.51841067266744,,0.0005038081766661,8.009783744532679e-05
DE,northsea_to_denmark_germany,2019-06-25,2019-06-30,6,3918.23065,1.9740366395337277,10380.77001869545,1324983.0,0.007834643930296049,36.51841067266744,,0.0005038081766661,8.009783744532679e-05
DE,northsea_to_denmark_germany,2019-07-24,2019-07-26,3,3938.286066666667,1.9841407224368401,5216.951932870434,682246.0,0.007646731432460482,36.51841067266744,,0.0005038081766661,8.009783744532679e-05
DE,northsea_to_denmark_germany,2019-08-26,2019-08-31,6,4167.274483333334,2.0995069591153306,11040.574657405949,588338.0,0.018765700426295683,36.51841067266744,,0.0005038081766661,8.009783744532679e-05
DE,northsea_to_denmark_germany,2020-08-08,2020-08-12,5,3728.50432,1.8784509631508768,8231.76524409737,1008628.0,0.008161349123856734,36.51841067266744,,0.0005038081766661,8.009783744532679e-05
DE,northsea_to_denmark_germany,2015-07-02,2015-07-07,6,2833.196416666667,1.4273875208177615,7506.133009093968,764609.0,0.009816956129334036,36.51841067266744,,0.0005038081766661,8.009783744532679e-05
DE,northsea_to_denmark_germany,2015-08-04,2015-08-07,4,2991.6792499999997,1.5072324681123053,5284.006487971517,399369.0,0.013230887945663078,36.51841067266744,,0.0005038081766661,8.009783744532679e-05
DE,northsea_to_denmark_germany,2016-08-26,2016-08-28,3,2976.5634666666665,1.4996170128722588,3942.9813548007332,433348.0,0.009098879779762993,36.51841067266744,,0.0005038081766661,8.009783744532679e-05
DE,northsea_to_denmark_germany,2016-09-08,2016-09-14,7,3339.6935571428576,1.6825649216476646,10322.69226108186,785723.0,0.013137826258212958,36.51841067266744,,0.0005038081766661,8.009783744532679e-05
DE,northsea_to_denmark_germany,2017-06-20,2017-06-22,3,3622.3284999999996,1.8249587168706487,4798.410615600954,473668.0,0.010130324648489984,36.51841067266744,,0.0005038081766661,8.009783744532679e-05
DE,northsea_to_denmark_germany,2018-07-28,2018-08-09,13,3758.881761538462,1.8937553665841504,21576.96409143222,1987281.0,0.010857530511000819,36.51841067266744,,0.0005038081766661,8.009783744532679e-05
DE,northsea_to_denmark_germany,2018-09-18,2018-09-21,4,4010.124925,2.020333726667531,7082.820165723413,1763076.0,0.004017308480022083,36.51841067266744,,0.0005038081766661,8.009783744532679e-05
DE,northsea_to_denmark_germany,2019-06-03,2019-06-05,3,4167.2897,2.0995146253964188,5520.307485851854,643224.0,0.008582247375489493,36.51841067266744,,0.0005038081766661,8.009783744532679e-05
DE,northsea_to_denmark_germany,2019-06-25,2019-06-30,6,3918.23065,1.9740366395337277,10380.77001869545,1324983.0,0.007834643930296049,36.51841067266744,,0.0005038081766661,8.009783744532679e-05
DE,northsea_to_denmark_germany,2019-08-25,2019-08-31,7,4147.516028571428,2.089552488047995,12819.598827945963,712691.0,0.01798759746923416,36.51841067266744,,0.0005038081766661,8.009783744532679e-05
DE,northsea_to_denmark_germany,2020-09-14,2020-09-16,3,3988.1623,2.0092687766114796,5283.021768196761,405877.0,0.01301631225271883,36.51841067266744,,0.0005038081766661,8.009783744532679e-05
DE,northsea_to_denmark_germany,2015-07-03,2015-07-07,5,2792.43336,1.4068507595631912,6165.114455145929,545820.0,0.011295142089234416,36.51841067266744,,0.0005038081766661,8.009783744532679e-05
DE,northsea_to_denmark_germany,2015-08-04,2015-08-14,11,2809.9359909090913,1.41566872812836,13648.264605424481,1230154.0,0.011094760985555046,36.51841067266744,,0.0005038081766661,8.009783744532679e-05
DE,northsea_to_denmark_germany,2015-08-30,2015-09-01,3,2632.0316333333335,1.3260390581171637,3486.5884002470193,369845.0,0.009427161108699643,36.51841067266744,,0.0005038081766661,8.009783744532679e-05
DE,northsea_to_denmark_germany,2016-09-08,2016-09-14,7,3339.6935571428576,1.6825649216476646,10322.69226108186,785723.0,0.013137826258212958,36.51841067266744,,0.0005038081766661,8.009783744532679e-05
DE,northsea_to_denmark_germany,2017-06-20,2017-06-22,3,3622.3284999999996,1.8249587168706487,4798.410615600954,473668.0,0.010130324648489984,36.51841067266744,,0.0005038081766661,8.009783744532679e-05
DE,northsea_to_denmark_germany,2018-05-28,2018-05-31,4,3471.0933000000005,1.7487651865109162,6130.764024102673,687216.0,0.008921160194324162,36.51841067266744,,0.0005038081766661,8.009783744532679e-05
DE,northsea_to_denmark_germany,2018-07-31,2018-08-17,18,3670.892411111111,1.8494256123793122,29176.452297252225,3334471.0,0.008749949331468837,36.51841067266744,,0.0005038081766661,8.009783744532679e-05
DE,northsea_to_denmark_germany,2018-09-18,2018-09-21,4,4010.124925,2.020333726667531,7082.820165723413,1763076.0,0.004017308480022083,36.51841067266744,,0.0005038081766661,8.009783744532679e-05
DE,northsea_to_denmark_germany,2019-06-03,2019-06-05,3,4167.2897,2.0995146253964188,5520.307485851854,643224.0,0.008582247375489493,36.51841067266744,,0.0005038081766661,8.009783744532679e-05
DE,northsea_to_denmark_germany,2019-06-12,2019-06-15,4,3903.49,1.9666101795343545,6894.4779042512455,998763.0,0.006903016936201326,36.51841067266744,,0.0005038081766661,8.009783744532679e-05
DE,northsea_to_denmark_germany,2019-06-25,2019-07-01,7,3913.5900714285713,1.9716986781049803,12096.554744365258,1721978.0,0.007024802142864344,36.51841067266744,,0.0005038081766661,8.009783744532679e-05
DE,northsea_to_denmark_germany,2019-08-25,2019-08-31,7,4147.516028571428,2.089552488047995,12819.598827945963,712691.0,0.01798759746923416,36.51841067266744,,0.0005038081766661,8.009783744532679e-05
DE,northsea_to_denmark_germany,2020-09-14,2020-09-16,3,3988.1623,2.0092687766114796,5283.021768196761,405877.0,0.01301631225271883,36.51841067266744,,0.0005038081766661,8.009783744532679e-05
DE,northsea_to_denmark_germany,2015-07-03,2015-07-07,5,2792.43336,1.4068507595631912,6165.114455145929,545820.0,0.011295142089234416,36.51841067266744,,0.0005038081766661,8.009783744532679e-05
DE,northsea_to_denmark_germany,2015-08-04,2015-08-14,11,2809.9359909090913,1.41566872812836,13648.264605424481,1230154.0,0.011094760985555046,36.51841067266744,,0.0005038081766661,8.009783744532679e-05
DE,northsea_to_denmark_germany,2015-08-30,2015-09-01,3,2632.0316333333335,1.3260390581171637,3486.5884002470193,369845.0,0.009427161108699643,36.51841067266744,,0.0005038081766661,8.009783744532679e-05
DE,northsea_to_denmark_germany,2016-09-08,2016-09-13,6,3351.498116666667,1.6885121552577014,8879.296364854783,560260.0,0.015848528120613256,36.51841067266744,,0.0005038081766661,8.009783744532679e-05
DE,northsea_to_denmark_germany,2018-05-28,2018-05-31,4,3471.0933000000005,1.7487651865109162,6130.764024102673,687216.0,0.008921160194324162,36.51841067266744,,0.0005038081766661,8.009783744532679e-05
DE,northsea_to_denmark_germany,2018-07-31,2018-08-17,18,3670.892411111111,1.8494256123793122,29176.452297252225,3334471.0,0.008749949331468837,36.51841067266744,,0.0005038081766661,8.009783744532679e-05
DE,northsea_to_denmark_germany,2018-09-18,2018-09-21,4,4010.124925,2.020333726667531,7082.820165723413,1763076.0,0.004017308480022083,36.51841067266744,,0.0005038081766661,8.009783744532679e-05
DE,northsea_to_denmark_germany,2019-06-11,2019-06-15,5,3774.7315000000003,1.9017405944190926,8333.825282385495,1142146.0,0.007296637454743522,36.51841067266744,,0.0005038081766661,8.009783744532679e-05
DE,northsea_to_denmark_germany,2019-06-25,2019-07-01,7,3913.5900714285713,1.9716986781049803,12096.554744365258,1721978.0,0.007024802142864344,36.51841067266744,,0.0005038081766661,8.009783744532679e-05
DE,northsea_to_denmark_germany,2019-08-26,2019-09-01,7,4097.759614285714,2.0644847996892666,12665.806228745412,837107.0,0.015130450741357332,36.51841067266744,,0.0005038081766661,8.009783744532679e-05
DE,northsea_to_denmark_germany,2020-09-14,2020-09-16,3,3988.1623,2.0092687766114796,5283.021768196761,405877.0,0.01301631225271883,36.51841067266744,,0.0005038081766661,8.009783744532679e-05
DE,northsea_to_denmark_germany,2015-07-01,2015-07-04,4,2878.301825,1.450111994347958,5083.755391772115,532136.0,0.009553488942248063,36.51841067266744,,0.0005038081766661,8.009783744532679e-05
DE,northsea_to_denmark_germany,2016-09-08,2016-09-15,8,3323.1999375,1.6742553012087724,11739.099390803036,1049571.0,0.011184664392216473,36.51841067266744,,0.0005038081766661,8.009783744532679e-05
DE,northsea_to_denmark_germany,2017-05-27,2017-05-29,3,3676.9282666666663,1.8524665257613764,4870.737600848887,426715.0,0.01141449820336498,36.51841067266744,,0.0005038081766661,8.009783744532679e-05
DE,northsea_to_denmark_germany,2017-06-11,2017-06-22,12,3549.022833333334,1.7880267226080229,18805.217515172186,2513913.0,0.007480456768063248,36.51841067266744,,0.0005038081766661,8.009783744532679e-05
DE,northsea_to_denmark_germany,2018-05-26,2018-05-29,4,3415.827975,1.7209220638898066,6033.15251181911,765963.0,0.007876558674269006,36.51841067266744,,0.0005038081766661,8.009783744532679e-05
DE,northsea_to_denmark_germany,2018-07-24,2018-08-07,15,3731.6487399999996,1.880035147657749,24716.122416437276,1917243.0,0.012891491801736805,36.51841067266744,,0.0005038081766661,8.009783744532679e-05
DE,northsea_to_denmark_germany,2019-06-24,2019-06-29,6,3859.4271000000003,1.944410930226734,10224.978748767819,1319780.0,0.007747487269672081,36.51841067266744,,0.0005038081766661,8.009783744532679e-05
DE,northsea_to_denmark_germany,2019-07-24,2019-07-27,4,3866.9488,1.9482004241891633,6829.937583667659,1102086.0,0.006197281866993736,36.51841067266744,,0.0005038081766661,8.009783744532679e-05
DE,northsea_to_denmark_germany,2019-08-24,2019-08-31,8,4151.100275,2.091358260705896,14663.631327001614,882153.0,0.01662254884016901,36.51841067266744,,0.0005038081766661,8.009783744532679e-05
DE,northsea_to_denmark_germany,2020-08-07,2020-08-21,15,3953.229073333333,1.9916691313794823,26183.732854964685,2391559.0,0.010948395107528054,36.51841067266744,,0.0005038081766661,8.009783744532679e-05
DE,northsea_to_denmark_germany,2015-07-01,2015-07-04,4,2878.301825,1.450111994347958,5083.755391772115,532136.0,0.009553488942248063,36.51841067266744,,0.0005038081766661,8.009783744532679e-05
DE,northsea_to_denmark_germany,2016-08-24,2016-08-28,5,3176.9243200000005,1.6005604490653897,7013.99085424787,734830.0,0.009545052398851258,36.51841067266744,,0.0005038081766661,8.009783744532679e-05
DE,northsea_to_denmark_germany,2016-09-08,2016-09-15,8,3323.1999375,1.6742553012087724,11739.099390803036,1049571.0,0.011184664392216473,36.51841067266744,,0.0005038081766661,8.009783744532679e-05
DE,northsea_to_denmark_germany,2017-05-27,2017-05-29,3,3676.9282666666663,1.8524665257613764,4870.737600848887,426715.0,0.01141449820336498,36.51841067266744,,0.0005038081766661,8.009783744532679e-05
DE,northsea_to_denmark_germany,2017-06-15,2017-06-22,8,3594.3605125,1.8108682160832534,12696.965604289715,1434413.0,0.00885168051620399,36.51841067266744,,0.0005038081766661,8.009783744532679e-05
DE,northsea_to_denmark_germany,2018-05-08,2018-05-14,7,3640.6624428571427,1.8341955071926064,11252.960003984354,1688338.0,0.006665110898400885,36.51841067266744,,0.0005038081766661,8.009783744532679e-05
DE,northsea_to_denmark_germany,2018-05-26,2018-05-31,6,3436.8987,1.7315376674330893,9105.552523370048,991136.0,0.009186985966981372,36.51841067266744,,0.0005038081766661,8.009783744532679e-05
DE,northsea_to_denmark_germany,2018-07-24,2018-08-07,15,3731.6487399999996,1.880035147657749,24716.122416437276,1917243.0,0.012891491801736805,36.51841067266744,,0.0005038081766661,8.009783744532679e-05
DE,northsea_to_denmark_germany,2019-06-24,2019-06-29,6,3859.4271000000003,1.944410930226734,10224.978748767819,1319780.0,0.007747487269672081,36.51841067266744,,0.0005038081766661,8.009783744532679e-05
DE,northsea_to_denmark_germany,2019-07-24,2019-07-26,3,3938.286066666667,1.9841407224368401,5216.951932870434,682246.0,0.007646731432460482,36.51841067266744,,0.0005038081766661,8.009783744532679e-05
DE,northsea_to_denmark_germany,2019-08-25,2019-08-31,7,4147.516028571428,2.089552488047995,12819.598827945963,712691.0,0.01798759746923416,36.51841067266744,,0.0005038081766661,8.009783744532679e-05
DE,northsea_to_denmark_germany,2020-08-07,2020-08-16,10,3716.6532399999996,1.8724802921445527,16411.201028402662,1577959.0,0.010400270874213248,36.51841067266744,,0.0005038081766661,8.009783744532679e-05
DE,northsea_to_denmark_germany,2015-07-02,2015-07-04,3,2814.543633333333,1.4179900960568468,3728.3576153456943,373313.0,0.009987216130554507,36.51841067266744,,0.0005038081766661,8.009783744532679e-05
DE,northsea_to_denmark_germany,2016-08-25,2016-08-28,4,3092.142025,1.557846435607872,5461.447286446028,614447.0,0.008888394420423613,36.51841067266744,,0.0005038081766661,8.009783744532679e-05
DE,northsea_to_denmark_germany,2016-09-08,2016-09-15,8,3323.1999375,1.6742553012087724,11739.099390803036,1049571.0,0.011184664392216473,36.51841067266744,,0.0005038081766661,8.009783744532679e-05
DE,northsea_to_denmark_germany,2018-05-08,2018-05-14,7,3640.6624428571427,1.8341955071926064,11252.960003984354,1688338.0,0.006665110898400885,36.51841067266744,,0.0005038081766661,8.009783744532679e-05
DE,northsea_to_denmark_germany,2018-05-26,2018-05-31,6,3436.8987,1.7315376674330893,9105.552523370048,991136.0,0.009186985966981372,36.51841067266744,,0.0005038081766661,8.009783744532679e-05
DE,northsea_to_denmark_germany,2018-07-24,2018-08-07,15,3731.6487399999996,1.880035147657749,24716.122416437276,1917243.0,0.012891491801736805,36.51841067266744,,0.0005038081766661,8.009783744532679e-05
DE,northsea_to_denmark_germany,2018-09-18,2018-09-20,3,4037.0852,2.0339165336576976,5347.828746002882,1028888.0,0.00519767821765137,36.51841067266744,,0.0005038081766661,8.009783744532679e-05
DE,northsea_to_denmark_germany,2019-06-25,2019-06-30,6,3918.23065,1.9740366395337277,10380.77001869545,1324983.0,0.007834643930296049,36.51841067266744,,0.0005038081766661,8.009783744532679e-05
DE,northsea_to_denmark_germany,2019-07-24,2019-07-26,3,3938.286066666667,1.9841407224368401,5216.951932870434,682246.0,0.007646731432460482,36.51841067266744,,0.0005038081766661,8.009783744532679e-05
DE,northsea_to_denmark_germany,2019-08-25,2019-08-31,7,4147.516028571428,2.089552488047995,12819.598827945963,712691.0,0.01798759746923416,36.51841067266744,,0.0005038081766661,8.009783744532679e-05
DE,northsea_to_denmark_germany,2020-08-06,2020-08-16,11,3784.9258545454545,1.9068765935949257,18383.931072407122,1695382.0,0.010843533240536423,36.51841067266744,,0.0005038081766661,8.009783744532679e-05
DE,northsea_to_denmark_germany,2015-07-02,2015-07-05,4,2779.418525,1.400293779272231,4909.104316209107,470838.0,0.010426312906369297,36.51841067266744,,0.0005038081766661,8.009783744532679e-05
DE,northsea_to_denmark_germany,2015-08-04,2015-08-06,3,3071.7251666666666,1.5475602554377053,4069.039748311602,326259.0,0.012471808435358419,36.51841067266744,,0.0005038081766661,8.009783744532679e-05
DE,northsea_to_denmark_germany,2016-08-25,2016-08-28,4,3092.142025,1.557846435607872,5461.447286446028,614447.0,0.008888394420423613,36.51841067266744,,0.0005038081766661,8.009783744532679e-05
DE,northsea_to_denmark_germany,2016-09-08,2016-09-15,8,3323.1999375,1.6742553012087724,11739.099390803036,1049571.0,0.011184664392216473,36.51841067266744,,0.0005038081766661,8.009783744532679e-05
DE,northsea_to_denmark_germany,2018-05-09,2018-05-14,6,3582.0074333333337,1.8046446337920834,9489.996555126458,1380247.0,0.0068755784690178335,36.51841067266744,,0.0005038081766661,8.009783744532679e-05
DE,northsea_to_denmark_germany,2018-05-28,2018-05-31,4,3471.0933000000005,1.7487651865109162,6130.764024102673,687216.0,0.008921160194324162,36.51841067266744,,0.0005038081766661,8.009783744532679e-05
DE,northsea_to_denmark_germany,2018-07-25,2018-08-09,16,3694.1090062499998,1.8611223228446307,26098.64805032025,2467440.0,0.010577216892941775,36.51841067266744,,0.0005038081766661,8.009783744532679e-05
DE,northsea_to_denmark_germany,2018-09-18,2018-09-20,3,4037.0852,2.0339165336576976,5347.828746002882,1028888.0,0.00519767821765137,36.51841067266744,,0.0005038081766661,8.009783744532679e-05
DE,northsea_to_denmark_germany,2019-06-02,2019-06-05,4,4243.923525,2.1381233730406177,7495.763270930516,853840.0,0.00877888512008165,36.51841067266744,,0.0005038081766661,8.009783744532679e-05
DE,northsea_to_denmark_germany,2019-06-25,2019-06-30,6,3918.23065,1.9740366395337277,10380.77001869545,1324983.0,0.007834643930296049,36.51841067266744,,0.0005038081766661,8.009783744532679e-05
DE,northsea_to_denmark_germany,2019-08-25,2019-08-31,7,4147.516028571428,2.089552488047995,12819.598827945963,712691.0,0.01798759746923416,36.51841067266744,,0.0005038081766661,8.009783744532679e-05
DE,northsea_to_denmark_germany,2020-08-07,2020-08-16,10,3716.6532399999996,1.8724802921445527,16411.201028402662,1577959.0,0.010400270874213248,36.51841067266744,,0.0005038081766661,8.009783744532679e-05
DE,northsea_to_denmark_germany,2020-09-14,2020-09-16,3,3988.1623,2.0092687766114796,5283.021768196761,405877.0,0.01301631225271883,36.51841067266744,,0.0005038081766661,8.009783744532679e-05
DE,northsea_to_denmark_germany,2015-07-02,2015-07-05,4,2779.418525,1.400293779272231,4909.104316209107,470838.0,0.010426312906369297,36.51841067266744,,0.0005038081766661,8.009783744532679e-05
DE,northsea_to_denmark_germany,2016-08-25,2016-08-28,4,3092.142025,1.557846435607872,5461.447286446028,614447.0,0.008888394420423613,36.51841067266744,,0.0005038081766661,8.009783744532679e-05
DE,northsea_to_denmark_germany,2016-09-08,2016-09-14,7,3339.6935571428576,1.6825649216476646,10322.69226108186,785723.0,0.013137826258212958,36.51841067266744,,0.0005038081766661,8.009783744532679e-05
DE,northsea_to_denmark_germany,2018-05-09,2018-05-13,5,3593.6047200000003,1.8104874416418908,7933.934869390273,1034769.0,0.0076673488183259,36.51841067266744,,0.0005038081766661,8.009783744532679e-05
DE,northsea_to_denmark_germany,2018-05-28,2018-05-31,4,3471.0933000000005,1.7487651865109162,6130.764024102673,687216.0,0.008921160194324162,36.51841067266744,,0.0005038081766661,8.009783744532679e-05
DE,northsea_to_denmark_germany,2018-07-25,2018-08-09,16,3694.1090062499998,1.8611223228446307,26098.64805032025,2467440.0,0.010577216892941775,36.51841067266744,,0.0005038081766661,8.009783744532679e-05
DE,northsea_to_denmark_germany,2018-09-18,2018-09-21,4,4010.124925,2.020333726667531,7082.820165723413,1763076.0,0.004017308480022083,36.51841067266744,,0.0005038081766661,8.009783744532679e-05
DE,northsea_to_denmark_germany,2019-06-03,2019-06-05,3,4167.2897,2.0995146253964188,5520.307485851854,643224.0,0.008582247375489493,36.51841067266744,,0.0005038081766661,8.009783744532679e-05
DE,northsea_to_denmark_germany,2019-06-25,2019-06-30,6,3918.23065,1.9740366395337277,10380.77001869545,1324983.0,0.007834643930296049,36.51841067266744,,0.0005038081766661,8.009783744532679e-05
DE,northsea_to_denmark_germany,2019-08-25,2019-08-31,7,4147.516028571428,2.089552488047995,12819.598827945963,712691.0,0.01798759746923416,36.51841067266744,,0.0005038081766661,8.009783744532679e-05
DE,northsea_to_denmark_germany,2020-08-08,2020-08-21,14,3929.1358642857135,1.979530775659166,24289.210782380997,2314249.0,0.010495504495143347,36.51841067266744,,0.0005038081766661,8.009783744532679e-05
DE,northsea_to_denmark_germany,2020-09-14,2020-09-16,3,3988.1623,2.0092687766114796,5283.021768196761,405877.0,0.01301631225271883,36.51841067266744,,0.0005038081766661,8.009783744532679e-05
DE,northsea_to_denmark_germany,2015-07-03,2015-07-05,3,2693.5541333333335,1.357034596666104,3568.0857622610692,252049.0,0.01415631786779979,36.51841067266744,,0.0005038081766661,8.009783744532679e-05
DE,northsea_to_denmark_germany,2015-08-04,2015-08-14,11,2809.9359909090913,1.41566872812836,13648.264605424481,1230154.0,0.011094760985555046,36.51841067266744,,0.0005038081766661,8.009783744532679e-05
DE,northsea_to_denmark_germany,2016-06-23,2016-06-25,3,3172.6455666666666,1.5984047781501187,4202.726551894075,381953.0,0.011003255772029739,36.51841067266744,,0.0005038081766661,8.009783744532679e-05
DE,northsea_to_denmark_germany,2016-08-26,2016-08-28,3,2976.5634666666665,1.4996170128722588,3942.9813548007332,433348.0,0.009098879779762993,36.51841067266744,,0.0005038081766661,8.009783744532679e-05
DE,northsea_to_denmark_germany,2016-09-08,2016-09-14,7,3339.6935571428576,1.6825649216476646,10322.69226108186,785723.0,0.013137826258212958,36.51841067266744,,0.0005038081766661,8.009783744532679e-05
DE,northsea_to_denmark_germany,2018-05-09,2018-05-13,5,3593.6047200000003,1.8104874416418908,7933.934869390273,1034769.0,0.0076673488183259,36.51841067266744,,0.0005038081766661,8.009783744532679e-05
DE,northsea_to_denmark_germany,2018-05-28,2018-05-31,4,3471.0933000000005,1.7487651865109162,6130.764024102673,687216.0,0.008921160194324162,36.51841067266744,,0.0005038081766661,8.009783744532679e-05
DE,northsea_to_denmark_germany,2018-08-07,2018-08-09,3,3892.975366666667,1.9613128212863753,5156.929948701878,733072.0,0.007034684108384821,36.51841067266744,,0.0005038081766661,8.009783744532679e-05
DE,northsea_to_denmark_germany,2018-09-18,2018-09-21,4,4010.124925,2.020333726667531,7082.820165723413,1763076.0,0.004017308480022083,36.51841067266744,,0.0005038081766661,8.009783744532679e-05
DE,northsea_to_denmark_germany,2019-06-03,2019-06-05,3,4167.2897,2.0995146253964188,5520.307485851854,643224.0,0.008582247375489493,36.51841067266744,,0.0005038081766661,8.009783744532679e-05
DE,northsea_to_denmark_germany,2019-06-12,2019-06-19,8,4023.6287875,2.0271370830116053,14213.342301544502,1463855.0,0.00970952881367656,36.51841067266744,,0.0005038081766661,8.009783744532679e-05
DE,northsea_to_denmark_germany,2019-06-25,2019-06-30,6,3918.23065,1.9740366395337277,10380.77001869545,1324983.0,0.007834643930296049,36.51841067266744,,0.0005038081766661,8.009783744532679e-05
DE,northsea_to_denmark_germany,2019-08-25,2019-08-31,7,4147.516028571428,2.089552488047995,12819.598827945963,712691.0,0.01798759746923416,36.51841067266744,,0.0005038081766661,8.009783744532679e-05
DE,northsea_to_denmark_germany,2020-08-08,2020-08-11,4,3654.13345,1.8409823107391052,6454.0558142099435,714307.0,0.009035408884709157,36.51841067266744,,0.0005038081766661,8.009783744532679e-05
DE,northsea_to_denmark_germany,2020-09-14,2020-09-16,3,3988.1623,2.0092687766114796,5283.021768196761,405877.0,0.01301631225271883,36.51841067266744,,0.0005038081766661,8.009783744532679e-05
DE,northsea_to_denmark_germany,2015-07-03,2015-07-05,3,2693.5541333333335,1.357034596666104,3568.0857622610692,252049.0,0.01415631786779979,36.51841067266744,,0.0005038081766661,8.009783744532679e-05
DE,northsea_to_denmark_germany,2015-08-04,2015-08-15,12,2787.505716666667,1.4043681725601638,14770.16457441856,1295817.0,0.011398341412729236,36.51841067266744,,0.0005038081766661,8.009783744532679e-05
DE,northsea_to_denmark_germany,2016-06-23,2016-06-25,3,3172.6455666666666,1.5984047781501187,4202.726551894075,381953.0,0.011003255772029739,36.51841067266744,,0.0005038081766661,8.009783744532679e-05
DE,northsea_to_denmark_germany,2016-09-08,2016-09-13,6,3351.498116666667,1.6885121552577014,8879.296364854783,560260.0,0.015848528120613256,36.51841067266744,,0.0005038081766661,8.009783744532679e-05
DE,northsea_to_denmark_germany,2018-05-28,2018-05-31,4,3471.0933000000005,1.7487651865109162,6130.764024102673,687216.0,0.008921160194324162,36.51841067266744,,0.0005038081766661,8.009783744532679e-05
DE,northsea_to_denmark_germany,2018-08-07,2018-08-17,11,3752.5713818181816,1.8905761456832053,18226.780729346126,2556543.0,0.007129463783455286,36.51841067266744,,0.0005038081766661,8.009783744532679e-05
DE,northsea_to_denmark_germany,2018-09-18,2018-09-21,4,4010.124925,2.020333726667531,7082.820165723413,1763076.0,0.004017308480022083,36.51841067266744,,0.0005038081766661,8.009783744532679e-05
DE,northsea_to_denmark_germany,2019-06-03,2019-06-05,3,4167.2897,2.0995146253964188,5520.307485851854,643224.0,0.008582247375489493,36.51841067266744,,0.0005038081766661,8.009783744532679e-05
DE,northsea_to_denmark_germany,2019-06-11,2019-06-15,5,3774.7315000000003,1.9017405944190926,8333.825282385495,1142146.0,0.007296637454743522,36.51841067266744,,0.0005038081766661,8.009783744532679e-05
DE,northsea_to_denmark_germany,2019-06-25,2019-06-30,6,3918.23065,1.9740366395337277,10380.77001869545,1324983.0,0.007834643930296049,36.51841067266744,,0.0005038081766661,8.009783744532679e-05
DE,northsea_to_denmark_germany,2019-07-25,2019-07-29,5,3806.0464399999996,1.9175173172429005,8402.962183563333,1267716.0,0.0066284263853760095,36.51841067266744,,0.0005038081766661,8.009783744532679e-05
DE,northsea_to_denmark_germany,2019-08-26,2019-09-01,7,4097.759614285714,2.0644847996892666,12665.806228745412,837107.0,0.015130450741357332,36.51841067266744,,0.0005038081766661,8.009783744532679e-05
DE,northsea_to_denmark_germany,2020-08-07,2020-08-09,3,3880.7823666666663,1.9551698881882853,5140.778177641902,272486.0,0.018866210292058684,36.51841067266744,,0.0005038081766661,8.009783744532679e-05
DE,northsea_to_denmark_germany,2020-09-14,2020-09-16,3,3988.1623,2.0092687766114796,5283.021768196761,405877.0,0.01301631225271883,36.51841067266744,,0.0005038081766661,8.009783744532679e-05
DE,northsea_to_denmark_germany,2015-07-01,2015-07-04,4,2878.301825,1.450111994347958,5083.755391772115,532136.0,0.009553488942248063,36.51841067266744,,0.0005038081766661,8.009783744532679e-05
DE,northsea_to_denmark_germany,2016-05-07,2016-05-11,5,3117.78148,1.5707638026821347,6883.415713932835,1632565.0,0.004216319542519186,36.51841067266744,,0.0005038081766661,8.009783744532679e-05
DE,northsea_to_denmark_germany,2016-08-24,2016-08-26,3,3344.7764666666667,1.6851257330270135,4430.744175870737,428059.0,0.010350779158645742,36.51841067266744,,0.0005038081766661,8.009783744532679e-05
DE,northsea_to_denmark_germany,2016-09-07,2016-09-16,10,3328.2458099999994,1.6767974530326866,14696.154721135308,1215279.0,0.012092823722894337,36.51841067266744,,0.0005038081766661,8.009783744532679e-05
DE,northsea_to_denmark_germany,2016-09-25,2016-09-29,5,3256.8426,1.6408239319944802,7190.433862813847,1294213.0,0.005555834984514795,36.51841067266744,,0.0005038081766661,8.009783744532679e-05
DE,northsea_to_denmark_germany,2017-06-15,2017-06-19,5,3577.57972,1.8024139156108165,7898.554988688762,960744.9999999999,0.008221281389639044,36.51841067266744,,0.0005038081766661,8.009783744532679e-05
DE,northsea_to_denmark_germany,2018-05-24,2018-06-07,15,3519.826073333334,1.7733171561878653,23313.140698519885,2440078.0,0.009554260436969591,36.51841067266744,,0.0005038081766661,8.009783744532679e-05
DE,northsea_to_denmark_germany,2018-07-24,2018-07-30,7,3865.439771428572,1.947440163256055,11947.726499894832,992238.0,0.012041190218369819,36.51841067266744,,0.0005038081766661,8.009783744532679e-05
DE,northsea_to_denmark_germany,2019-06-23,2019-06-25,3,3773.6010666666666,1.9011710728625832,4998.797711840993,798779.0,0.0062580484863034615,36.51841067266744,,0.0005038081766661,8.009783744532679e-05
DE,northsea_to_denmark_germany,2019-07-24,2019-07-26,3,3938.286066666667,1.9841407224368401,5216.951932870434,682246.0,0.007646731432460482,36.51841067266744,,0.0005038081766661,8.009783744532679e-05
DE,northsea_to_denmark_germany,2019-08-24,2019-08-31,8,4151.100275,2.091358260705896,14663.631327001614,882153.0,0.01662254884016901,36.51841067266744,,0.0005038081766661,8.009783744532679e-05
DE,northsea_to_denmark_germany,2020-06-24,2020-06-26,3,3857.9131666666667,1.943648198234473,5110.483903654797,561700.0,0.009098244443038628,36.51841067266744,,0.0005038081766661,8.009783744532679e-05
DE,northsea_to_denmark_germany,2020-08-07,2020-08-21,15,3953.229073333333,1.9916691313794823,26183.732854964685,2391559.0,0.010948395107528054,36.51841067266744,,0.0005038081766661,8.009783744532679e-05
DE,northsea_to_denmark_germany,2015-07-01,2015-07-04,4,2878.301825,1.450111994347958,5083.755391772115,532136.0,0.009553488942248063,36.51841067266744,,0.0005038081766661,8.009783744532679e-05
DE,northsea_to_denmark_germany,2016-05-07,2016-05-11,5,3117.78148,1.5707638026821347,6883.415713932835,1632565.0,0.004216319542519186,36.51841067266744,,0.0005038081766661,8.009783744532679e-05
DE,northsea_to_denmark_germany,2016-09-07,2016-09-15,9,3336.724944444444,1.681069310296849,13260.23555960984,1127902.0,0.011756549380717332,36.51841067266744,,0.0005038081766661,8.009783744532679e-05
DE,northsea_to_denmark_germany,2018-05-08,2018-05-14,7,3640.6624428571427,1.8341955071926064,11252.960003984354,1688338.0,0.006665110898400885,36.51841067266744,,0.0005038081766661,8.009783744532679e-05
DE,northsea_to_denmark_germany,2018-05-24,2018-05-31,8,3444.08205,1.7351566978989437,12166.11165605821,1589873.0,0.007652253768733862,36.51841067266744,,0.0005038081766661,8.009783744532679e-05
DE,northsea_to_denmark_germany,2018-07-24,2018-07-30,7,3865.439771428572,1.947440163256055,11947.726499894832,992238.0,0.012041190218369819,36.51841067266744,,0.0005038081766661,8.009783744532679e-05
DE,northsea_to_denmark_germany,2019-06-19,2019-06-25,7,3697.7488714285714,1.8629561166835573,11429.40901774693,1361357.0,0.008395600138499255,36.51841067266744,,0.0005038081766661,8.009783744532679e-05
DE,northsea_to_denmark_germany,2019-07-24,2019-07-26,3,3938.286066666667,1.9841407224368401,5216.951932870434,682246.0,0.007646731432460482,36.51841067266744,,0.0005038081766661,8.009783744532679e-05
DE,northsea_to_denmark_germany,2019-08-25,2019-08-31,7,4147.516028571428,2.089552488047995,12819.598827945963,712691.0,0.01798759746923416,36.51841067266744,,0.0005038081766661,8.009783744532679e-05
DE,northsea_to_denmark_germany,2020-08-07,2020-08-21,15,3953.229073333333,1.9916691313794823,26183.732854964685,2391559.0,0.010948395107528054,36.51841067266744,,0.0005038081766661,8.009783744532679e-05
DE,northsea_to_denmark_germany,2015-07-02,2015-07-04,3,2814.543633333333,1.4179900960568468,3728.3576153456943,373313.0,0.009987216130554507,36.51841067266744,,0.0005038081766661,8.009783744532679e-05
DE,northsea_to_denmark_germany,2016-05-07,2016-05-11,5,3117.78148,1.5707638026821347,6883.415713932835,1632565.0,0.004216319542519186,36.51841067266744,,0.0005038081766661,8.009783744532679e-05
DE,northsea_to_denmark_germany,2016-09-08,2016-09-15,8,3323.1999375,1.6742553012087724,11739.099390803036,1049571.0,0.011184664392216473,36.51841067266744,,0.0005038081766661,8.009783744532679e-05
DE,northsea_to_denmark_germany,2018-05-08,2018-05-14,7,3640.6624428571427,1.8341955071926064,11252.960003984354,1688338.0,0.006665110898400885,36.51841067266744,,0.0005038081766661,8.009783744532679e-05
DE,northsea_to_denmark_germany,2018-05-25,2018-06-01,8,3399.8378500000003,1.7128661081688936,12009.820409357812,1378170.0,0.008714324364452724,36.51841067266744,,0.0005038081766661,8.009783744532679e-05
DE,northsea_to_denmark_germany,2018-07-25,2018-07-28,4,3478.86505,1.7526806577079206,6144.490755476997,716377.0,0.008577174805272918,36.51841067266744,,0.0005038081766661,8.009783744532679e-05
DE,northsea_to_denmark_germany,2019-06-19,2019-06-25,7,3697.7488714285714,1.8629561166835573,11429.40901774693,1361357.0,0.008395600138499255,36.51841067266744,,0.0005038081766661,8.009783744532679e-05
DE,northsea_to_denmark_germany,2019-07-24,2019-07-26,3,3938.286066666667,1.9841407224368401,5216.951932870434,682246.0,0.007646731432460482,36.51841067266744,,0.0005038081766661,8.009783744532679e-05
DE,northsea_to_denmark_germany,2019-08-25,2019-08-31,7,4147.516028571428,2.089552488047995,12819.598827945963,712691.0,0.01798759746923416,36.51841067266744,,0.0005038081766661,8.009783744532679e-05
DE,northsea_to_denmark_germany,2020-06-25,2020-06-27,3,4019.9891000000002,2.025303378688596,5325.181957417756,584850.0,0.009105209810067122,36.51841067266744,,0.0005038081766661,8.009783744532679e-05
DE,northsea_to_denmark_germany,2020-08-07,2020-08-16,10,3716.6532399999996,1.8724802921445527,16411.201028402662,1577959.0,0.010400270874213248,36.51841067266744,,0.0005038081766661,8.009783744532679e-05
DE,northsea_to_denmark_germany,2015-07-02,2015-07-05,4,2779.418525,1.400293779272231,4909.104316209107,470838.0,0.010426312906369297,36.51841067266744,,0.0005038081766661,8.009783744532679e-05
DE,northsea_to_denmark_germany,2016-08-25,2016-08-28,4,3092.142025,1.557846435607872,5461.447286446028,614447.0,0.008888394420423613,36.51841067266744,,0.0005038081766661,8.009783744532679e-05
DE,northsea_to_denmark_germany,2016-09-08,2016-09-15,8,3323.1999375,1.6742553012087724,11739.099390803036,1049571.0,0.011184664392216473,36.51841067266744,,0.0005038081766661,8.009783744532679e-05
DE,northsea_to_denmark_germany,2018-05-08,2018-05-14,7,3640.6624428571427,1.8341955071926064,11252.960003984354,1688338.0,0.006665110898400885,36.51841067266744,,0.0005038081766661,8.009783744532679e-05
DE,northsea_to_denmark_germany,2018-05-29,2018-05-31,3,3441.9392666666668,1.7340771461347866,4559.453377965885,509693.0,0.00894548949655162,36.51841067266744,,0.0005038081766661,8.009783744532679e-05
DE,northsea_to_denmark_germany,2018-07-24,2018-08-08,16,3744.22760625,1.8863724833276885,26452.73281066754,2203409.0,0.01200536659815202,36.51841067266744,,0.0005038081766661,8.009783744532679e-05
DE,northsea_to_denmark_germany,2018-09-18,2018-09-20,3,4037.0852,2.0339165336576976,5347.828746002882,1028888.0,0.00519767821765137,36.51841067266744,,0.0005038081766661,8.009783744532679e-05
DE,northsea_to_denmark_germany,2019-06-25,2019-06-30,6,3918.23065,1.9740366395337277,10380.77001869545,1324983.0,0.007834643930296049,36.51841067266744,,0.0005038081766661,8.009783744532679e-05
DE,northsea_to_denmark_germany,2019-08-26,2019-08-31,6,4167.274483333334,2.0995069591153306,11040.574657405949,588338.0,0.018765700426295683,36.51841067266744,,0.0005038081766661,8.009783744532679e-05
DE,northsea_to_denmark_germany,2020-08-06,2020-08-17,12,3784.092633333333,1.9064568099352872,20050.782541897053,1797024.0,0.011157771149354184,36.51841067266744,,0.0005038081766661,8.009783744532679e-05
DE,northsea_to_denmark_germany,2015-07-03,2015-07-05,3,2693.5541333333335,1.357034596666104,3568.0857622610692,252049.0,0.01415631786779979,36.51841067266744,,0.0005038081766661,8.009783744532679e-05
DE,northsea_to_denmark_germany,2016-08-25,2016-08-28,4,3092.142025,1.557846435607872,5461.447286446028,614447.0,0.008888394420423613,36.51841067266744,,0.0005038081766661,8.009783744532679e-05
DE,northsea_to_denmark_germany,2016-09-08,2016-09-15,8,3323.1999375,1.6742553012087724,11739.099390803036,1049571.0,0.011184664392216473,36.51841067266744,,0.0005038081766661,8.009783744532679e-05
DE,northsea_to_denmark_germany,2018-05-08,2018-05-13,6,3660.102683333333,1.8439896593008662,9696.898318248166,1342860.0,0.007221079128314318,36.51841067266744,,0.0005038081766661,8.009783744532679e-05
DE,northsea_to_denmark_germany,2018-05-28,2018-05-31,4,3471.0933000000005,1.7487651865109162,6130.764024102673,687216.0,0.008921160194324162,36.51841067266744,,0.0005038081766661,8.009783744532679e-05
DE,northsea_to_denmark_germany,2018-07-25,2018-08-09,16,3694.1090062499998,1.8611223228446307,26098.64805032025,2467440.0,0.010577216892941775,36.51841067266744,,0.0005038081766661,8.009783744532679e-05
DE,northsea_to_denmark_germany,2018-09-18,2018-09-21,4,4010.124925,2.020333726667531,7082.820165723413,1763076.0,0.004017308480022083,36.51841067266744,,0.0005038081766661,8.009783744532679e-05
DE,northsea_to_denmark_germany,2019-06-03,2019-06-05,3,4167.2897,2.0995146253964188,5520.307485851854,643224.0,0.008582247375489493,36.51841067266744,,0.0005038081766661,8.009783744532679e-05
DE,northsea_to_denmark_germany,2019-06-25,2019-06-30,6,3918.23065,1.9740366395337277,10380.77001869545,1324983.0,0.007834643930296049,36.51841067266744,,0.0005038081766661,8.009783744532679e-05
DE,northsea_to_denmark_germany,2019-08-25,2019-08-31,7,4147.516028571428,2.089552488047995,12819.598827945963,712691.0,0.01798759746923416,36.51841067266744,,0.0005038081766661,8.009783744532679e-05
DE,northsea_to_denmark_germany,2020-08-06,2020-08-17,12,3784.092633333333,1.9064568099352872,20050.782541897053,1797024.0,0.011157771149354184,36.51841067266744,,0.0005038081766661,8.009783744532679e-05
DE,northsea_to_denmark_germany,2015-07-03,2015-07-05,3,2693.5541333333335,1.357034596666104,3568.0857622610692,252049.0,0.01415631786779979,36.51841067266744,,0.0005038081766661,8.009783744532679e-05
DE,northsea_to_denmark_germany,2015-08-04,2015-08-07,4,2991.6792499999997,1.5072324681123053,5284.006487971517,399369.0,0.013230887945663078,36.51841067266744,,0.0005038081766661,8.009783744532679e-05
DE,northsea_to_denmark_germany,2016-06-23,2016-06-25,3,3172.6455666666666,1.5984047781501187,4202.726551894075,381953.0,0.011003255772029739,36.51841067266744,,0.0005038081766661,8.009783744532679e-05
DE,northsea_to_denmark_germany,2016-08-26,2016-08-28,3,2976.5634666666665,1.4996170128722588,3942.9813548007332,433348.0,0.009098879779762993,36.51841067266744,,0.0005038081766661,8.009783744532679e-05
DE,northsea_to_denmark_germany,2016-09-08,2016-09-14,7,3339.6935571428576,1.6825649216476646,10322.69226108186,785723.0,0.013137826258212958,36.51841067266744,,0.0005038081766661,8.009783744532679e-05
DE,northsea_to_denmark_germany,2018-05-09,2018-05-13,5,3593.6047200000003,1.8104874416418908,7933.934869390273,1034769.0,0.0076673488183259,36.51841067266744,,0.0005038081766661,8.009783744532679e-05
DE,northsea_to_denmark_germany,2018-05-28,2018-05-30,3,3462.0568666666672,1.7442125575096847,4586.102674240482,564811.0,0.008119712035070992,36.51841067266744,,0.0005038081766661,8.009783744532679e-05
DE,northsea_to_denmark_germany,2018-07-25,2018-08-17,24,3696.045966666667,1.8620981793404263,39168.49883096451,4290911.0,0.009128247784902673,36.51841067266744,,0.0005038081766661,8.009783744532679e-05
DE,northsea_to_denmark_germany,2018-09-18,2018-09-21,4,4010.124925,2.020333726667531,7082.820165723413,1763076.0,0.004017308480022083,36.51841067266744,,0.0005038081766661,8.009783744532679e-05
DE,northsea_to_denmark_germany,2019-06-03,2019-06-06,4,4203.43065,2.1177227315188993,7424.243366443221,970499.0,0.007649923767508489,36.51841067266744,,0.0005038081766661,8.009783744532679e-05
DE,northsea_to_denmark_germany,2019-06-25,2019-06-30,6,3918.23065,1.9740366395337277,10380.77001869545,1324983.0,0.007834643930296049,36.51841067266744,,0.0005038081766661,8.009783744532679e-05
DE,northsea_to_denmark_germany,2019-08-25,2019-08-31,7,4147.516028571428,2.089552488047995,12819.598827945963,712691.0,0.01798759746923416,36.51841067266744,,0.0005038081766661,8.009783744532679e-05
DE,northsea_to_denmark_germany,2020-08-07,2020-08-21,15,3953.229073333333,1.9916691313794823,26183.732854964685,2391559.0,0.010948395107528054,36.51841067266744,,0.0005038081766661,8.009783744532679e-05
DE,northsea_to_denmark_germany,2020-09-14,2020-09-16,3,3988.1623,2.0092687766114796,5283.021768196761,405877.0,0.01301631225271883,36.51841067266744,,0.0005038081766661,8.009783744532679e-05
DE,northsea_to_denmark_germany,2015-07-03,2015-07-05,3,2693.5541333333335,1.357034596666104,3568.0857622610692,252049.0,0.01415631786779979,36.51841067266744,,0.0005038081766661,8.009783744532679e-05
DE,northsea_to_denmark_germany,2015-08-04,2015-08-15,12,2787.505716666667,1.4043681725601638,14770.16457441856,1295817.0,0.011398341412729236,36.51841067266744,,0.0005038081766661,8.009783744532679e-05
DE,northsea_to_denmark_germany,2016-06-23,2016-06-25,3,3172.6455666666666,1.5984047781501187,4202.726551894075,381953.0,0.011003255772029739,36.51841067266744,,0.0005038081766661,8.009783744532679e-05
DE,northsea_to_denmark_germany,2016-08-26,2016-08-28,3,2976.5634666666665,1.4996170128722588,3942.9813548007332,433348.0,0.009098879779762993,36.51841067266744,,0.0005038081766661,8.009783744532679e-05
DE,northsea_to_denmark_germany,2016-09-08,2016-09-14,7,3339.6935571428576,1.6825649216476646,10322.69226108186,785723.0,0.013137826258212958,36.51841067266744,,0.0005038081766661,8.009783744532679e-05
DE,northsea_to_denmark_germany,2018-05-09,2018-05-13,5,3593.6047200000003,1.8104874416418908,7933.934869390273,1034769.0,0.0076673488183259,36.51841067266744,,0.0005038081766661,8.009783744532679e-05
DE,northsea_to_denmark_germany,2018-05-28,2018-05-30,3,3462.0568666666672,1.7442125575096847,4586.102674240482,564811.0,0.008119712035070992,36.51841067266744,,0.0005038081766661,8.009783744532679e-05
DE,northsea_to_denmark_germany,2018-09-18,2018-09-21,4,4010.124925,2.020333726667531,7082.820165723413,1763076.0,0.004017308480022083,36.51841067266744,,0.0005038081766661,8.009783744532679e-05
DE,northsea_to_denmark_germany,2019-06-03,2019-06-06,4,4203.43065,2.1177227315188993,7424.243366443221,970499.0,0.007649923767508489,36.51841067266744,,0.0005038081766661,8.009783744532679e-05
DE,northsea_to_denmark_germany,2019-06-12,2019-06-19,8,4023.6287875,2.0271370830116053,14213.342301544502,1463855.0,0.00970952881367656,36.51841067266744,,0.0005038081766661,8.009783744532679e-05
DE,northsea_to_denmark_germany,2019-06-25,2019-06-30,6,3918.23065,1.9740366395337277,10380.77001869545,1324983.0,0.007834643930296049,36.51841067266744,,0.0005038081766661,8.009783744532679e-05
DE,northsea_to_denmark_germany,2019-08-25,2019-09-01,8,4089.1603250000003,2.060152407433607,14444.83039928543,961460.0,0.015023849561381057,36.51841067266744,,0.0005038081766661,8.009783744532679e-05
DE,northsea_to_denmark_germany,2020-08-08,2020-08-21,14,3929.1358642857135,1.979530775659166,24289.210782380997,2314249.0,0.010495504495143347,36.51841067266744,,0.0005038081766661,8.009783744532679e-05
FR,atlantic_to_france,2015-05-10,2015-05-13,4,1365.46175,-0.001747961258137358,-59.26037211060602,108592.5,-0.0005457133053443472,353.1517303058581,,-1.2801246597624269e-06,0.0001537600723725
FR,atlantic_to_france,2015-06-29,2015-07-10,12,1475.5274583333332,-0.0018888590855690767,-192.11151005932618,444614.0,-0.00043208605680281363,353.1517303058581,,-1.2801246597624269e-06,0.0001537600723725
FR,atlantic_to_france,2016-08-22,2016-08-25,4,1258.975875,-0.0016116460636334787,-54.63893721722766,122086.0,-0.00044754465882433414,353.1517303058581,,-1.2801246597624269e-06,0.0001537600723725
FR,atlantic_to_france,2016-09-03,2016-09-12,10,1409.4570600000002,-0.0018042807393822506,-152.92436761688998,311434.5,-0.0004910321997623577,353.1517303058581,,-1.2801246597624269e-06,0.0001537600723725
FR,atlantic_to_france,2017-05-16,2017-05-25,10,1398.31744,-0.0017900206371198677,-151.7157324676982,404848.0,-0.00037474739276888657,353.1517303058581,,-1.2801246597624269e-06,0.0001537600723725
FR,atlantic_to_france,2017-06-18,2017-06-21,4,1685.874125,-0.0021581290406679043,-73.16611247377844,133340.0,-0.0005487184076329567,353.1517303058581,,-1.2801246597624269e-06,0.0001537600723725
FR,atlantic_to_france,2018-08-03,2018-08-06,4,2044.2491,-0.0026168936836071474,-88.71941110966415,164645.0,-0.0005388527505218145,353.1517303058581,,-1.2801246597624269e-06,0.0001537600723725
FR,atlantic_to_france,2018-09-17,2018-09-27,11,1409.8364636363635,-0.001804766423333163,-168.26208569227762,856782.0,-0.000196388446176831,353.1517303058581,,-1.2801246597624269e-06,0.0001537600723725
FR,atlantic_to_france,2019-05-31,2019-06-02,3,1332.6966,-0.0017060177816415432,-43.37878546938762,101426.0,-0.0004276890094195534,353.1517303058581,,-1.2801246597624269e-06,0.0001537600723725
FR,atlantic_to_france,2019-07-22,2019-07-25,4,1388.2004749999999,-0.001777069660741414,-60.24722165422797,173070.84210526317,-0.0003481072890232145,353.1517303058581,,-1.2801246597624269e-06,0.0001537600723725
FR,atlantic_to_france,2019-09-29,2020-05-07,9,1571.7634666666663,-0.0020120531729936786,-153.48097285418368,27814355.5,-5.518048867038594e-06,353.1517303058581,,-1.2801246597624269e-06,0.0001537600723725
FR,atlantic_to_france,2020-05-28,2020-05-30,3,2001.5382666666665,-0.002562218492618144,-65.14933637446308,277419.0,-0.00023484093149518626,353.1517303058581,,-1.2801246597624269e-06,0.0001537600723725
FR,atlantic_to_france,2020-09-13,2020-09-17,5,1623.11394,-0.002077788180198152,-88.0529389255245,303291.0,-0.0002903249319153041,353.1517303058581,,-1.2801246597624269e-06,0.0001537600723725
FR,atlantic_to_france,2015-05-04,2015-05-10,7,1222.0997714285716,-0.0015644400540957399,-92.81743162670173,458997.0,-0.00020221794832363116,353.1517303058581,,-1.2801246597624269e-06,0.0001537600723725
FR,atlantic_to_france,2015-06-30,2015-07-10,11,1448.2721181818183,-0.0018539688525309095,-172.84932936597664,428149.0,-0.0004037130283288683,353.1517303058581,,-1.2801246597624269e-06,0.0001537600723725
FR,atlantic_to_france,2015-08-27,2015-08-30,4,1440.8571000000002,-0.0018444767049037773,-62.5324934251792,112290.0,-0.0005568839026198166,353.1517303058581,,-1.2801246597624269e-06,0.0001537600723725
FR,atlantic_to_france,2016-08-22,2016-08-27,6,1291.853,-0.0016537328820880705,-84.0986825433258,172293.0,-0.000488114331652045,353.1517303058581,,-1.2801246597624269e-06,0.0001537600723725
FR,atlantic_to_france,2016-09-07,2016-09-12,6,1408.7448166666666,-0.001803368979127499,-91.70825405166505,186384.0,-0.0004920393062262053,353.1517303058581,,-1.2801246597624269e-06,0.0001537600723725
FR,atlantic_to_france,2017-05-15,2017-05-28,14,1399.9785071428573,-0.0017921470101309605,-212.65433871031357,589688.0,-0.00036062178424915134,353.1517303058581,,-1.2801246597624269e-06,0.0001537600723725
FR,atlantic_to_france,2017-06-19,2017-06-21,3,1628.2763666666667,-0.0020843967298783675,-52.999798449630084,75368.0,-0.0007032135448682476,353.1517303058581,,-1.2801246597624269e-06,0.0001537600723725
FR,atlantic_to_france,2019-07-23,2019-07-25,3,1312.9064666666666,-0.0016806839439415565,-42.734623888816884,148077.84210526317,-0.0002885956688809551,353.1517303058581,,-1.2801246597624269e-06,0.0001537600723725
FR,atlantic_to_france,2020-05-04,2020-05-08,5,1915.5024799999999,-0.0024520819604840847,-103.91483846360825,289386.0,-0.00035908730368299863,353.1517303058581,,-1.2801246597624269e-06,0.0001537600723725
FR,atlantic_to_france,2020-05-28,2020-05-31,4,1966.9199999999998,-0.0025179027957799123,-85.36336599087684,379431.0,-0.00022497731073865034,353.1517303058581,,-1.2801246597624269e-06,0.0001537600723725
FR,atlantic_to_france,2020-09-13,2020-09-17,5,1623.11394,-0.002077788180198152,-88.0529389255245,303291.0,-0.0002903249319153041,353.1517303058581,,-1.2801246597624269e-06,0.0001537600723725
FR,atlantic_to_france,2015-05-04,2015-05-10,7,1222.0997714285716,-0.0015644400540957399,-92.81743162670173,458997.0,-0.00020221794832363116,353.1517303058581,,-1.2801246597624269e-06,0.0001537600723725
FR,atlantic_to_france,2015-06-30,2015-07-10,11,1448.2721181818183,-0.0018539688525309095,-172.84932936597664,428149.0,-0.0004037130283288683,353.1517303058581,,-1.2801246597624269e-06,0.0001537600723725
FR,atlantic_to_france,2016-08-23,2016-08-27,5,1309.087,-0.001675794550474416,-71.01716941646012,145371.0,-0.0004885236355013044,353.1517303058581,,-1.2801246597624269e-06,0.0001537600723725
FR,atlantic_to_france,2016-09-07,2016-09-12,6,1408.7448166666666,-0.001803368979127499,-91.70825405166505,186384.0,-0.0004920393062262053,353.1517303058581,,-1.2801246597624269e-06,0.0001537600723725
FR,atlantic_to_france,2017-05-25,2017-05-28,4,1558.45065,-0.001995011108087783,-67.63599598085835,224372.0,-0.00030144579529022496,353.1517303058581,,-1.2801246597624269e-06,0.0001537600723725
FR,atlantic_to_france,2017-06-19,2017-06-21,3,1628.2763666666667,-0.0020843967298783675,-52.999798449630084,75368.0,-0.0007032135448682476,353.1517303058581,,-1.2801246597624269e-06,0.0001537600723725
FR,atlantic_to_france,2019-07-22,2019-07-25,4,1388.2004749999999,-0.001777069660741414,-60.24722165422797,173070.84210526317,-0.0003481072890232145,353.1517303058581,,-1.2801246597624269e-06,0.0001537600723725
FR,atlantic_to_france,2020-05-04,2020-05-07,4,1948.352475,-0.0024941340491566573,-84.55754448714525,242068.0,-0.00034931318673738475,353.1517303058581,,-1.2801246597624269e-06,0.0001537600723725
FR,atlantic_to_france,2020-09-13,2020-09-17,5,1623.11394,-0.002077788180198152,-88.0529389255245,303291.0,-0.0002903249319153041,353.1517303058581,,-1.2801246597624269e-06,0.0001537600723725
FR,atlantic_to_france,2015-06-30,2015-07-16,17,1445.7657941176471,-0.001850760445291008,-266.6684954835532,652396.0,-0.0004087524992237126,353.1517303058581,,-1.2801246597624269e-06,0.0001537600723725
FR,atlantic_to_france,2016-08-23,2016-08-27,5,1309.087,-0.001675794550474416,-71.01716941646012,145371.0,-0.0004885236355013044,353.1517303058581,,-1.2801246597624269e-06,0.0001537600723725
FR,atlantic_to_france,2016-09-07,2016-09-13,7,1392.8893571428573,-0.0017830720143992057,-105.7887544803653,246204.0,-0.00042967926792564416,353.1517303058581,,-1.2801246597624269e-06,0.0001537600723725
FR,atlantic_to_france,2017-05-15,2017-05-17,3,1219.3884666666665,-0.0015609692460098938,-39.690647293148984,89859.0,-0.00044169918753991235,353.1517303058581,,-1.2801246597624269e-06,0.0001537600723725
FR,atlantic_to_france,2017-05-25,2017-05-28,4,1558.45065,-0.001995011108087783,-67.63599598085835,224372.0,-0.00030144579529022496,353.1517303058581,,-1.2801246597624269e-06,0.0001537600723725
FR,atlantic_to_france,2017-06-08,2017-06-21,14,1525.858492857143,-0.0019532890840143597,-231.77529305522452,532191.0,-0.00043551148564185515,353.1517303058581,,-1.2801246597624269e-06,0.0001537600723725
FR,atlantic_to_france,2018-09-17,2018-09-20,4,1216.949925,-0.0015578476086885358,-52.815031541875186,241706.0,-0.00021850939381676577,353.1517303058581,,-1.2801246597624269e-06,0.0001537600723725
FR,atlantic_to_france,2019-06-26,2019-07-05,10,1838.6979000000003,-0.002353762523643389,-199.49647390889908,645296.0,-0.0003091549829983435,353.1517303058581,,-1.2801246597624269e-06,0.0001537600723725
FR,atlantic_to_france,2019-07-22,2019-07-25,4,1388.2004749999999,-0.001777069660741414,-60.24722165422797,173070.84210526317,-0.0003481072890232145,353.1517303058581,,-1.2801246597624269e-06,0.0001537600723725
FR,atlantic_to_france,2020-05-04,2020-05-07,4,1948.352475,-0.0024941340491566573,-84.55754448714525,242068.0,-0.00034931318673738475,353.1517303058581,,-1.2801246597624269e-06,0.0001537600723725
FR,atlantic_to_france,2020-07-27,2020-07-31,5,1517.1482600000002,-0.0019421389001416582,-82.30436556952114,341917.0,-0.00024071445868301705,353.1517303058581,,-1.2801246597624269e-06,0.0001537600723725
FR,atlantic_to_france,2020-08-06,2020-08-09,4,1637.595875,-0.0020963268623127285,-71.07086003638948,135373.0,-0.0005250002588137183,353.1517303058581,,-1.2801246597624269e-06,0.0001537600723725
FR,atlantic_to_france,2020-09-13,2020-09-17,5,1623.11394,-0.002077788180198152,-88.0529389255245,303291.0,-0.0002903249319153041,353.1517303058581,,-1.2801246597624269e-06,0.0001537600723725
FR,atlantic_to_france,2015-05-11,2015-05-13,3,1415.8101333333334,-0.0018124134652215296,-46.084100491628604,87244.5,-0.000528217830254384,353.1517303058581,,-1.2801246597624269e-06,0.0001537600723725
FR,atlantic_to_france,2015-06-30,2015-07-06,7,1453.6201714285714,-0.0018608150273738005,-110.40120784496166,222950.0,-0.0004951837086564775,353.1517303058581,,-1.2801246597624269e-06,0.0001537600723725
FR,atlantic_to_france,2016-09-04,2016-09-13,10,1410.0813500000002,-0.0018050799084060939,-152.99210231854846,352260.5,-0.00043431523636214807,353.1517303058581,,-1.2801246597624269e-06,0.0001537600723725
FR,atlantic_to_france,2017-05-25,2017-05-28,4,1558.45065,-0.001995011108087783,-67.63599598085835,224372.0,-0.00030144579529022496,353.1517303058581,,-1.2801246597624269e-06,0.0001537600723725
FR,atlantic_to_france,2017-06-11,2017-06-22,12,1574.5246166666666,-0.0020155877891979822,-205.00079481752448,451891.0,-0.00045365097958915865,353.1517303058581,,-1.2801246597624269e-06,0.0001537600723725
FR,atlantic_to_france,2018-09-17,2018-09-20,4,1216.949925,-0.0015578476086885358,-52.815031541875186,241706.0,-0.00021850939381676577,353.1517303058581,,-1.2801246597624269e-06,0.0001537600723725
FR,atlantic_to_france,2019-06-26,2019-07-05,10,1838.6979000000003,-0.002353762523643389,-199.49647390889908,645296.0,-0.0003091549829983435,353.1517303058581,,-1.2801246597624269e-06,0.0001537600723725
FR,atlantic_to_france,2019-07-22,2019-07-25,4,1388.2004749999999,-0.001777069660741414,-60.24722165422797,173070.84210526317,-0.0003481072890232145,353.1517303058581,,-1.2801246597624269e-06,0.0001537600723725
FR,atlantic_to_france,2019-09-29,2020-05-07,9,1571.7634666666663,-0.0020120531729936786,-153.48097285418368,27814355.5,-5.518048867038594e-06,353.1517303058581,,-1.2801246597624269e-06,0.0001537600723725
FR,atlantic_to_france,2020-07-27,2020-07-31,5,1517.1482600000002,-0.0019421389001416582,-82.30436556952114,341917.0,-0.00024071445868301705,353.1517303058581,,-1.2801246597624269e-06,0.0001537600723725
FR,atlantic_to_france,2020-08-06,2020-08-09,4,1637.595875,-0.0020963268623127285,-71.07086003638948,135373.0,-0.0005250002588137183,353.1517303058581,,-1.2801246597624269e-06,0.0001537600723725
FR,atlantic_to_france,2020-09-13,2020-09-17,5,1623.11394,-0.002077788180198152,-88.0529389255245,303291.0,-0.0002903249319153041,353.1517303058581,,-1.2801246597624269e-06,0.0001537600723725
FR,atlantic_to_france,2015-06-04,2015-06-08,5,1735.0949,-0.002221137768518022,-94.12783754397985,230066.0,-0.0004091340638946209,353.1517303058581,,-1.2801246597624269e-06,0.0001537600723725
FR,atlantic_to_france,2016-09-02,2016-09-13,12,1385.6474083333333,-0.0017738014171433968,-180.40925942875404,387248.5,-0.00046587465007289647,353.1517303058581,,-1.2801246597624269e-06,0.0001537600723725
FR,atlantic_to_france,2017-06-13,2017-06-22,10,1616.5506699999999,-0.002069386376422473,-175.39377108119186,377407.0,-0.00046473375184135924,353.1517303058581,,-1.2801246597624269e-06,0.0001537600723725
FR,atlantic_to_france,2018-08-02,2018-08-05,4,2038.897025,-0.0026100423604187495,-88.48713367233287,179289.0,-0.0004935446885884403,353.1517303058581,,-1.2801246597624269e-06,0.0001537600723725
FR,atlantic_to_france,2018-09-19,2018-09-28,10,1528.0036100000002,-0.0019560351013670103,-165.78652334082105,836014.0,-0.00019830591753346361,353.1517303058581,,-1.2801246597624269e-06,0.0001537600723725
FR,atlantic_to_france,2019-06-26,2019-07-04,9,1823.5124222222225,-0.0023343232190697815,-178.06398132404894,614254.0,-0.00028988656374081233,353.1517303058581,,-1.2801246597624269e-06,0.0001537600723725
FR,atlantic_to_france,2019-07-22,2019-07-24,3,1422.4562999999998,-0.0018209213870644203,-46.30043077867751,110854.0,-0.0004176703662355667,353.1517303058581,,-1.2801246597624269e-06,0.0001537600723725
FR,atlantic_to_france,2019-09-13,2019-09-17,5,1879.72396,-0.002406280994742282,-101.97387562744058,210465.0,-0.0004845170248138198,353.1517303058581,,-1.2801246597624269e-06,0.0001537600723725
FR,atlantic_to_france,2020-05-04,2020-05-06,3,1995.6775666666665,-0.0025547160660246743,-64.95857273928878,206325.0,-0.00031483616982570594,353.1517303058581,,-1.2801246597624269e-06,0.0001537600723725
FR,atlantic_to_france,2020-05-20,2020-05-22,3,1675.7084000000002,-0.002145115645411041,-54.54369373558153,150529.0,-0.0003623467487034493,353.1517303058581,,-1.2801246597624269e-06,0.0001537600723725
FR,atlantic_to_france,2020-09-12,2020-09-17,6,1640.3632666666665,-0.0020998694686284497,-106.78644522181149,331672.0,-0.00032196400426267967,353.1517303058581,,-1.2801246597624269e-06,0.0001537600723725
FR,atlantic_to_france,2015-05-10,2015-05-14,5,1361.24046,-0.0017425574807123493,-73.84646273651798,155391.5,-0.0004752284567464628,353.1517303058581,,-1.2801246597624269e-06,0.0001537600723725
FR,atlantic_to_france,2015-07-06,2015-07-14,9,1429.2264666666665,-0.001829588044365122,-139.56239166072206,394260.0,-0.0003539856735674987,353.1517303058581,,-1.2801246597624269e-06,0.0001537600723725
FR,atlantic_to_france,2015-07-20,2015-07-23,4,1498.108,-0.0019177649937873696,-65.01715448409723,119496.0,-0.0005440948189403598,353.1517303058581,,-1.2801246597624269e-06,0.0001537600723725
FR,atlantic_to_france,2016-09-01,2016-09-13,13,1414.8832538461536,-0.0018112269439333629,-199.56703391871747,404146.5,-0.0004937987435712482,353.1517303058581,,-1.2801246597624269e-06,0.0001537600723725
FR,atlantic_to_france,2017-06-12,2017-06-24,13,1569.0164230769228,-0.002008536614753006,-221.30727243540076,524346.0,-0.00042206343222872067,353.1517303058581,,-1.2801246597624269e-06,0.0001537600723725
FR,atlantic_to_france,2018-08-01,2018-08-05,5,2001.50466,-0.002562175471895412,-108.58040414965119,206436.0,-0.0005259761095431571,353.1517303058581,,-1.2801246597624269e-06,0.0001537600723725
FR,atlantic_to_france,2018-09-19,2018-09-28,10,1528.0036100000002,-0.0019560351013670103,-165.78652334082105,836014.0,-0.00019830591753346361,353.1517303058581,,-1.2801246597624269e-06,0.0001537600723725
FR,atlantic_to_france,2019-06-26,2019-07-12,17,1816.329505882353,-0.002325128190734104,-335.0182018461967,983953.0,-0.00034048191513842295,353.1517303058581,,-1.2801246597624269e-06,0.0001537600723725
FR,atlantic_to_france,2019-08-29,2019-08-31,3,1567.3867,-0.002006450366053653,-51.01786213521624,124260.0,-0.00041057349215528925,353.1517303058581,,-1.2801246597624269e-06,0.0001537600723725
FR,atlantic_to_france,2019-09-13,2019-09-17,5,1879.72396,-0.002406280994742282,-101.97387562744058,210465.0,-0.0004845170248138198,353.1517303058581,,-1.2801246597624269e-06,0.0001537600723725
FR,atlantic_to_france,2020-05-03,2020-05-06,4,1817.375475,-0.002326467161594954,-78.87320674723358,245731.0,-0.00032097377517380216,353.1517303058581,,-1.2801246597624269e-06,0.0001537600723725
FR,atlantic_to_france,2020-09-12,2020-09-18,7,1655.1590571428571,-0.0021188099248776993,-125.70791371484383,450118.0,-0.0002792776865507352,353.1517303058581,,-1.2801246597624269e-06,0.0001537600723725
FR,atlantic_to_france,2015-05-10,2015-05-14,5,1361.24046,-0.0017425574807123493,-73.84646273651798,155391.5,-0.0004752284567464628,353.1517303058581,,-1.2801246597624269e-06,0.0001537600723725
FR,atlantic_to_france,2015-07-03,2015-07-21,19,1409.8665,-0.0018048048736229436,-290.640703576881,693736.0,-0.000418950009192086,353.1517303058581,,-1.2801246597624269e-06,0.0001537600723725
FR,atlantic_to_france,2016-09-03,2016-09-13,11,1399.302472727273,-0.0017912816018047228,-167.00486804559017,371254.5,-0.00044983930981466936,353.1517303058581,,-1.2801246597624269e-06,0.0001537600723725
FR,atlantic_to_france,2017-06-12,2017-06-17,6,1639.1898166666667,-0.0020983673063464515,-106.71005448770286,239322.0,-0.00044588485173825584,353.1517303058581,,-1.2801246597624269e-06,0.0001537600723725
FR,atlantic_to_france,2017-08-03,2017-08-05,3,1301.8317333333334,-0.0016665069047012639,-42.374145381257605,204612.0,-0.00020709511358697245,353.1517303058581,,-1.2801246597624269e-06,0.0001537600723725
FR,atlantic_to_france,2018-08-02,2018-08-04,3,1989.8714,-0.002547283448895984,-64.76958414411052,136033.0,-0.00047613141034977193,353.1517303058581,,-1.2801246597624269e-06,0.0001537600723725
FR,atlantic_to_france,2018-09-20,2018-09-23,4,1211.4386,-0.0015507924256480707,-52.57584273243215,459089.0,-0.00011452211386557323,353.1517303058581,,-1.2801246597624269e-06,0.0001537600723725
FR,atlantic_to_france,2019-06-25,2019-07-08,14,1800.6974142857143,-0.002305117164797582,-273.522854742816,821516.0,-0.00033294890755970177,353.1517303058581,,-1.2801246597624269e-06,0.0001537600723725
FR,atlantic_to_france,2019-07-24,2019-07-26,3,1276.7903,-0.0016344507483754668,-41.55905591197206,163457.84210526317,-0.00025424938550950015,353.1517303058581,,-1.2801246597624269e-06,0.0001537600723725
FR,atlantic_to_france,2019-09-13,2019-09-17,5,1879.72396,-0.002406280994742282,-101.97387562744058,210465.0,-0.0004845170248138198,353.1517303058581,,-1.2801246597624269e-06,0.0001537600723725
FR,atlantic_to_france,2020-08-22,2020-08-27,6,1294.7067833333333,-0.0016573860805066895,-84.28446174467257,680270.0,-0.00012389854285015152,353.1517303058581,,-1.2801246597624269e-06,0.0001537600723725
FR,atlantic_to_france,2020-09-12,2020-09-18,7,1655.1590571428571,-0.0021188099248776993,-125.70791371484383,450118.0,-0.0002792776865507352,353.1517303058581,,-1.2801246597624269e-06,0.0001537600723725
FR,atlantic_to_france,2015-05-10,2015-05-17,8,1424.6952875,-0.0018237875701760703,-123.6621573346552,279796.5,-0.0004419717806858027,353.1517303058581,,-1.2801246597624269e-06,0.0001537600723725
FR,atlantic_to_france,2015-06-05,2015-06-08,4,1727.3565999999998,-0.0022112317798633823,-74.96643159994136,207616.0,-0.00036108214973769537,353.1517303058581,,-1.2801246597624269e-06,0.0001537600723725
FR,atlantic_to_france,2015-07-04,2015-07-08,5,1354.1825800000001,-0.0017335225144787057,-73.46357706147802,208864.0,-0.0003517292451618183,353.1517303058581,,-1.2801246597624269e-06,0.0001537600723725
FR,atlantic_to_france,2015-07-18,2015-07-25,8,1381.3910125,-0.0017683526998754368,-119.90338862439289,319013.0,-0.0003758573745408271,353.1517303058581,,-1.2801246597624269e-06,0.0001537600723725
FR,atlantic_to_france,2015-08-07,2015-08-12,6,1741.1933333333334,-0.0022289445234139394,-113.35040858871345,203005.0,-0.0005583626442142482,353.1517303058581,,-1.2801246597624269e-06,0.0001537600723725
FR,atlantic_to_france,2016-09-05,2016-09-13,9,1427.3128666666667,-0.0018271383978162008,-139.37553072656596,298531.5,-0.00046687043319236315,353.1517303058581,,-1.2801246597624269e-06,0.0001537600723725
FR,atlantic_to_france,2018-08-01,2018-08-06,6,1998.6994833333335,-0.002558584496069422,-130.1138700365748,229526.0,-0.0005668807456958027,353.1517303058581,,-1.2801246597624269e-06,0.0001537600723725
FR,atlantic_to_france,2018-08-19,2018-08-22,4,1726.94675,-0.002210707120771579,-74.94864431039662,107439.0,-0.0006975925344651069,353.1517303058581,,-1.2801246597624269e-06,0.0001537600723725
FR,atlantic_to_france,2018-09-19,2018-09-24,6,1351.7245666666665,-0.0017303759509966804,-87.99627760907363,595762.0,-0.0001477037434564031,353.1517303058581,,-1.2801246597624269e-06,0.0001537600723725
FR,atlantic_to_france,2019-06-25,2019-07-08,14,1800.6974142857143,-0.002305117164797582,-273.522854742816,821516.0,-0.00033294890755970177,353.1517303058581,,-1.2801246597624269e-06,0.0001537600723725
FR,atlantic_to_france,2019-07-23,2019-07-26,4,1346.0142,-0.0017230659698103954,-58.41635795228953,209869.84210526317,-0.0002783456516014816,353.1517303058581,,-1.2801246597624269e-06,0.0001537600723725
FR,atlantic_to_france,2019-08-30,2019-09-03,5,1679.1693599999999,-0.002149546105653492,-91.09391119004995,233432.0,-0.00039023746183063996,353.1517303058581,,-1.2801246597624269e-06,0.0001537600723725
FR,atlantic_to_france,2019-09-28,2020-05-02,5,1264.65392,-0.0016189146690572193,-68.60670199141111,27677152.5,-2.478820824917271e-06,353.1517303058581,,-1.2801246597624269e-06,0.0001537600723725
FR,atlantic_to_france,2020-09-12,2020-09-19,8,1630.5047749999999,-0.0020872493703378873,-141.52621952921044,519701.0,-0.00027232239216243656,353.1517303058581,,-1.2801246597624269e-06,0.0001537600723725
FR,atlantic_to_france,2015-05-02,2015-05-04,3,1270.0751333333335,-0.0016258544979310524,-41.340479700233765,162042.0,-0.0002551220035560766,353.1517303058581,,-1.2801246597624269e-06,0.0001537600723725
FR,atlantic_to_france,2015-06-30,2015-07-03,4,1483.3982,-0.0018989346160671965,-64.3787563585748,147530.0,-0.0004363773900804908,353.1517303058581,,-1.2801246597624269e-06,0.0001537600723725
FR,atlantic_to_france,2016-08-13,2016-08-16,4,1698.1739,-0.0021738742859549335,-73.69991669303008,114001.0,-0.0006464848263877516,353.1517303058581,,-1.2801246597624269e-06,0.0001537600723725
FR,atlantic_to_france,2017-05-15,2017-05-25,11,1387.0644363636363,-0.0017756153896685623,-165.5442748658591,432333.0,-0.000382909180807061,353.1517303058581,,-1.2801246597624269e-06,0.0001537600723725
FR,atlantic_to_france,2017-06-18,2017-06-21,4,1685.874125,-0.0021581290406679043,-73.16611247377844,133340.0,-0.0005487184076329567,353.1517303058581,,-1.2801246597624269e-06,0.0001537600723725
FR,atlantic_to_france,2018-06-26,2018-06-30,5,1932.7948000000001,-0.002474218285740588,-104.85293625164192,343607.0,-0.00030515366756684795,353.1517303058581,,-1.2801246597624269e-06,0.0001537600723725
FR,atlantic_to_france,2018-07-08,2018-07-15,8,2014.680625,-0.0025790423496080783,-174.8723075128663,318574.0,-0.0005489220950638355,353.1517303058581,,-1.2801246597624269e-06,0.0001537600723725
FR,atlantic_to_france,2018-08-02,2018-08-06,5,2028.0523399999997,-0.002596159811722893,-110.02059955925645,202379.0,-0.000543636442314946,353.1517303058581,,-1.2801246597624269e-06,0.0001537600723725
FR,atlantic_to_france,2020-05-04,2020-05-08,5,1915.5024799999999,-0.0024520819604840847,-103.91483846360825,289386.0,-0.00035908730368299863,353.1517303058581,,-1.2801246597624269e-06,0.0001537600723725
FR,atlantic_to_france,2020-05-26,2020-06-02,8,1970.7485374999999,-0.002522803801044488,-171.0590452917229,644152.0,-0.00026555695750649365,353.1517303058581,,-1.2801246597624269e-06,0.0001537600723725
FR,atlantic_to_france,2020-08-06,2020-08-11,6,1623.81375,-0.0020786840242363004,-105.70908382821992,194096.0,-0.0005446226806746141,353.1517303058581,,-1.2801246597624269e-06,0.0001537600723725
FR,atlantic_to_france,2020-09-13,2020-09-18,6,1643.2505833333335,-0.002103565593893993,-106.97440741855686,421737.0,-0.00025365193810018296,353.1517303058581,,-1.2801246597624269e-06,0.0001537600723725
FR,atlantic_to_france,2015-06-30,2015-07-03,4,1483.3982,-0.0018989346160671965,-64.3787563585748,147530.0,-0.0004363773900804908,353.1517303058581,,-1.2801246597624269e-06,0.0001537600723725
FR,atlantic_to_france,2016-08-14,2016-08-16,3,1847.0434666666667,-0.00236444588933308,-60.12058730634365,94725.0,-0.0006346855350366182,353.1517303058581,,-1.2801246597624269e-06,0.0001537600723725
FR,atlantic_to_france,2016-08-22,2016-08-25,4,1258.975875,-0.0016116460636334787,-54.63893721722766,122086.0,-0.00044754465882433414,353.1517303058581,,-1.2801246597624269e-06,0.0001537600723725
FR,atlantic_to_france,2016-09-07,2016-09-12,6,1408.7448166666666,-0.001803368979127499,-91.70825405166505,186384.0,-0.0004920393062262053,353.1517303058581,,-1.2801246597624269e-06,0.0001537600723725
FR,atlantic_to_france,2017-05-16,2017-05-26,11,1417.0896818181818,-0.0018140514467903457,-169.12774752663393,482008.0,-0.00035088161924000003,353.1517303058581,,-1.2801246597624269e-06,0.0001537600723725
FR,atlantic_to_france,2017-06-18,2017-06-21,4,1685.874125,-0.0021581290406679043,-73.16611247377844,133340.0,-0.0005487184076329567,353.1517303058581,,-1.2801246597624269e-06,0.0001537600723725
FR,atlantic_to_france,2018-07-08,2018-07-10,3,2058.1095666666665,-0.002634636808782962,-66.99071143794292,170273.0,-0.00039343120423051756,353.1517303058581,,-1.2801246597624269e-06,0.0001537600723725
FR,atlantic_to_france,2018-08-03,2018-08-07,5,1890.97598,-0.0024206849830164215,-102.58429083331873,223847.0,-0.0004582786047314404,353.1517303058581,,-1.2801246597624269e-06,0.0001537600723725
FR,atlantic_to_france,2020-05-04,2020-05-09,6,1846.9610999999998,-0.0023643404497319374,-120.23581260311487,332524.0,-0.0003615853670806163,353.1517303058581,,-1.2801246597624269e-06,0.0001537600723725
FR,atlantic_to_france,2020-05-26,2020-06-02,8,1970.7485374999999,-0.002522803801044488,-171.0590452917229,644152.0,-0.00026555695750649365,353.1517303058581,,-1.2801246597624269e-06,0.0001537600723725
FR,atlantic_to_france,2020-09-13,2020-09-18,6,1643.2505833333335,-0.002103565593893993,-106.97440741855686,421737.0,-0.00025365193810018296,353.1517303058581,,-1.2801246597624269e-06,0.0001537600723725
FR,atlantic_to_france,2015-06-30,2015-07-03,4,1483.3982,-0.0018989346160671965,-64.3787563585748,147530.0,-0.0004363773900804908,353.1517303058581,,-1.2801246597624269e-06,0.0001537600723725
FR,atlantic_to_france,2016-07-17,2016-07-19,3,1596.3385999999998,-0.002043512407190629,-51.9602358600619,79552.0,-0.0006531606478788956,353.1517303058581,,-1.2801246597624269e-06,0.0001537600723725
FR,atlantic_to_france,2016-08-22,2016-08-27,6,1291.853,-0.0016537328820880705,-84.0986825433258,172293.0,-0.000488114331652045,353.1517303058581,,-1.2801246597624269e-06,0.0001537600723725
FR,atlantic_to_france,2016-09-07,2016-09-12,6,1408.7448166666666,-0.001803368979127499,-91.70825405166505,186384.0,-0.0004920393062262053,353.1517303058581,,-1.2801246597624269e-06,0.0001537600723725
FR,atlantic_to_france,2017-05-24,2017-05-28,5,1622.079,-0.0020764633279827774,-87.9967940632534,255741.0,-0.0003440855946573033,353.1517303058581,,-1.2801246597624269e-06,0.0001537600723725
FR,atlantic_to_france,2017-06-17,2017-06-19,3,1777.9595,-0.0022760098000088745,-57.87192953276814,140022.0,-0.0004133059771519343,353.1517303058581,,-1.2801246597624269e-06,0.0001537600723725
FR,atlantic_to_france,2018-06-26,2018-06-30,5,1932.7948000000001,-0.002474218285740588,-104.85293625164192,343607.0,-0.00030515366756684795,353.1517303058581,,-1.2801246597624269e-06,0.0001537600723725
FR,atlantic_to_france,2018-08-03,2018-08-06,4,2044.2491,-0.0026168936836071474,-88.71941110966415,164645.0,-0.0005388527505218145,353.1517303058581,,-1.2801246597624269e-06,0.0001537600723725
FR,atlantic_to_france,2019-07-22,2019-07-25,4,1388.2004749999999,-0.001777069660741414,-60.24722165422797,173070.84210526317,-0.0003481072890232145,353.1517303058581,,-1.2801246597624269e-06,0.0001537600723725
FR,atlantic_to_france,2020-05-04,2020-05-07,4,1948.352475,-0.0024941340491566573,-84.55754448714525,242068.0,-0.00034931318673738475,353.1517303058581,,-1.2801246597624269e-06,0.0001537600723725
FR,atlantic_to_france,2020-05-27,2020-05-31,5,1995.032,-0.002553889660215154,-108.22926630182661,458740.0,-0.00023592724920832412,353.1517303058581,,-1.2801246597624269e-06,0.0001537600723725
FR,atlantic_to_france,2020-09-13,2020-09-18,6,1643.2505833333335,-0.002103565593893993,-106.97440741855686,421737.0,-0.00025365193810018296,353.1517303058581,,-1.2801246597624269e-06,0.0001537600723725
FR,atlantic_to_france,2015-06-30,2015-07-10,11,1448.2721181818183,-0.0018539688525309095,-172.84932936597664,428149.0,-0.0004037130283288683,353.1517303058581,,-1.2801246597624269e-06,0.0001537600723725
FR,atlantic_to_france,2016-08-23,2016-08-27,5,1309.087,-0.001675794550474416,-71.01716941646012,145371.0,-0.0004885236355013044,353.1517303058581,,-1.2801246597624269e-06,0.0001537600723725
FR,atlantic_to_france,2016-09-07,2016-09-13,7,1392.8893571428573,-0.0017830720143992057,-105.7887544803653,246204.0,-0.00042967926792564416,353.1517303058581,,-1.2801246597624269e-06,0.0001537600723725
FR,atlantic_to_france,2017-05-15,2017-05-17,3,1219.3884666666665,-0.0015609692460098938,-39.690647293148984,89859.0,-0.00044169918753991235,353.1517303058581,,-1.2801246597624269e-06,0.0001537600723725
FR,atlantic_to_france,2017-05-25,2017-05-28,4,1558.45065,-0.001995011108087783,-67.63599598085835,224372.0,-0.00030144579529022496,353.1517303058581,,-1.2801246597624269e-06,0.0001537600723725
FR,atlantic_to_france,2017-06-18,2017-06-22,5,1572.7344,-0.0020132960886966645,-85.31987968094923,179702.0,-0.00047478536510973295,353.1517303058581,,-1.2801246597624269e-06,0.0001537600723725
FR,atlantic_to_france,2017-08-22,2017-08-28,7,1540.7746714285713,-0.001972383652033065,-117.02051752313403,190987.0,-0.0006127145696991629,353.1517303058581,,-1.2801246597624269e-06,0.0001537600723725
FR,atlantic_to_france,2018-08-03,2018-08-06,4,2044.2491,-0.0026168936836071474,-88.71941110966415,164645.0,-0.0005388527505218145,353.1517303058581,,-1.2801246597624269e-06,0.0001537600723725
FR,atlantic_to_france,2019-07-22,2019-07-25,4,1388.2004749999999,-0.001777069660741414,-60.24722165422797,173070.84210526317,-0.0003481072890232145,353.1517303058581,,-1.2801246597624269e-06,0.0001537600723725
FR,atlantic_to_france,2019-09-15,2019-09-20,6,1921.1923666666664,-0.002459365724717338,-125.0682136039942,521025.0,-0.00024004263443019855,353.1517303058581,,-1.2801246597624269e-06,0.0001537600723725
FR,atlantic_to_france,2020-08-06,2020-08-09,4,1637.595875,-0.0020963268623127285,-71.07086003638948,135373.0,-0.0005250002588137183,353.1517303058581,,-1.2801246597624269e-06,0.0001537600723725
FR,atlantic_to_france,2020-09-13,2020-09-17,5,1623.11394,-0.002077788180198152,-88.0529389255245,303291.0,-0.0002903249319153041,353.1517303058581,,-1.2801246597624269e-06,0.0001537600723725
FR,atlantic_to_france,2015-05-10,2015-05-13,4,1365.46175,-0.001747961258137358,-59.26037211060602,108592.5,-0.0005457133053443472,353.1517303058581,,-1.2801246597624269e-06,0.0001537600723725
FR,atlantic_to_france,2015-06-30,2015-07-16,17,1445.7657941176471,-0.001850760445291008,-266.6684954835532,652396.0,-0.0004087524992237126,353.1517303058581,,-1.2801246597624269e-06,0.0001537600723725
FR,atlantic_to_france,2016-08-25,2016-08-27,3,1310.7413666666669,-0.0016779123460407054,-42.66415067802025,72258.0,-0.000590441898170725,353.1517303058581,,-1.2801246597624269e-06,0.0001537600723725
FR,atlantic_to_france,2016-09-07,2016-09-13,7,1392.8893571428573,-0.0017830720143992057,-105.7887544803653,246204.0,-0.00042967926792564416,353.1517303058581,,-1.2801246597624269e-06,0.0001537600723725
FR,atlantic_to_france,2017-05-25,2017-05-28,4,1558.45065,-0.001995011108087783,-67.63599598085835,224372.0,-0.00030144579529022496,353.1517303058581,,-1.2801246597624269e-06,0.0001537600723725
FR,atlantic_to_france,2017-06-18,2017-06-22,5,1572.7344,-0.0020132960886966645,-85.31987968094923,179702.0,-0.00047478536510973295,353.1517303058581,,-1.2801246597624269e-06,0.0001537600723725
FR,atlantic_to_france,2018-08-02,2018-08-06,5,2028.0523399999997,-0.002596159811722893,-110.02059955925645,202379.0,-0.000543636442314946,353.1517303058581,,-1.2801246597624269e-06,0.0001537600723725
FR,atlantic_to_france,2018-09-17,2018-09-20,4,1216.949925,-0.0015578476086885358,-52.815031541875186,241706.0,-0.00021850939381676577,353.1517303058581,,-1.2801246597624269e-06,0.0001537600723725
FR,atlantic_to_france,2019-06-26,2019-07-05,10,1838.6979000000003,-0.002353762523643389,-199.49647390889908,645296.0,-0.0003091549829983435,353.1517303058581,,-1.2801246597624269e-06,0.0001537600723725
FR,atlantic_to_france,2019-07-22,2019-07-25,4,1388.2004749999999,-0.001777069660741414,-60.24722165422797,173070.84210526317,-0.0003481072890232145,353.1517303058581,,-1.2801246597624269e-06,0.0001537600723725
FR,atlantic_to_france,2019-09-13,2019-09-20,8,1909.9368625,-0.0024449572762755296,-165.78065138699543,610969.0,-0.00027134052854890415,353.1517303058581,,-1.2801246597624269e-06,0.0001537600723725
FR,atlantic_to_france,2020-07-27,2020-07-31,5,1517.1482600000002,-0.0019421389001416582,-82.30436556952114,341917.0,-0.00024071445868301705,353.1517303058581,,-1.2801246597624269e-06,0.0001537600723725
FR,atlantic_to_france,2020-08-06,2020-08-08,3,1659.6277666666665,-0.002124530430136443,-54.02027501928963,93455.0,-0.0005780351508136496,353.1517303058581,,-1.2801246597624269e-06,0.0001537600723725
FR,atlantic_to_france,2020-09-13,2020-09-18,6,1643.2505833333335,-0.002103565593893993,-106.97440741855686,421737.0,-0.00025365193810018296,353.1517303058581,,-1.2801246597624269e-06,0.0001537600723725
FR,atlantic_to_france,2015-05-11,2015-05-13,3,1415.8101333333334,-0.0018124134652215296,-46.084100491628604,87244.5,-0.000528217830254384,353.1517303058581,,-1.2801246597624269e-06,0.0001537600723725
FR,atlantic_to_france,2015-06-30,2015-07-07,8,1422.4389875000002,-0.0018208992249062487,-123.46631270174161,274120.0,-0.00045040972093149574,353.1517303058581,,-1.2801246597624269e-06,0.0001537600723725
FR,atlantic_to_france,2015-07-15,2015-07-21,7,1367.6161,-0.0017507190946981172,-103.86927223212045,199155.0,-0.0005215499095283596,353.1517303058581,,-1.2801246597624269e-06,0.0001537600723725
FR,atlantic_to_france,2015-08-03,2015-08-07,5,1341.0035400000002,-0.0017166517003827102,-72.74862219871771,166825.0,-0.00043607745960568087,353.1517303058581,,-1.2801246597624269e-06,0.0001537600723725
FR,atlantic_to_france,2016-08-24,2016-08-27,4,1292.344875,-0.001654362543405091,-56.08713549664399,104944.0,-0.0005344482342644075,353.1517303058581,,-1.2801246597624269e-06,0.0001537600723725
FR,atlantic_to_france,2017-06-11,2017-06-13,3,1536.8855333333333,-0.001967405070452129,-50.025060348673534,103864.0,-0.0004816400326260642,353.1517303058581,,-1.2801246597624269e-06,0.0001537600723725
FR,atlantic_to_france,2018-09-11,2018-09-20,10,1437.3725200000001,-0.0018400160081168623,-155.95316089366747,423133.0,-0.00036856771013763396,353.1517303058581,,-1.2801246597624269e-06,0.0001537600723725
FR,atlantic_to_france,2019-06-26,2019-07-05,10,1838.6979000000003,-0.002353762523643389,-199.49647390889908,645296.0,-0.0003091549829983435,353.1517303058581,,-1.2801246597624269e-06,0.0001537600723725
FR,atlantic_to_france,2019-07-22,2019-07-25,4,1388.2004749999999,-0.001777069660741414,-60.24722165422797,173070.84210526317,-0.0003481072890232145,353.1517303058581,,-1.2801246597624269e-06,0.0001537600723725
FR,atlantic_to_france,2019-09-13,2019-09-17,5,1879.72396,-0.002406280994742282,-101.97387562744058,210465.0,-0.0004845170248138198,353.1517303058581,,-1.2801246597624269e-06,0.0001537600723725
FR,atlantic_to_france,2020-07-27,2020-07-31,5,1517.1482600000002,-0.0019421389001416582,-82.30436556952114,341917.0,-0.00024071445868301705,353.1517303058581,,-1.2801246597624269e-06,0.0001537600723725
FR,atlantic_to_france,2020-08-07,2020-08-09,3,1620.3114333333333,-0.0020742006223050035,-52.74054279133198,105970.0,-0.0004976931470353117,353.1517303058581,,-1.2801246597624269e-06,0.0001537600723725
FR,atlantic_to_france,2020-09-13,2020-09-18,6,1643.2505833333335,-0.002103565593893993,-106.97440741855686,421737.0,-0.00025365193810018296,353.1517303058581,,-1.2801246597624269e-06,0.0001537600723725
FR,atlantic_to_france,2015-05-11,2015-05-14,4,1397.946425,-0.001789545691669226,-60.670191117540554,134043.5,-0.00045261568906765755,353.1517303058581,,-1.2801246597624269e-06,0.0001537600723725
FR,atlantic_to_france,2015-06-03,2015-06-06,4,1505.2183,-0.0019268670641556787,-65.3257380264909,112650.0,-0.0005799000268663196,353.1517303058581,,-1.2801246597624269e-06,0.0001537600723725
FR,atlantic_to_france,2015-07-03,2015-07-07,5,1425.1225200000001,-0.0018243344810347725,-77.31202543608836,165484.0,-0.0004671873137952211,353.1517303058581,,-1.2801246597624269e-06,0.0001537600723725
FR,atlantic_to_france,2015-07-16,2015-07-21,6,1321.8616166666668,-0.0016921476522884283,-86.05222147276618,183639.0,-0.00046859447869333954,353.1517303058581,,-1.2801246597624269e-06,0.0001537600723725
FR,atlantic_to_france,2016-09-03,2016-09-13,11,1399.302472727273,-0.0017912816018047228,-167.00486804559017,371254.5,-0.00044983930981466936,353.1517303058581,,-1.2801246597624269e-06,0.0001537600723725
FR,atlantic_to_france,2018-09-11,2018-09-13,3,1518.769266666667,-0.0019442139907492975,-49.43538251409399,96001.0,-0.0005149465371620503,353.1517303058581,,-1.2801246597624269e-06,0.0001537600723725
FR,atlantic_to_france,2018-09-19,2018-09-28,10,1528.0036100000002,-0.0019560351013670103,-165.78652334082105,836014.0,-0.00019830591753346361,353.1517303058581,,-1.2801246597624269e-06,0.0001537600723725
FR,atlantic_to_france,2019-06-26,2019-07-05,10,1838.6979000000003,-0.002353762523643389,-199.49647390889908,645296.0,-0.0003091549829983435,353.1517303058581,,-1.2801246597624269e-06,0.0001537600723725
FR,atlantic_to_france,2019-07-22,2019-07-26,5,1399.6278599999998,-0.0017916981380765133,-75.92895571770059,234862.84210526317,-0.00032329062799840426,353.1517303058581,,-1.2801246597624269e-06,0.0001537600723725
FR,atlantic_to_france,2019-09-13,2019-09-17,5,1879.72396,-0.002406280994742282,-101.97387562744058,210465.0,-0.0004845170248138198,353.1517303058581,,-1.2801246597624269e-06,0.0001537600723725
FR,atlantic_to_france,2020-07-27,2020-08-01,6,1514.411616666667,-0.0019386356555256838,-98.58708521013985,396936.0,-0.0002483702289793313,353.1517303058581,,-1.2801246597624269e-06,0.0001537600723725
FR,atlantic_to_france,2020-08-08,2020-08-10,3,1666.5919000000001,-0.0021334453889503167,-54.24695500470184,105478.0,-0.000514296393605319,353.1517303058581,,-1.2801246597624269e-06,0.0001537600723725
FR,atlantic_to_france,2020-09-12,2020-09-18,7,1655.1590571428571,-0.0021188099248776993,-125.70791371484383,450118.0,-0.0002792776865507352,353.1517303058581,,-1.2801246597624269e-06,0.0001537600723725
FR,atlantic_to_france,2015-05-11,2015-05-14,4,1397.946425,-0.001789545691669226,-60.670191117540554,134043.5,-0.00045261568906765755,353.1517303058581,,-1.2801246597624269e-06,0.0001537600723725
FR,atlantic_to_france,2015-06-03,2015-06-06,4,1505.2183,-0.0019268670641556787,-65.3257380264909,112650.0,-0.0005799000268663196,353.1517303058581,,-1.2801246597624269e-06,0.0001537600723725
FR,atlantic_to_france,2015-07-02,2015-07-07,6,1423.0302166666668,-0.0018216560719420693,-92.63822311130609,197281.0,-0.0004695749875117527,353.1517303058581,,-1.2801246597624269e-06,0.0001537600723725
FR,atlantic_to_france,2015-07-15,2015-07-21,7,1367.6161,-0.0017507190946981172,-103.86927223212045,199155.0,-0.0005215499095283596,353.1517303058581,,-1.2801246597624269e-06,0.0001537600723725
FR,atlantic_to_france,2016-08-25,2016-08-27,3,1310.7413666666669,-0.0016779123460407054,-42.66415067802025,72258.0,-0.000590441898170725,353.1517303058581,,-1.2801246597624269e-06,0.0001537600723725
FR,atlantic_to_france,2017-08-01,2017-08-05,5,1349.01096,-0.0017269021961857848,-73.18301983823956,267751.0,-0.00027332491694985104,353.1517303058581,,-1.2801246597624269e-06,0.0001537600723725
FR,atlantic_to_france,2018-09-19,2018-09-28,10,1528.0036100000002,-0.0019560351013670103,-165.78652334082105,836014.0,-0.00019830591753346361,353.1517303058581,,-1.2801246597624269e-06,0.0001537600723725
FR,atlantic_to_france,2019-06-25,2019-06-30,6,1585.0256833333335,-0.002029030463591792,-103.18400914474637,403216.0,-0.0002559025662293817,353.1517303058581,,-1.2801246597624269e-06,0.0001537600723725
FR,atlantic_to_france,2019-07-22,2019-07-25,4,1388.2004749999999,-0.001777069660741414,-60.24722165422797,173070.84210526317,-0.0003481072890232145,353.1517303058581,,-1.2801246597624269e-06,0.0001537600723725
FR,atlantic_to_france,2019-09-13,2019-09-17,5,1879.72396,-0.002406280994742282,-101.97387562744058,210465.0,-0.0004845170248138198,353.1517303058581,,-1.2801246597624269e-06,0.0001537600723725
FR,atlantic_to_france,2020-07-30,2020-08-01,3,1545.4422666666667,-0.0019783587557991407,-50.303578879887205,166528.0,-0.000302072797847132,353.1517303058581,,-1.2801246597624269e-06,0.0001537600723725
FR,atlantic_to_france,2020-09-13,2020-09-18,6,1643.2505833333335,-0.002103565593893993,-106.97440741855686,421737.0,-0.00025365193810018296,353.1517303058581,,-1.2801246597624269e-06,0.0001537600723725
FR,atlantic_to_france,2015-05-11,2015-05-14,4,1397.946425,-0.001789545691669226,-60.670191117540554,134043.5,-0.00045261568906765755,353.1517303058581,,-1.2801246597624269e-06,0.0001537600723725
FR,atlantic_to_france,2015-06-04,2015-06-06,3,1535.1425333333334,-0.0019651738131701633,-49.96832633804192,85963.0,-0.0005812771347910371,353.1517303058581,,-1.2801246597624269e-06,0.0001537600723725
FR,atlantic_to_france,2015-07-04,2015-07-08,5,1354.1825800000001,-0.0017335225144787057,-73.46357706147802,208864.0,-0.0003517292451618183,353.1517303058581,,-1.2801246597624269e-06,0.0001537600723725
FR,atlantic_to_france,2015-07-14,2015-07-22,9,1394.4577555555557,-0.0017850797598836332,-136.16726528236407,274456.0,-0.0004961351374441225,353.1517303058581,,-1.2801246597624269e-06,0.0001537600723725
FR,atlantic_to_france,2017-06-12,2017-06-16,5,1603.1013799999998,-0.0020521696086371766,-86.96726978055776,193331.0,-0.0004498361348183052,353.1517303058581,,-1.2801246597624269e-06,0.0001537600723725
FR,atlantic_to_france,2017-08-02,2017-08-05,4,1288.4685,-0.0016494003001771044,-55.918902717556435,244991.0,-0.00022824880390527177,353.1517303058581,,-1.2801246597624269e-06,0.0001537600723725
FR,atlantic_to_france,2018-09-21,2018-09-28,8,1598.8787,-0.002046764051838891,-138.78110715546882,704979.0,-0.0001968584981332335,353.1517303058581,,-1.2801246597624269e-06,0.0001537600723725
FR,atlantic_to_france,2019-06-25,2019-07-05,11,1774.4548545454547,-0.002271523416938787,-211.77880023226285,697990.0,-0.00030341237013748455,353.1517303058581,,-1.2801246597624269e-06,0.0001537600723725
FR,atlantic_to_france,2019-07-23,2019-07-26,4,1346.0142,-0.0017230659698103954,-58.41635795228953,209869.84210526317,-0.0002783456516014816,353.1517303058581,,-1.2801246597624269e-06,0.0001537600723725
FR,atlantic_to_france,2020-07-28,2020-08-01,5,1579.6108600000002,-0.002022098814714535,-85.69292343190354,283119.0,-0.0003026745765275504,353.1517303058581,,-1.2801246597624269e-06,0.0001537600723725
FR,atlantic_to_france,2020-09-13,2020-09-17,5,1623.11394,-0.002077788180198152,-88.0529389255245,303291.0,-0.0002903249319153041,353.1517303058581,,-1.2801246597624269e-06,0.0001537600723725
FR,atlantic_to_france,2016-08-14,2016-08-16,3,1847.0434666666667,-0.00236444588933308,-60.12058730634365,94725.0,-0.0006346855350366182,353.1517303058581,,-1.2801246597624269e-06,0.0001537600723725
FR,atlantic_to_france,2016-09-06,2016-09-12,7,1446.7243285714287,-0.0018519874888825256,-109.87747448221575,211776.0,-0.0005188381803519556,353.1517303058581,,-1.2801246597624269e-06,0.0001537600723725
FR,atlantic_to_france,2017-05-22,2017-05-26,5,1633.07656,-0.0020905415757359945,-88.59340496970019,248765.0,-0.0003561329164862428,353.1517303058581,,-1.2801246597624269e-06,0.0001537600723725
FR,atlantic_to_france,2018-06-26,2018-06-30,5,1932.7948000000001,-0.002474218285740588,-104.85293625164192,343607.0,-0.00030515366756684795,353.1517303058581,,-1.2801246597624269e-06,0.0001537600723725
FR,atlantic_to_france,2018-07-07,2018-07-15,9,2011.3939555555553,-0.002574835003003757,-196.4104062975791,350698.0,-0.0005600556783830506,353.1517303058581,,-1.2801246597624269e-06,0.0001537600723725
FR,atlantic_to_france,2018-08-02,2018-08-05,4,2038.897025,-0.0026100423604187495,-88.48713367233287,179289.0,-0.0004935446885884403,353.1517303058581,,-1.2801246597624269e-06,0.0001537600723725
FR,atlantic_to_france,2019-07-23,2019-07-25,3,1312.9064666666666,-0.0016806839439415565,-42.734623888816884,148077.84210526317,-0.0002885956688809551,353.1517303058581,,-1.2801246597624269e-06,0.0001537600723725
FR,atlantic_to_france,2020-05-04,2020-05-08,5,1915.5024799999999,-0.0024520819604840847,-103.91483846360825,289386.0,-0.00035908730368299863,353.1517303058581,,-1.2801246597624269e-06,0.0001537600723725
FR,atlantic_to_france,2020-05-26,2020-06-03,9,1919.1811111111108,-0.002456791066883587,-187.4059235143014,688267.0,-0.00027228666130193867,353.1517303058581,,-1.2801246597624269e-06,0.0001537600723725
FR,atlantic_to_france,2020-08-06,2020-08-11,6,1623.81375,-0.0020786840242363004,-105.70908382821992,194096.0,-0.0005446226806746141,353.1517303058581,,-1.2801246597624269e-06,0.0001537600723725
FR,atlantic_to_france,2020-09-13,2020-09-18,6,1643.2505833333335,-0.002103565593893993,-106.97440741855686,421737.0,-0.00025365193810018296,353.1517303058581,,-1.2801246597624269e-06,0.0001537600723725
FR,atlantic_to_france,2016-07-17,2016-07-19,3,1596.3385999999998,-0.002043512407190629,-51.9602358600619,79552.0,-0.0006531606478788956,353.1517303058581,,-1.2801246597624269e-06,0.0001537600723725
FR,atlantic_to_france,2016-08-14,2016-08-16,3,1847.0434666666667,-0.00236444588933308,-60.12058730634365,94725.0,-0.0006346855350366182,353.1517303058581,,-1.2801246597624269e-06,0.0001537600723725
FR,atlantic_to_france,2016-08-23,2016-08-26,4,1276.680125,-0.0016343097106410777,-55.40729300818204,118590.0,-0.0004672172443560337,353.1517303058581,,-1.2801246597624269e-06,0.0001537600723725
FR,atlantic_to_france,2016-09-07,2016-09-12,6,1408.7448166666666,-0.001803368979127499,-91.70825405166505,186384.0,-0.0004920393062262053,353.1517303058581,,-1.2801246597624269e-06,0.0001537600723725
FR,atlantic_to_france,2017-05-24,2017-05-26,3,1791.0722666666668,-0.0022927957759765853,-58.298745277734746,175546.0,-0.0003320995367466917,353.1517303058581,,-1.2801246597624269e-06,0.0001537600723725
FR,atlantic_to_france,2017-06-17,2017-06-19,3,1777.9595,-0.0022760098000088745,-57.87192953276814,140022.0,-0.0004133059771519343,353.1517303058581,,-1.2801246597624269e-06,0.0001537600723725
FR,atlantic_to_france,2018-06-26,2018-06-30,5,1932.7948000000001,-0.002474218285740588,-104.85293625164192,343607.0,-0.00030515366756684795,353.1517303058581,,-1.2801246597624269e-06,0.0001537600723725
FR,atlantic_to_france,2018-07-08,2018-07-14,7,2059.2756285714286,-0.002636129513382058,-156.40022142548386,291107.0,-0.0005372602562819989,353.1517303058581,,-1.2801246597624269e-06,0.0001537600723725
FR,atlantic_to_france,2018-08-02,2018-08-06,5,2028.0523399999997,-0.002596159811722893,-110.02059955925645,202379.0,-0.000543636442314946,353.1517303058581,,-1.2801246597624269e-06,0.0001537600723725
FR,atlantic_to_france,2019-08-23,2019-08-26,4,1647.3593,-0.0021088252634189697,-71.49458790615515,115546.0,-0.0006187543307960046,353.1517303058581,,-1.2801246597624269e-06,0.0001537600723725
FR,atlantic_to_france,2020-05-04,2020-05-09,6,1846.9610999999998,-0.0023643404497319374,-120.23581260311487,332524.0,-0.0003615853670806163,353.1517303058581,,-1.2801246597624269e-06,0.0001537600723725
FR,atlantic_to_france,2020-05-26,2020-06-03,9,1919.1811111111108,-0.002456791066883587,-187.4059235143014,688267.0,-0.00027228666130193867,353.1517303058581,,-1.2801246597624269e-06,0.0001537600723725
FR,atlantic_to_france,2020-08-07,2020-08-11,5,1610.6866599999998,-0.0020618797126163795,-87.37876658316239,164693.0,-0.0005305554369837357,353.1517303058581,,-1.2801246597624269e-06,0.0001537600723725
FR,atlantic_to_france,2020-09-13,2020-09-18,6,1643.2505833333335,-0.002103565593893993,-106.97440741855686,421737.0,-0.00025365193810018296,353.1517303058581,,-1.2801246597624269e-06,0.0001537600723725
FR,atlantic_to_france,2015-06-30,2015-07-03,4,1483.3982,-0.0018989346160671965,-64.3787563585748,147530.0,-0.0004363773900804908,353.1517303058581,,-1.2801246597624269e-06,0.0001537600723725
FR,atlantic_to_france,2016-08-14,2016-08-16,3,1847.0434666666667,-0.00236444588933308,-60.12058730634365,94725.0,-0.0006346855350366182,353.1517303058581,,-1.2801246597624269e-06,0.0001537600723725
FR,atlantic_to_france,2016-08-23,2016-08-25,3,1276.7401666666667,-0.001634386571459191,-41.557424090362005,95164.0,-0.00043669269986929937,353.1517303058581,,-1.2801246597624269e-06,0.0001537600723725
FR,atlantic_to_france,2016-09-07,2016-09-12,6,1408.7448166666666,-0.001803368979127499,-91.70825405166505,186384.0,-0.0004920393062262053,353.1517303058581,,-1.2801246597624269e-06,0.0001537600723725
FR,atlantic_to_france,2017-05-25,2017-05-28,4,1558.45065,-0.001995011108087783,-67.63599598085835,224372.0,-0.00030144579529022496,353.1517303058581,,-1.2801246597624269e-06,0.0001537600723725
FR,atlantic_to_france,2017-06-17,2017-06-19,3,1777.9595,-0.0022760098000088745,-57.87192953276814,140022.0,-0.0004133059771519343,353.1517303058581,,-1.2801246597624269e-06,0.0001537600723725
FR,atlantic_to_france,2018-08-02,2018-08-06,5,2028.0523399999997,-0.002596159811722893,-110.02059955925645,202379.0,-0.000543636442314946,353.1517303058581,,-1.2801246597624269e-06,0.0001537600723725
FR,atlantic_to_france,2019-07-23,2019-07-25,3,1312.9064666666666,-0.0016806839439415565,-42.734623888816884,148077.84210526317,-0.0002885956688809551,353.1517303058581,,-1.2801246597624269e-06,0.0001537600723725
FR,atlantic_to_france,2019-08-24,2019-08-26,3,1558.0133333333333,-0.0019944512882386577,-50.712762488560536,73101.0,-0.0006937355506567699,353.1517303058581,,-1.2801246597624269e-06,0.0001537600723725
FR,atlantic_to_france,2020-05-04,2020-05-07,4,1948.352475,-0.0024941340491566573,-84.55754448714525,242068.0,-0.00034931318673738475,353.1517303058581,,-1.2801246597624269e-06,0.0001537600723725
FR,atlantic_to_france,2020-05-28,2020-06-02,6,1932.1107999999997,-0.00247334268047331,-125.77899560378091,480105.0,-0.0002619822655539536,353.1517303058581,,-1.2801246597624269e-06,0.0001537600723725
FR,atlantic_to_france,2020-09-13,2020-09-17,5,1623.11394,-0.002077788180198152,-88.0529389255245,303291.0,-0.0002903249319153041,353.1517303058581,,-1.2801246597624269e-06,0.0001537600723725
FR,atlantic_to_france,2015-06-30,2015-07-03,4,1483.3982,-0.0018989346160671965,-64.3787563585748,147530.0,-0.0004363773900804908,353.1517303058581,,-1.2801246597624269e-06,0.0001537600723725
FR,atlantic_to_france,2016-08-23,2016-08-27,5,1309.087,-0.001675794550474416,-71.01716941646012,145371.0,-0.0004885236355013044,353.1517303058581,,-1.2801246597624269e-06,0.0001537600723725
FR,atlantic_to_france,2017-05-15,2017-05-17,3,1219.3884666666665,-0.0015609692460098938,-39.690647293148984,89859.0,-0.00044169918753991235,353.1517303058581,,-1.2801246597624269e-06,0.0001537600723725
FR,atlantic_to_france,2017-05-26,2017-05-28,3,1447.3301,-0.001852762951826419,-47.11006384445442,157355.0,-0.00029938714273111385,353.1517303058581,,-1.2801246597624269e-06,0.0001537600723725
FR,atlantic_to_france,2017-06-14,2017-06-22,9,1587.0709777777777,-0.0020316486954465997,-154.9757344688509,348027.0,-0.0004452980213283765,353.1517303058581,,-1.2801246597624269e-06,0.0001537600723725
FR,atlantic_to_france,2017-07-05,2017-07-07,3,1402.845,-0.0017958164783244217,-45.66209015750703,107943.0,-0.0004230203918503935,353.1517303058581,,-1.2801246597624269e-06,0.0001537600723725
FR,atlantic_to_france,2018-05-06,2018-05-08,3,1872.2201666666667,-0.002396675203854521,-60.94007965601058,119869.0,-0.0005083889884458082,353.1517303058581,,-1.2801246597624269e-06,0.0001537600723725
FR,atlantic_to_france,2018-08-02,2018-08-06,5,2028.0523399999997,-0.002596159811722893,-110.02059955925645,202379.0,-0.000543636442314946,353.1517303058581,,-1.2801246597624269e-06,0.0001537600723725
FR,atlantic_to_france,2018-09-12,2018-09-17,6,1562.8883166666667,-0.0020006918746195887,-101.74288281563213,190967.0,-0.0005327773008720466,353.1517303058581,,-1.2801246597624269e-06,0.0001537600723725
FR,atlantic_to_france,2019-06-26,2019-06-29,4,1769.973475,-0.0022657866924728955,-76.81598313127587,300123.0,-0.0002559483382855558,353.1517303058581,,-1.2801246597624269e-06,0.0001537600723725
FR,atlantic_to_france,2019-07-23,2019-07-25,3,1312.9064666666666,-0.0016806839439415565,-42.734623888816884,148077.84210526317,-0.0002885956688809551,353.1517303058581,,-1.2801246597624269e-06,0.0001537600723725
FR,atlantic_to_france,2019-08-24,2019-08-26,3,1558.0133333333333,-0.0019944512882386577,-50.712762488560536,73101.0,-0.0006937355506567699,353.1517303058581,,-1.2801246597624269e-06,0.0001537600723725
FR,atlantic_to_france,2019-09-15,2019-09-21,7,1835.2000999999998,-0.0023492849036084716,-139.38187682004815,639476.0,-0.00021796263944236867,353.1517303058581,,-1.2801246597624269e-06,0.0001537600723725
FR,atlantic_to_france,2020-08-06,2020-08-11,6,1623.81375,-0.0020786840242363004,-105.70908382821992,194096.0,-0.0005446226806746141,353.1517303058581,,-1.2801246597624269e-06,0.0001537600723725
FR,atlantic_to_france,2020-09-13,2020-09-18,6,1643.2505833333335,-0.002103565593893993,-106.97440741855686,421737.0,-0.00025365193810018296,353.1517303058581,,-1.2801246597624269e-06,0.0001537600723725
FR,atlantic_to_france,2015-05-11,2015-05-13,3,1415.8101333333334,-0.0018124134652215296,-46.084100491628604,87244.5,-0.000528217830254384,353.1517303058581,,-1.2801246597624269e-06,0.0001537600723725
FR,atlantic_to_france,2015-06-30,2015-07-10,11,1448.2721181818183,-0.0018539688525309095,-172.84932936597664,428149.0,-0.0004037130283288683,353.1517303058581,,-1.2801246597624269e-06,0.0001537600723725
FR,atlantic_to_france,2016-08-23,2016-08-27,5,1309.087,-0.001675794550474416,-71.01716941646012,145371.0,-0.0004885236355013044,353.1517303058581,,-1.2801246597624269e-06,0.0001537600723725
FR,atlantic_to_france,2017-05-26,2017-05-28,3,1447.3301,-0.001852762951826419,-47.11006384445442,157355.0,-0.00029938714273111385,353.1517303058581,,-1.2801246597624269e-06,0.0001537600723725
FR,atlantic_to_france,2017-06-19,2017-06-22,4,1501.25115,-0.001921788617611702,-65.15356565680086,121730.0,-0.0005352301458703759,353.1517303058581,,-1.2801246597624269e-06,0.0001537600723725
FR,atlantic_to_france,2017-07-05,2017-07-07,3,1402.845,-0.0017958164783244217,-45.66209015750703,107943.0,-0.0004230203918503935,353.1517303058581,,-1.2801246597624269e-06,0.0001537600723725
FR,atlantic_to_france,2018-08-03,2018-08-06,4,2044.2491,-0.0026168936836071474,-88.71941110966415,164645.0,-0.0005388527505218145,353.1517303058581,,-1.2801246597624269e-06,0.0001537600723725
FR,atlantic_to_france,2018-09-12,2018-09-17,6,1562.8883166666667,-0.0020006918746195887,-101.74288281563213,190967.0,-0.0005327773008720466,353.1517303058581,,-1.2801246597624269e-06,0.0001537600723725
FR,atlantic_to_france,2019-06-26,2019-06-29,4,1769.973475,-0.0022657866924728955,-76.81598313127587,300123.0,-0.0002559483382855558,353.1517303058581,,-1.2801246597624269e-06,0.0001537600723725
FR,atlantic_to_france,2019-07-22,2019-07-25,4,1388.2004749999999,-0.001777069660741414,-60.24722165422797,173070.84210526317,-0.0003481072890232145,353.1517303058581,,-1.2801246597624269e-06,0.0001537600723725
FR,atlantic_to_france,2019-09-15,2019-09-21,7,1835.2000999999998,-0.0023492849036084716,-139.38187682004815,639476.0,-0.00021796263944236867,353.1517303058581,,-1.2801246597624269e-06,0.0001537600723725
FR,atlantic_to_france,2020-08-06,2020-08-10,5,1650.43234,-0.002112759137703406,-89.53494542393648,169471.0,-0.0005283201575723072,353.1517303058581,,-1.2801246597624269e-06,0.0001537600723725
FR,atlantic_to_france,2020-09-13,2020-09-18,6,1643.2505833333335,-0.002103565593893993,-106.97440741855686,421737.0,-0.00025365193810018296,353.1517303058581,,-1.2801246597624269e-06,0.0001537600723725
FR,atlantic_to_france,2015-05-11,2015-05-13,3,1415.8101333333334,-0.0018124134652215296,-46.084100491628604,87244.5,-0.000528217830254384,353.1517303058581,,-1.2801246597624269e-06,0.0001537600723725
FR,atlantic_to_france,2015-06-30,2015-07-06,7,1453.6201714285714,-0.0018608150273738005,-110.40120784496166,222950.0,-0.0004951837086564775,353.1517303058581,,-1.2801246597624269e-06,0.0001537600723725
FR,atlantic_to_france,2016-08-24,2016-08-27,4,1292.344875,-0.001654362543405091,-56.08713549664399,104944.0,-0.0005344482342644075,353.1517303058581,,-1.2801246597624269e-06,0.0001537600723725
FR,atlantic_to_france,2017-06-19,2017-06-22,4,1501.25115,-0.001921788617611702,-65.15356565680086,121730.0,-0.0005352301458703759,353.1517303058581,,-1.2801246597624269e-06,0.0001537600723725
FR,atlantic_to_france,2017-07-05,2017-07-07,3,1402.845,-0.0017958164783244217,-45.66209015750703,107943.0,-0.0004230203918503935,353.1517303058581,,-1.2801246597624269e-06,0.0001537600723725
FR,atlantic_to_france,2018-08-03,2018-08-07,5,1890.97598,-0.0024206849830164215,-102.58429083331873,223847.0,-0.0004582786047314404,353.1517303058581,,-1.2801246597624269e-06,0.0001537600723725
FR,atlantic_to_france,2018-09-11,2018-09-20,10,1437.3725200000001,-0.0018400160081168623,-155.95316089366747,423133.0,-0.00036856771013763396,353.1517303058581,,-1.2801246597624269e-06,0.0001537600723725
FR,atlantic_to_france,2019-06-01,2019-06-04,4,1277.3523,-0.0016351701784342535,-55.43646507442516,194191.0,-0.00028547391524027973,353.1517303058581,,-1.2801246597624269e-06,0.0001537600723725
FR,atlantic_to_france,2019-06-26,2019-06-29,4,1769.973475,-0.0022657866924728955,-76.81598313127587,300123.0,-0.0002559483382855558,353.1517303058581,,-1.2801246597624269e-06,0.0001537600723725
FR,atlantic_to_france,2019-07-22,2019-07-25,4,1388.2004749999999,-0.001777069660741414,-60.24722165422797,173070.84210526317,-0.0003481072890232145,353.1517303058581,,-1.2801246597624269e-06,0.0001537600723725
FR,atlantic_to_france,2019-09-15,2019-09-21,7,1835.2000999999998,-0.0023492849036084716,-139.38187682004815,639476.0,-0.00021796263944236867,353.1517303058581,,-1.2801246597624269e-06,0.0001537600723725
FR,atlantic_to_france,2020-08-07,2020-08-09,3,1620.3114333333333,-0.0020742006223050035,-52.74054279133198,105970.0,-0.0004976931470353117,353.1517303058581,,-1.2801246597624269e-06,0.0001537600723725
FR,atlantic_to_france,2020-09-13,2020-09-18,6,1643.2505833333335,-0.002103565593893993,-106.97440741855686,421737.0,-0.00025365193810018296,353.1517303058581,,-1.2801246597624269e-06,0.0001537600723725
FR,atlantic_to_france,2015-05-11,2015-05-13,3,1415.8101333333334,-0.0018124134652215296,-46.084100491628604,87244.5,-0.000528217830254384,353.1517303058581,,-1.2801246597624269e-06,0.0001537600723725
FR,atlantic_to_france,2015-06-30,2015-07-07,8,1422.4389875000002,-0.0018208992249062487,-123.46631270174161,274120.0,-0.00045040972093149574,353.1517303058581,,-1.2801246597624269e-06,0.0001537600723725
FR,atlantic_to_france,2015-07-16,2015-07-21,6,1321.8616166666668,-0.0016921476522884283,-86.05222147276618,183639.0,-0.00046859447869333954,353.1517303058581,,-1.2801246597624269e-06,0.0001537600723725
FR,atlantic_to_france,2015-08-29,2015-08-31,3,1358.0715666666667,-0.0017385009022121928,-44.204731326326254,106364.0,-0.0004155986172607861,353.1517303058581,,-1.2801246597624269e-06,0.0001537600723725
FR,atlantic_to_france,2016-08-25,2016-08-27,3,1310.7413666666669,-0.0016779123460407054,-42.66415067802025,72258.0,-0.000590441898170725,353.1517303058581,,-1.2801246597624269e-06,0.0001537600723725
FR,atlantic_to_france,2017-05-27,2017-05-29,3,1334.6953999999998,-0.001708576494811476,-43.443845676186534,117868.0,-0.0003685804940797039,353.1517303058581,,-1.2801246597624269e-06,0.0001537600723725
FR,atlantic_to_france,2017-06-19,2017-06-22,4,1501.25115,-0.001921788617611702,-65.15356565680086,121730.0,-0.0005352301458703759,353.1517303058581,,-1.2801246597624269e-06,0.0001537600723725
FR,atlantic_to_france,2018-08-03,2018-08-07,5,1890.97598,-0.0024206849830164215,-102.58429083331873,223847.0,-0.0004582786047314404,353.1517303058581,,-1.2801246597624269e-06,0.0001537600723725
FR,atlantic_to_france,2018-09-11,2018-09-27,17,1471.419211764706,-0.0018836000178281925,-271.4002150440699,1038209.0,-0.00026141192673543565,353.1517303058581,,-1.2801246597624269e-06,0.0001537600723725
FR,atlantic_to_france,2019-06-02,2019-06-04,3,1251.0001666666667,-0.001601436162716906,-40.719596532325134,169317.0,-0.00024049325544585088,353.1517303058581,,-1.2801246597624269e-06,0.0001537600723725
FR,atlantic_to_france,2019-06-26,2019-07-05,10,1838.6979000000003,-0.002353762523643389,-199.49647390889908,645296.0,-0.0003091549829983435,353.1517303058581,,-1.2801246597624269e-06,0.0001537600723725
FR,atlantic_to_france,2019-07-23,2019-07-25,3,1312.9064666666666,-0.0016806839439415565,-42.734623888816884,148077.84210526317,-0.0002885956688809551,353.1517303058581,,-1.2801246597624269e-06,0.0001537600723725
FR,atlantic_to_france,2019-09-15,2019-09-21,7,1835.2000999999998,-0.0023492849036084716,-139.38187682004815,639476.0,-0.00021796263944236867,353.1517303058581,,-1.2801246597624269e-06,0.0001537600723725
FR,atlantic_to_france,2020-07-27,2020-07-31,5,1517.1482600000002,-0.0019421389001416582,-82.30436556952114,341917.0,-0.00024071445868301705,353.1517303058581,,-1.2801246597624269e-06,0.0001537600723725
FR,atlantic_to_france,2020-09-12,2020-09-19,8,1630.5047749999999,-0.0020872493703378873,-141.52621952921044,519701.0,-0.00027232239216243656,353.1517303058581,,-1.2801246597624269e-06,0.0001537600723725
FR,atlantic_to_france,2015-05-11,2015-05-13,3,1415.8101333333334,-0.0018124134652215296,-46.084100491628604,87244.5,-0.000528217830254384,353.1517303058581,,-1.2801246597624269e-06,0.0001537600723725
FR,atlantic_to_france,2015-06-04,2015-06-06,3,1535.1425333333334,-0.0019651738131701633,-49.96832633804192,85963.0,-0.0005812771347910371,353.1517303058581,,-1.2801246597624269e-06,0.0001537600723725
FR,atlantic_to_france,2015-07-01,2015-07-07,7,1396.4638571428573,-0.0017876478199955264,-106.06023469589778,241029.0,-0.0004400310116039886,353.1517303058581,,-1.2801246597624269e-06,0.0001537600723725
FR,atlantic_to_france,2015-07-16,2015-07-21,6,1321.8616166666668,-0.0016921476522884283,-86.05222147276618,183639.0,-0.00046859447869333954,353.1517303058581,,-1.2801246597624269e-06,0.0001537600723725
FR,atlantic_to_france,2015-08-29,2015-08-31,3,1358.0715666666667,-0.0017385009022121928,-44.204731326326254,106364.0,-0.0004155986172607861,353.1517303058581,,-1.2801246597624269e-06,0.0001537600723725
FR,atlantic_to_france,2016-08-25,2016-08-28,4,1279.8342,-0.0016383473198273177,-55.544178320542315,123547.0,-0.0004495793367750112,353.1517303058581,,-1.2801246597624269e-06,0.0001537600723725
FR,atlantic_to_france,2016-09-03,2016-09-13,11,1399.302472727273,-0.0017912816018047228,-167.00486804559017,371254.5,-0.00044983930981466936,353.1517303058581,,-1.2801246597624269e-06,0.0001537600723725
FR,atlantic_to_france,2017-05-27,2017-05-29,3,1334.6953999999998,-0.001708576494811476,-43.443845676186534,117868.0,-0.0003685804940797039,353.1517303058581,,-1.2801246597624269e-06,0.0001537600723725
FR,atlantic_to_france,2018-08-03,2018-08-05,3,2064.1076,-0.0026423150391630392,-67.18594522274054,141555.0,-0.00047462784940652426,353.1517303058581,,-1.2801246597624269e-06,0.0001537600723725
FR,atlantic_to_france,2018-09-10,2018-09-23,14,1386.2421857142856,-0.001774562806335823,-210.56781499955554,840459.0,-0.000250539068532261,353.1517303058581,,-1.2801246597624269e-06,0.0001537600723725
FR,atlantic_to_france,2019-06-02,2019-06-04,3,1251.0001666666667,-0.001601436162716906,-40.719596532325134,169317.0,-0.00024049325544585088,353.1517303058581,,-1.2801246597624269e-06,0.0001537600723725
FR,atlantic_to_france,2019-06-25,2019-06-30,6,1585.0256833333335,-0.002029030463591792,-103.18400914474637,403216.0,-0.0002559025662293817,353.1517303058581,,-1.2801246597624269e-06,0.0001537600723725
FR,atlantic_to_france,2019-07-23,2019-07-26,4,1346.0142,-0.0017230659698103954,-58.41635795228953,209869.84210526317,-0.0002783456516014816,353.1517303058581,,-1.2801246597624269e-06,0.0001537600723725
FR,atlantic_to_france,2020-07-27,2020-08-01,6,1514.411616666667,-0.0019386356555256838,-98.58708521013985,396936.0,-0.0002483702289793313,353.1517303058581,,-1.2801246597624269e-06,0.0001537600723725
FR,atlantic_to_france,2020-08-08,2020-08-12,5,1612.6955400000002,-0.0020644513294428833,-87.487747094998,171337.0,-0.0005106179464738964,353.1517303058581,,-1.2801246597624269e-06,0.0001537600723725
FR,atlantic_to_france,2020-09-12,2020-09-18,7,1655.1590571428571,-0.0021188099248776993,-125.70791371484383,450118.0,-0.0002792776865507352,353.1517303058581,,-1.2801246597624269e-06,0.0001537600723725
FR,atlantic_to_france,2015-05-11,2015-05-13,3,1415.8101333333334,-0.0018124134652215296,-46.084100491628604,87244.5,-0.000528217830254384,353.1517303058581,,-1.2801246597624269e-06,0.0001537600723725
FR,atlantic_to_france,2015-06-04,2015-06-06,3,1535.1425333333334,-0.0019651738131701633,-49.96832633804192,85963.0,-0.0005812771347910371,353.1517303058581,,-1.2801246597624269e-06,0.0001537600723725
FR,atlantic_to_france,2015-07-02,2015-07-22,21,1416.9098285714285,-0.0018138212122140386,-322.83926617766383,760224.0,-0.000424663344195479,353.1517303058581,,-1.2801246597624269e-06,0.0001537600723725
FR,atlantic_to_france,2015-08-28,2015-08-31,4,1406.528,-0.0018005311774463267,-61.04262727534217,122688.0,-0.0004975435843386653,353.1517303058581,,-1.2801246597624269e-06,0.0001537600723725
FR,atlantic_to_france,2016-08-25,2016-08-28,4,1279.8342,-0.0016383473198273177,-55.544178320542315,123547.0,-0.0004495793367750112,353.1517303058581,,-1.2801246597624269e-06,0.0001537600723725
FR,atlantic_to_france,2017-05-27,2017-05-29,3,1334.6953999999998,-0.001708576494811476,-43.443845676186534,117868.0,-0.0003685804940797039,353.1517303058581,,-1.2801246597624269e-06,0.0001537600723725
FR,atlantic_to_france,2017-06-11,2017-06-13,3,1536.8855333333333,-0.001967405070452129,-50.025060348673534,103864.0,-0.0004816400326260642,353.1517303058581,,-1.2801246597624269e-06,0.0001537600723725
FR,atlantic_to_france,2017-06-20,2017-06-23,4,1413.1311500000002,-0.0018089840325934373,-61.32920075577995,134962.0,-0.00045441828630118073,353.1517303058581,,-1.2801246597624269e-06,0.0001537600723725
FR,atlantic_to_france,2018-08-03,2018-08-06,4,2044.2491,-0.0026168936836071474,-88.71941110966415,164645.0,-0.0005388527505218145,353.1517303058581,,-1.2801246597624269e-06,0.0001537600723725
FR,atlantic_to_france,2018-09-20,2018-09-28,9,1560.8245111111112,-0.0019980499462349676,-152.41279588208758,780108.0,-0.00019537396858138563,353.1517303058581,,-1.2801246597624269e-06,0.0001537600723725
FR,atlantic_to_france,2019-06-25,2019-07-01,7,1603.6990142857144,-0.0020529346550238396,-121.79956750525686,450779.0,-0.000270197962871511,353.1517303058581,,-1.2801246597624269e-06,0.0001537600723725
FR,atlantic_to_france,2019-07-22,2019-07-26,5,1399.6278599999998,-0.0017916981380765133,-75.92895571770059,234862.84210526317,-0.00032329062799840426,353.1517303058581,,-1.2801246597624269e-06,0.0001537600723725
FR,atlantic_to_france,2019-09-13,2019-09-16,4,1821.256575,-0.002331435453411958,-79.04164458901015,148805.0,-0.0005311759993885296,353.1517303058581,,-1.2801246597624269e-06,0.0001537600723725
FR,atlantic_to_france,2020-09-13,2020-09-18,6,1643.2505833333335,-0.002103565593893993,-106.97440741855686,421737.0,-0.00025365193810018296,353.1517303058581,,-1.2801246597624269e-06,0.0001537600723725
FR,atlantic_to_france,2017-05-24,2017-05-26,3,1791.0722666666668,-0.0022927957759765853,-58.298745277734746,175546.0,-0.0003320995367466917,353.1517303058581,,-1.2801246597624269e-06,0.0001537600723725
FR,atlantic_to_france,2017-06-18,2017-06-20,3,1728.1566333333333,-0.0022122559222620144,-56.25086449148728,115872.0,-0.00048545692222009873,353.1517303058581,,-1.2801246597624269e-06,0.0001537600723725
FR,atlantic_to_france,2017-08-22,2017-08-28,7,1540.7746714285713,-0.001972383652033065,-117.02051752313403,190987.0,-0.0006127145696991629,353.1517303058581,,-1.2801246597624269e-06,0.0001537600723725
FR,atlantic_to_france,2018-06-26,2018-06-30,5,1932.7948000000001,-0.002474218285740588,-104.85293625164192,343607.0,-0.00030515366756684795,353.1517303058581,,-1.2801246597624269e-06,0.0001537600723725
FR,atlantic_to_france,2018-08-03,2018-08-05,3,2064.1076,-0.0026423150391630392,-67.18594522274054,141555.0,-0.00047462784940652426,353.1517303058581,,-1.2801246597624269e-06,0.0001537600723725
FR,atlantic_to_france,2019-07-23,2019-07-25,3,1312.9064666666666,-0.0016806839439415565,-42.734623888816884,148077.84210526317,-0.0002885956688809551,353.1517303058581,,-1.2801246597624269e-06,0.0001537600723725
FR,atlantic_to_france,2020-05-04,2020-05-09,6,1846.9610999999998,-0.0023643404497319374,-120.23581260311487,332524.0,-0.0003615853670806163,353.1517303058581,,-1.2801246597624269e-06,0.0001537600723725
FR,atlantic_to_france,2020-05-26,2020-06-02,8,1970.7485374999999,-0.002522803801044488,-171.0590452917229,644152.0,-0.00026555695750649365,353.1517303058581,,-1.2801246597624269e-06,0.0001537600723725
FR,atlantic_to_france,2020-08-06,2020-08-11,6,1623.81375,-0.0020786840242363004,-105.70908382821992,194096.0,-0.0005446226806746141,353.1517303058581,,-1.2801246597624269e-06,0.0001537600723725
FR,atlantic_to_france,2020-09-14,2020-09-18,5,1647.5750400000002,-0.002109101437513067,-89.37993864579747,391808.0,-0.00022812178068287904,353.1517303058581,,-1.2801246597624269e-06,0.0001537600723725
FR,atlantic_to_france,2016-08-23,2016-08-27,5,1309.087,-0.001675794550474416,-71.01716941646012,145371.0,-0.0004885236355013044,353.1517303058581,,-1.2801246597624269e-06,0.0001537600723725
FR,atlantic_to_france,2017-05-24,2017-05-26,3,1791.0722666666668,-0.0022927957759765853,-58.298745277734746,175546.0,-0.0003320995367466917,353.1517303058581,,-1.2801246597624269e-06,0.0001537600723725
FR,atlantic_to_france,2017-06-18,2017-06-21,4,1685.874125,-0.0021581290406679043,-73.16611247377844,133340.0,-0.0005487184076329567,353.1517303058581,,-1.2801246597624269e-06,0.0001537600723725
FR,atlantic_to_france,2017-08-22,2017-08-28,7,1540.7746714285713,-0.001972383652033065,-117.02051752313403,190987.0,-0.0006127145696991629,353.1517303058581,,-1.2801246597624269e-06,0.0001537600723725
FR,atlantic_to_france,2018-08-03,2018-08-06,4,2044.2491,-0.0026168936836071474,-88.71941110966415,164645.0,-0.0005388527505218145,353.1517303058581,,-1.2801246597624269e-06,0.0001537600723725
FR,atlantic_to_france,2019-07-23,2019-07-25,3,1312.9064666666666,-0.0016806839439415565,-42.734623888816884,148077.84210526317,-0.0002885956688809551,353.1517303058581,,-1.2801246597624269e-06,0.0001537600723725
FR,atlantic_to_france,2020-05-27,2020-06-02,7,1957.1635428571426,-0.0025054133143994255,-148.64489591473068,559414.0,-0.00026571536628459545,353.1517303058581,,-1.2801246597624269e-06,0.0001537600723725
FR,atlantic_to_france,2020-08-06,2020-08-11,6,1623.81375,-0.0020786840242363004,-105.70908382821992,194096.0,-0.0005446226806746141,353.1517303058581,,-1.2801246597624269e-06,0.0001537600723725
FR,atlantic_to_france,2020-09-14,2020-09-18,5,1647.5750400000002,-0.002109101437513067,-89.37993864579747,391808.0,-0.00022812178068287904,353.1517303058581,,-1.2801246597624269e-06,0.0001537600723725
FR,atlantic_to_france,2015-06-30,2015-07-03,4,1483.3982,-0.0018989346160671965,-64.3787563585748,147530.0,-0.0004363773900804908,353.1517303058581,,-1.2801246597624269e-06,0.0001537600723725
FR,atlantic_to_france,2016-08-15,2016-08-17,3,1777.5983666666664,-0.002275547504323412,-57.86017477523929,87631.0,-0.0006602706208446701,353.1517303058581,,-1.2801246597624269e-06,0.0001537600723725
FR,atlantic_to_france,2016-08-23,2016-08-27,5,1309.087,-0.001675794550474416,-71.01716941646012,145371.0,-0.0004885236355013044,353.1517303058581,,-1.2801246597624269e-06,0.0001537600723725
FR,atlantic_to_france,2017-05-25,2017-05-28,4,1558.45065,-0.001995011108087783,-67.63599598085835,224372.0,-0.00030144579529022496,353.1517303058581,,-1.2801246597624269e-06,0.0001537600723725
FR,atlantic_to_france,2017-06-14,2017-06-21,8,1645.4329125,-0.0021063592472759613,-142.82196726168013,301665.0,-0.00047344560111938785,353.1517303058581,,-1.2801246597624269e-06,0.0001537600723725
FR,atlantic_to_france,2018-08-03,2018-08-06,4,2044.2491,-0.0026168936836071474,-88.71941110966415,164645.0,-0.0005388527505218145,353.1517303058581,,-1.2801246597624269e-06,0.0001537600723725
FR,atlantic_to_france,2019-06-26,2019-06-29,4,1769.973475,-0.0022657866924728955,-76.81598313127587,300123.0,-0.0002559483382855558,353.1517303058581,,-1.2801246597624269e-06,0.0001537600723725
FR,atlantic_to_france,2019-07-23,2019-07-25,3,1312.9064666666666,-0.0016806839439415565,-42.734623888816884,148077.84210526317,-0.0002885956688809551,353.1517303058581,,-1.2801246597624269e-06,0.0001537600723725
FR,atlantic_to_france,2020-08-06,2020-08-11,6,1623.81375,-0.0020786840242363004,-105.70908382821992,194096.0,-0.0005446226806746141,353.1517303058581,,-1.2801246597624269e-06,0.0001537600723725
FR,atlantic_to_france,2020-09-13,2020-09-18,6,1643.2505833333335,-0.002103565593893993,-106.97440741855686,421737.0,-0.00025365193810018296,353.1517303058581,,-1.2801246597624269e-06,0.0001537600723725
FR,atlantic_to_france,2015-06-30,2015-07-03,4,1483.3982,-0.0018989346160671965,-64.3787563585748,147530.0,-0.0004363773900804908,353.1517303058581,,-1.2801246597624269e-06,0.0001537600723725
FR,atlantic_to_france,2016-08-23,2016-08-27,5,1309.087,-0.001675794550474416,-71.01716941646012,145371.0,-0.0004885236355013044,353.1517303058581,,-1.2801246597624269e-06,0.0001537600723725
FR,atlantic_to_france,2016-09-07,2016-09-13,7,1392.8893571428573,-0.0017830720143992057,-105.7887544803653,246204.0,-0.00042967926792564416,353.1517303058581,,-1.2801246597624269e-06,0.0001537600723725
FR,atlantic_to_france,2017-05-26,2017-05-28,3,1447.3301,-0.001852762951826419,-47.11006384445442,157355.0,-0.00029938714273111385,353.1517303058581,,-1.2801246597624269e-06,0.0001537600723725
FR,atlantic_to_france,2017-06-14,2017-06-21,8,1645.4329125,-0.0021063592472759613,-142.82196726168013,301665.0,-0.00047344560111938785,353.1517303058581,,-1.2801246597624269e-06,0.0001537600723725
FR,atlantic_to_france,2017-07-05,2017-07-07,3,1402.845,-0.0017958164783244217,-45.66209015750703,107943.0,-0.0004230203918503935,353.1517303058581,,-1.2801246597624269e-06,0.0001537600723725
FR,atlantic_to_france,2018-05-06,2018-05-08,3,1872.2201666666667,-0.002396675203854521,-60.94007965601058,119869.0,-0.0005083889884458082,353.1517303058581,,-1.2801246597624269e-06,0.0001537600723725
FR,atlantic_to_france,2018-08-03,2018-08-07,5,1890.97598,-0.0024206849830164215,-102.58429083331873,223847.0,-0.0004582786047314404,353.1517303058581,,-1.2801246597624269e-06,0.0001537600723725
FR,atlantic_to_france,2019-06-26,2019-06-29,4,1769.973475,-0.0022657866924728955,-76.81598313127587,300123.0,-0.0002559483382855558,353.1517303058581,,-1.2801246597624269e-06,0.0001537600723725
FR,atlantic_to_france,2019-07-23,2019-07-25,3,1312.9064666666666,-0.0016806839439415565,-42.734623888816884,148077.84210526317,-0.0002885956688809551,353.1517303058581,,-1.2801246597624269e-06,0.0001537600723725
FR,atlantic_to_france,2020-08-06,2020-08-11,6,1623.81375,-0.0020786840242363004,-105.70908382821992,194096.0,-0.0005446226806746141,353.1517303058581,,-1.2801246597624269e-06,0.0001537600723725
FR,atlantic_to_france,2020-09-13,2020-09-18,6,1643.2505833333335,-0.002103565593893993,-106.97440741855686,421737.0,-0.00025365193810018296,353.1517303058581,,-1.2801246597624269e-06,0.0001537600723725
FR,atlantic_to_france,2015-06-30,2015-07-03,4,1483.3982,-0.0018989346160671965,-64.3787563585748,147530.0,-0.0004363773900804908,353.1517303058581,,-1.2801246597624269e-06,0.0001537600723725
FR,atlantic_to_france,2016-08-23,2016-08-27,5,1309.087,-0.001675794550474416,-71.01716941646012,145371.0,-0.0004885236355013044,353.1517303058581,,-1.2801246597624269e-06,0.0001537600723725
FR,atlantic_to_france,2017-05-26,2017-06-02,8,1534.477075,-0.001964321943547619,-133.1911091023887,277935.0,-0.0004792167560846554,353.1517303058581,,-1.2801246597624269e-06,0.0001537600723725
FR,atlantic_to_france,2017-06-19,2017-06-22,4,1501.25115,-0.001921788617611702,-65.15356565680086,121730.0,-0.0005352301458703759,353.1517303058581,,-1.2801246597624269e-06,0.0001537600723725
FR,atlantic_to_france,2017-07-05,2017-07-07,3,1402.845,-0.0017958164783244217,-45.66209015750703,107943.0,-0.0004230203918503935,353.1517303058581,,-1.2801246597624269e-06,0.0001537600723725
FR,atlantic_to_france,2018-05-06,2018-05-08,3,1872.2201666666667,-0.002396675203854521,-60.94007965601058,119869.0,-0.0005083889884458082,353.1517303058581,,-1.2801246597624269e-06,0.0001537600723725
FR,atlantic_to_france,2018-08-03,2018-08-07,5,1890.97598,-0.0024206849830164215,-102.58429083331873,223847.0,-0.0004582786047314404,353.1517303058581,,-1.2801246597624269e-06,0.0001537600723725
FR,atlantic_to_france,2018-09-12,2018-09-17,6,1562.8883166666667,-0.0020006918746195887,-101.74288281563213,190967.0,-0.0005327773008720466,353.1517303058581,,-1.2801246597624269e-06,0.0001537600723725
FR,atlantic_to_france,2019-06-26,2019-06-29,4,1769.973475,-0.0022657866924728955,-76.81598313127587,300123.0,-0.0002559483382855558,353.1517303058581,,-1.2801246597624269e-06,0.0001537600723725
FR,atlantic_to_france,2019-07-23,2019-07-25,3,1312.9064666666666,-0.0016806839439415565,-42.734623888816884,148077.84210526317,-0.0002885956688809551,353.1517303058581,,-1.2801246597624269e-06,0.0001537600723725
FR,atlantic_to_france,2019-08-25,2019-08-27,3,1436.0460333333333,-0.001838317939824016,-46.74277161368291,74709.0,-0.0006256645332380692,353.1517303058581,,-1.2801246597624269e-06,0.0001537600723725
FR,atlantic_to_france,2020-08-06,2020-08-12,7,1616.5519571428572,-0.0020693880241257853,-122.77573751423263,235330.0,-0.0005217173225438008,353.1517303058581,,-1.2801246597624269e-06,0.0001537600723725
FR,atlantic_to_france,2020-09-14,2020-09-19,6,1615.966666666667,-0.00206863877935409,-105.19824446016412,461391.0,-0.00022800237642295605,353.1517303058581,,-1.2801246597624269e-06,0.0001537600723725
FR,atlantic_to_france,2015-06-30,2015-07-03,4,1483.3982,-0.0018989346160671965,-64.3787563585748,147530.0,-0.0004363773900804908,353.1517303058581,,-1.2801246597624269e-06,0.0001537600723725
FR,atlantic_to_france,2016-08-24,2016-08-27,4,1292.344875,-0.001654362543405091,-56.08713549664399,104944.0,-0.0005344482342644075,353.1517303058581,,-1.2801246597624269e-06,0.0001537600723725
FR,atlantic_to_france,2017-05-27,2017-05-29,3,1334.6953999999998,-0.001708576494811476,-43.443845676186534,117868.0,-0.0003685804940797039,353.1517303058581,,-1.2801246597624269e-06,0.0001537600723725
FR,atlantic_to_france,2017-06-19,2017-06-22,4,1501.25115,-0.001921788617611702,-65.15356565680086,121730.0,-0.0005352301458703759,353.1517303058581,,-1.2801246597624269e-06,0.0001537600723725
FR,atlantic_to_france,2018-05-06,2018-05-08,3,1872.2201666666667,-0.002396675203854521,-60.94007965601058,119869.0,-0.0005083889884458082,353.1517303058581,,-1.2801246597624269e-06,0.0001537600723725
FR,atlantic_to_france,2018-08-03,2018-08-07,5,1890.97598,-0.0024206849830164215,-102.58429083331873,223847.0,-0.0004582786047314404,353.1517303058581,,-1.2801246597624269e-06,0.0001537600723725
FR,atlantic_to_france,2018-09-11,2018-09-17,7,1528.6412142857146,-0.0019568513143363234,-116.09899183833977,223788.0,-0.0005187900684502287,353.1517303058581,,-1.2801246597624269e-06,0.0001537600723725
FR,atlantic_to_france,2019-06-01,2019-06-04,4,1277.3523,-0.0016351701784342535,-55.43646507442516,194191.0,-0.00028547391524027973,353.1517303058581,,-1.2801246597624269e-06,0.0001537600723725
FR,atlantic_to_france,2019-06-26,2019-06-29,4,1769.973475,-0.0022657866924728955,-76.81598313127587,300123.0,-0.0002559483382855558,353.1517303058581,,-1.2801246597624269e-06,0.0001537600723725
FR,atlantic_to_france,2019-07-23,2019-07-25,3,1312.9064666666666,-0.0016806839439415565,-42.734623888816884,148077.84210526317,-0.0002885956688809551,353.1517303058581,,-1.2801246597624269e-06,0.0001537600723725
FR,atlantic_to_france,2019-08-26,2019-08-31,6,1459.9055833333334,-0.0018688611381498508,-95.03878242801531,205525.0,-0.00046241957147799686,353.1517303058581,,-1.2801246597624269e-06,0.0001537600723725
FR,atlantic_to_france,2020-08-07,2020-08-12,6,1604.4024166666666,-0.002053835097757432,-104.4454202691751,205927.0,-0.0005071963378730089,353.1517303058581,,-1.2801246597624269e-06,0.0001537600723725
FR,atlantic_to_france,2020-09-14,2020-09-19,6,1615.966666666667,-0.00206863877935409,-105.19824446016412,461391.0,-0.00022800237642295605,353.1517303058581,,-1.2801246597624269e-06,0.0001537600723725
FR,atlantic_to_france,2015-07-01,2015-07-05,5,1400.1494,-0.0017923657742915662,-75.95724894384789,175866.0,-0.000431904114176975,353.1517303058581,,-1.2801246597624269e-06,0.0001537600723725
FR,atlantic_to_france,2015-08-29,2015-08-31,3,1358.0715666666667,-0.0017385009022121928,-44.204731326326254,106364.0,-0.0004155986172607861,353.1517303058581,,-1.2801246597624269e-06,0.0001537600723725
FR,atlantic_to_france,2016-08-25,2016-08-27,3,1310.7413666666669,-0.0016779123460407054,-42.66415067802025,72258.0,-0.000590441898170725,353.1517303058581,,-1.2801246597624269e-06,0.0001537600723725
FR,atlantic_to_france,2016-09-12,2016-09-14,3,1247.9336,-0.0015975105751061007,-40.61978091220506,133256.0,-0.0003048251554316883,353.1517303058581,,-1.2801246597624269e-06,0.0001537600723725
FR,atlantic_to_france,2017-05-27,2017-05-29,3,1334.6953999999998,-0.001708576494811476,-43.443845676186534,117868.0,-0.0003685804940797039,353.1517303058581,,-1.2801246597624269e-06,0.0001537600723725
FR,atlantic_to_france,2017-06-19,2017-06-22,4,1501.25115,-0.001921788617611702,-65.15356565680086,121730.0,-0.0005352301458703759,353.1517303058581,,-1.2801246597624269e-06,0.0001537600723725
FR,atlantic_to_france,2018-05-06,2018-05-08,3,1872.2201666666667,-0.002396675203854521,-60.94007965601058,119869.0,-0.0005083889884458082,353.1517303058581,,-1.2801246597624269e-06,0.0001537600723725
FR,atlantic_to_france,2018-08-03,2018-08-07,5,1890.97598,-0.0024206849830164215,-102.58429083331873,223847.0,-0.0004582786047314404,353.1517303058581,,-1.2801246597624269e-06,0.0001537600723725
FR,atlantic_to_france,2018-09-11,2018-09-19,9,1457.4815777777778,-0.0018657581088627829,-142.3214721670487,348004.0,-0.00040896504685879675,353.1517303058581,,-1.2801246597624269e-06,0.0001537600723725
FR,atlantic_to_france,2019-06-02,2019-06-04,3,1251.0001666666667,-0.001601436162716906,-40.719596532325134,169317.0,-0.00024049325544585088,353.1517303058581,,-1.2801246597624269e-06,0.0001537600723725
FR,atlantic_to_france,2019-06-25,2019-06-29,5,1642.3836600000002,-0.0021024558239568698,-89.09830945463966,352817.0,-0.00025253406002159664,353.1517303058581,,-1.2801246597624269e-06,0.0001537600723725
FR,atlantic_to_france,2019-07-23,2019-07-25,3,1312.9064666666666,-0.0016806839439415565,-42.734623888816884,148077.84210526317,-0.0002885956688809551,353.1517303058581,,-1.2801246597624269e-06,0.0001537600723725
FR,atlantic_to_france,2019-08-26,2019-08-31,6,1459.9055833333334,-0.0018688611381498508,-95.03878242801531,205525.0,-0.00046241957147799686,353.1517303058581,,-1.2801246597624269e-06,0.0001537600723725
FR,atlantic_to_france,2019-09-15,2019-09-21,7,1835.2000999999998,-0.0023492849036084716,-139.38187682004815,639476.0,-0.00021796263944236867,353.1517303058581,,-1.2801246597624269e-06,0.0001537600723725
FR,atlantic_to_france,2020-08-08,2020-08-12,5,1612.6955400000002,-0.0020644513294428833,-87.487747094998,171337.0,-0.0005106179464738964,353.1517303058581,,-1.2801246597624269e-06,0.0001537600723725
FR,atlantic_to_france,2020-09-14,2020-09-21,8,1650.3081375,-0.0021126001430203517,-143.24513202279178,517819.0,-0.00027663166477628627,353.1517303058581,,-1.2801246597624269e-06,0.0001537600723725
FR,atlantic_to_france,2015-07-01,2015-07-07,7,1396.4638571428573,-0.0017876478199955264,-106.06023469589778,241029.0,-0.0004400310116039886,353.1517303058581,,-1.2801246597624269e-06,0.0001537600723725
FR,atlantic_to_france,2015-08-29,2015-08-31,3,1358.0715666666667,-0.0017385009022121928,-44.204731326326254,106364.0,-0.0004155986172607861,353.1517303058581,,-1.2801246597624269e-06,0.0001537600723725
FR,atlantic_to_france,2016-08-25,2016-08-27,3,1310.7413666666669,-0.0016779123460407054,-42.66415067802025,72258.0,-0.000590441898170725,353.1517303058581,,-1.2801246597624269e-06,0.0001537600723725
FR,atlantic_to_france,2016-09-12,2016-09-14,3,1247.9336,-0.0015975105751061007,-40.61978091220506,133256.0,-0.0003048251554316883,353.1517303058581,,-1.2801246597624269e-06,0.0001537600723725
FR,atlantic_to_france,2017-05-27,2017-05-29,3,1334.6953999999998,-0.001708576494811476,-43.443845676186534,117868.0,-0.0003685804940797039,353.1517303058581,,-1.2801246597624269e-06,0.0001537600723725
FR,atlantic_to_france,2017-06-19,2017-06-22,4,1501.25115,-0.001921788617611702,-65.15356565680086,121730.0,-0.0005352301458703759,353.1517303058581,,-1.2801246597624269e-06,0.0001537600723725
FR,atlantic_to_france,2017-07-06,2017-07-08,3,1488.1773333333333,-0.001905052502499489,-48.43962630584637,96832.0,-0.0005002439927487439,353.1517303058581,,-1.2801246597624269e-06,0.0001537600723725
FR,atlantic_to_france,2018-08-03,2018-08-06,4,2044.2491,-0.0026168936836071474,-88.71941110966415,164645.0,-0.0005388527505218145,353.1517303058581,,-1.2801246597624269e-06,0.0001537600723725
FR,atlantic_to_france,2018-09-11,2018-09-20,10,1437.3725200000001,-0.0018400160081168623,-155.95316089366747,423133.0,-0.00036856771013763396,353.1517303058581,,-1.2801246597624269e-06,0.0001537600723725
FR,atlantic_to_france,2019-06-02,2019-06-04,3,1251.0001666666667,-0.001601436162716906,-40.719596532325134,169317.0,-0.00024049325544585088,353.1517303058581,,-1.2801246597624269e-06,0.0001537600723725
FR,atlantic_to_france,2019-06-25,2019-06-30,6,1585.0256833333335,-0.002029030463591792,-103.18400914474637,403216.0,-0.0002559025662293817,353.1517303058581,,-1.2801246597624269e-06,0.0001537600723725
FR,atlantic_to_france,2019-07-23,2019-07-26,4,1346.0142,-0.0017230659698103954,-58.41635795228953,209869.84210526317,-0.0002783456516014816,353.1517303058581,,-1.2801246597624269e-06,0.0001537600723725
FR,atlantic_to_france,2020-07-27,2020-07-31,5,1517.1482600000002,-0.0019421389001416582,-82.30436556952114,341917.0,-0.00024071445868301705,353.1517303058581,,-1.2801246597624269e-06,0.0001537600723725
FR,atlantic_to_france,2020-08-08,2020-08-12,5,1612.6955400000002,-0.0020644513294428833,-87.487747094998,171337.0,-0.0005106179464738964,353.1517303058581,,-1.2801246597624269e-06,0.0001537600723725
FR,atlantic_to_france,2020-09-12,2020-09-20,9,1639.846622222222,-0.002099208099334787,-160.12921807126477,553072.0,-0.0002895268935532169,353.1517303058581,,-1.2801246597624269e-06,0.0001537600723725
FR,atlantic_to_france,2015-07-01,2015-07-22,22,1408.7350954545452,-0.0018033565347641395,-336.2612777622554,803972.0,-0.00041824998602221894,353.1517303058581,,-1.2801246597624269e-06,0.0001537600723725
FR,atlantic_to_france,2015-08-29,2015-08-31,3,1358.0715666666667,-0.0017385009022121928,-44.204731326326254,106364.0,-0.0004155986172607861,353.1517303058581,,-1.2801246597624269e-06,0.0001537600723725
FR,atlantic_to_france,2016-08-25,2016-08-28,4,1279.8342,-0.0016383473198273177,-55.544178320542315,123547.0,-0.0004495793367750112,353.1517303058581,,-1.2801246597624269e-06,0.0001537600723725
FR,atlantic_to_france,2016-09-08,2016-09-14,7,1327.867557142857,-0.0016998360047970648,-100.85040442348709,249861.0,-0.0004036260337687238,353.1517303058581,,-1.2801246597624269e-06,0.0001537600723725
FR,atlantic_to_france,2017-05-27,2017-05-29,3,1334.6953999999998,-0.001708576494811476,-43.443845676186534,117868.0,-0.0003685804940797039,353.1517303058581,,-1.2801246597624269e-06,0.0001537600723725
FR,atlantic_to_france,2017-06-20,2017-06-22,3,1449.8085,-0.0018559356127831746,-47.19073485532616,85671.0,-0.0005508367458688023,353.1517303058581,,-1.2801246597624269e-06,0.0001537600723725
FR,atlantic_to_france,2017-07-06,2017-07-08,3,1488.1773333333333,-0.001905052502499489,-48.43962630584637,96832.0,-0.0005002439927487439,353.1517303058581,,-1.2801246597624269e-06,0.0001537600723725
FR,atlantic_to_france,2018-07-26,2018-08-04,10,1638.38589,-0.002097338179995811,-177.76286575249435,439413.0,-0.00040454621450092363,353.1517303058581,,-1.2801246597624269e-06,0.0001537600723725
FR,atlantic_to_france,2018-09-10,2018-09-12,3,1403.4907,-0.0017966430548172303,-45.68310745565094,93409.0,-0.0004890653733114683,353.1517303058581,,-1.2801246597624269e-06,0.0001537600723725
FR,atlantic_to_france,2018-09-18,2018-09-20,3,1224.4122333333332,-0.0015674002936047864,-39.8541690553277,199345.0,-0.00019992560162195039,353.1517303058581,,-1.2801246597624269e-06,0.0001537600723725
FR,atlantic_to_france,2019-06-02,2019-06-04,3,1251.0001666666667,-0.001601436162716906,-40.719596532325134,169317.0,-0.00024049325544585088,353.1517303058581,,-1.2801246597624269e-06,0.0001537600723725
FR,atlantic_to_france,2019-06-25,2019-06-30,6,1585.0256833333335,-0.002029030463591792,-103.18400914474637,403216.0,-0.0002559025662293817,353.1517303058581,,-1.2801246597624269e-06,0.0001537600723725
FR,atlantic_to_france,2019-07-23,2019-07-26,4,1346.0142,-0.0017230659698103954,-58.41635795228953,209869.84210526317,-0.0002783456516014816,353.1517303058581,,-1.2801246597624269e-06,0.0001537600723725
FR,atlantic_to_france,2020-08-09,2020-08-12,4,1584.2451,-0.002028031219617792,-68.755462494943,141875.0,-0.000484619999964356,353.1517303058581,,-1.2801246597624269e-06,0.0001537600723725
FR,atlantic_to_france,2020-09-13,2020-09-22,10,1607.6872299999998,-0.0020580400683081483,-174.43209867883417,577497.0,-0.00030204849320227494,353.1517303058581,,-1.2801246597624269e-06,0.0001537600723725
FR,atlantic_to_france,2016-09-07,2016-09-14,8,1372.0901374999999,-0.0017564464204305689,-119.09608177240054,289237.0,-0.0004117594974792317,353.1517303058581,,-1.2801246597624269e-06,0.0001537600723725
FR,atlantic_to_france,2017-06-18,2017-06-21,4,1685.874125,-0.0021581290406679043,-73.16611247377844,133340.0,-0.0005487184076329567,353.1517303058581,,-1.2801246597624269e-06,0.0001537600723725
FR,atlantic_to_france,2018-05-22,2018-06-03,13,1558.5095000000001,-0.0019950864434240103,-219.8252876367443,373987.0,-0.0005877885799151957,353.1517303058581,,-1.2801246597624269e-06,0.0001537600723725
FR,atlantic_to_france,2018-07-08,2018-07-12,5,2075.5951,-0.0026570204711920606,-112.59976522314751,237824.0,-0.00047345837772111947,353.1517303058581,,-1.2801246597624269e-06,0.0001537600723725
FR,atlantic_to_france,2020-05-20,2020-06-03,15,1824.9247933333334,-0.0023361312301578506,-297.0031630146472,1061751.0,-0.0002797295816200288,353.1517303058581,,-1.2801246597624269e-06,0.0001537600723725
FR,atlantic_to_france,2020-08-08,2020-08-20,13,1411.5291769230766,-0.001806933307353392,-199.09394670021084,533706.0,-0.00037304048802189004,353.1517303058581,,-1.2801246597624269e-06,0.0001537600723725
FR,atlantic_to_france,2020-09-14,2020-09-18,5,1647.5750400000002,-0.002109101437513067,-89.37993864579747,391808.0,-0.00022812178068287904,353.1517303058581,,-1.2801246597624269e-06,0.0001537600723725
FR,atlantic_to_france,2015-06-30,2015-07-03,4,1483.3982,-0.0018989346160671965,-64.3787563585748,147530.0,-0.0004363773900804908,353.1517303058581,,-1.2801246597624269e-06,0.0001537600723725
FR,atlantic_to_france,2016-07-18,2016-07-20,3,1425.5190333333333,-0.0018248420675306969,-46.40012162520374,99243.0,-0.0004675404978205389,353.1517303058581,,-1.2801246597624269e-06,0.0001537600723725
FR,atlantic_to_france,2016-08-23,2016-08-27,5,1309.087,-0.001675794550474416,-71.01716941646012,145371.0,-0.0004885236355013044,353.1517303058581,,-1.2801246597624269e-06,0.0001537600723725
FR,atlantic_to_france,2016-09-07,2016-09-12,6,1408.7448166666666,-0.001803368979127499,-91.70825405166505,186384.0,-0.0004920393062262053,353.1517303058581,,-1.2801246597624269e-06,0.0001537600723725
FR,atlantic_to_france,2017-05-25,2017-05-27,3,1553.8154000000002,-0.0019890774102586193,-50.57612129844911,184446.0,-0.0002742055739807267,353.1517303058581,,-1.2801246597624269e-06,0.0001537600723725
FR,atlantic_to_france,2017-06-18,2017-06-21,4,1685.874125,-0.0021581290406679043,-73.16611247377844,133340.0,-0.0005487184076329567,353.1517303058581,,-1.2801246597624269e-06,0.0001537600723725
FR,atlantic_to_france,2018-06-28,2018-07-10,13,1793.8081615384615,-0.0022962980624684874,-253.01378982632554,648947.0,-0.00038988359577334596,353.1517303058581,,-1.2801246597624269e-06,0.0001537600723725
FR,atlantic_to_france,2019-07-23,2019-07-29,7,1374.3876,-0.0017593874588316984,-104.38356186129329,409301.84210526315,-0.0002550283217011474,353.1517303058581,,-1.2801246597624269e-06,0.0001537600723725
FR,atlantic_to_france,2019-09-20,2019-09-22,3,1415.5586333333333,-0.0018120915138695993,-46.075914258883984,361272.0,-0.0001275380163945282,353.1517303058581,,-1.2801246597624269e-06,0.0001537600723725
FR,atlantic_to_france,2020-05-30,2020-06-01,3,1856.0514,-0.0023759771669265763,-60.41379223204784,251375.0,-0.00024033333558248768,353.1517303058581,,-1.2801246597624269e-06,0.0001537600723725
FR,atlantic_to_france,2020-08-07,2020-08-21,15,1409.4076266666664,-0.0018042174585532359,-229.3785062410007,704794.0,-0.0003254546807166359,353.1517303058581,,-1.2801246597624269e-06,0.0001537600723725
FR,atlantic_to_france,2016-07-18,2016-07-20,3,1425.5190333333333,-0.0018248420675306969,-46.40012162520374,99243.0,-0.0004675404978205389,353.1517303058581,,-1.2801246597624269e-06,0.0001537600723725
FR,atlantic_to_france,2016-08-23,2016-08-27,5,1309.087,-0.001675794550474416,-71.01716941646012,145371.0,-0.0004885236355013044,353.1517303058581,,-1.2801246597624269e-06,0.0001537600723725
FR,atlantic_to_france,2016-09-07,2016-09-13,7,1392.8893571428573,-0.0017830720143992057,-105.7887544803653,246204.0,-0.00042967926792564416,353.1517303058581,,-1.2801246597624269e-06,0.0001537600723725
FR,atlantic_to_france,2017-05-25,2017-06-01,8,1580.4106625,-0.002023122661617724,-137.17809956568811,327394.0,-0.0004190000414353596,353.1517303058581,,-1.2801246597624269e-06,0.0001537600723725
FR,atlantic_to_france,2017-06-18,2017-06-21,4,1685.874125,-0.0021581290406679043,-73.16611247377844,133340.0,-0.0005487184076329567,353.1517303058581,,-1.2801246597624269e-06,0.0001537600723725
FR,atlantic_to_france,2018-08-03,2018-08-06,4,2044.2491,-0.0026168936836071474,-88.71941110966415,164645.0,-0.0005388527505218145,353.1517303058581,,-1.2801246597624269e-06,0.0001537600723725
FR,atlantic_to_france,2019-07-23,2019-07-25,3,1312.9064666666666,-0.0016806839439415565,-42.734623888816884,148077.84210526317,-0.0002885956688809551,353.1517303058581,,-1.2801246597624269e-06,0.0001537600723725
FR,atlantic_to_france,2020-08-06,2020-08-12,7,1616.5519571428572,-0.0020693880241257853,-122.77573751423263,235330.0,-0.0005217173225438008,353.1517303058581,,-1.2801246597624269e-06,0.0001537600723725
FR,atlantic_to_france,2015-06-30,2015-07-03,4,1483.3982,-0.0018989346160671965,-64.3787563585748,147530.0,-0.0004363773900804908,353.1517303058581,,-1.2801246597624269e-06,0.0001537600723725
FR,atlantic_to_france,2016-08-23,2016-08-27,5,1309.087,-0.001675794550474416,-71.01716941646012,145371.0,-0.0004885236355013044,353.1517303058581,,-1.2801246597624269e-06,0.0001537600723725
FR,atlantic_to_france,2016-09-07,2016-09-13,7,1392.8893571428573,-0.0017830720143992057,-105.7887544803653,246204.0,-0.00042967926792564416,353.1517303058581,,-1.2801246597624269e-06,0.0001537600723725
FR,atlantic_to_france,2017-05-25,2017-05-28,4,1558.45065,-0.001995011108087783,-67.63599598085835,224372.0,-0.00030144579529022496,353.1517303058581,,-1.2801246597624269e-06,0.0001537600723725
FR,atlantic_to_france,2017-06-10,2017-06-21,12,1587.0766333333333,-0.0020316559352627312,-206.6350489701696,426237.0,-0.00048478909379094166,353.1517303058581,,-1.2801246597624269e-06,0.0001537600723725
FR,atlantic_to_france,2018-08-03,2018-08-07,5,1890.97598,-0.0024206849830164215,-102.58429083331873,223847.0,-0.0004582786047314404,353.1517303058581,,-1.2801246597624269e-06,0.0001537600723725
FR,atlantic_to_france,2019-07-23,2019-07-25,3,1312.9064666666666,-0.0016806839439415565,-42.734623888816884,148077.84210526317,-0.0002885956688809551,353.1517303058581,,-1.2801246597624269e-06,0.0001537600723725
FR,atlantic_to_france,2019-08-24,2019-08-27,4,1481.85985,-0.001896965336296851,-64.31199272097282,103444.0,-0.0006217082935788719,353.1517303058581,,-1.2801246597624269e-06,0.0001537600723725
FR,atlantic_to_france,2020-08-06,2020-08-12,7,1616.5519571428572,-0.0020693880241257853,-122.77573751423263,235330.0,-0.0005217173225438008,353.1517303058581,,-1.2801246597624269e-06,0.0001537600723725
FR,atlantic_to_france,2020-09-14,2020-09-20,7,1630.054485714286,-0.0020866729439192183,-123.80124300221846,494762.0,-0.0002502238308564895,353.1517303058581,,-1.2801246597624269e-06,0.0001537600723725
FR,atlantic_to_france,2015-06-30,2015-07-03,4,1483.3982,-0.0018989346160671965,-64.3787563585748,147530.0,-0.0004363773900804908,353.1517303058581,,-1.2801246597624269e-06,0.0001537600723725
FR,atlantic_to_france,2016-08-23,2016-08-27,5,1309.087,-0.001675794550474416,-71.01716941646012,145371.0,-0.0004885236355013044,353.1517303058581,,-1.2801246597624269e-06,0.0001537600723725
FR,atlantic_to_france,2017-05-26,2017-06-02,8,1534.477075,-0.001964321943547619,-133.1911091023887,277935.0,-0.0004792167560846554,353.1517303058581,,-1.2801246597624269e-06,0.0001537600723725
FR,atlantic_to_france,2017-06-19,2017-06-21,3,1628.2763666666667,-0.0020843967298783675,-52.999798449630084,75368.0,-0.0007032135448682476,353.1517303058581,,-1.2801246597624269e-06,0.0001537600723725
FR,atlantic_to_france,2018-05-06,2018-05-08,3,1872.2201666666667,-0.002396675203854521,-60.94007965601058,119869.0,-0.0005083889884458082,353.1517303058581,,-1.2801246597624269e-06,0.0001537600723725
FR,atlantic_to_france,2018-08-03,2018-08-07,5,1890.97598,-0.0024206849830164215,-102.58429083331873,223847.0,-0.0004582786047314404,353.1517303058581,,-1.2801246597624269e-06,0.0001537600723725
FR,atlantic_to_france,2019-07-23,2019-07-25,3,1312.9064666666666,-0.0016806839439415565,-42.734623888816884,148077.84210526317,-0.0002885956688809551,353.1517303058581,,-1.2801246597624269e-06,0.0001537600723725
FR,atlantic_to_france,2019-08-25,2019-08-27,3,1436.0460333333333,-0.001838317939824016,-46.74277161368291,74709.0,-0.0006256645332380692,353.1517303058581,,-1.2801246597624269e-06,0.0001537600723725
FR,atlantic_to_france,2020-08-06,2020-08-12,7,1616.5519571428572,-0.0020693880241257853,-122.77573751423263,235330.0,-0.0005217173225438008,353.1517303058581,,-1.2801246597624269e-06,0.0001537600723725
FR,atlantic_to_france,2020-09-14,2020-09-20,7,1630.054485714286,-0.0020866729439192183,-123.80124300221846,494762.0,-0.0002502238308564895,353.1517303058581,,-1.2801246597624269e-06,0.0001537600723725
FR,atlantic_to_france,2015-06-30,2015-07-03,4,1483.3982,-0.0018989346160671965,-64.3787563585748,147530.0,-0.0004363773900804908,353.1517303058581,,-1.2801246597624269e-06,0.0001537600723725
FR,atlantic_to_france,2016-08-24,2016-08-27,4,1292.344875,-0.001654362543405091,-56.08713549664399,104944.0,-0.0005344482342644075,353.1517303058581,,-1.2801246597624269e-06,0.0001537600723725
FR,atlantic_to_france,2016-09-12,2016-09-14,3,1247.9336,-0.0015975105751061007,-40.61978091220506,133256.0,-0.0003048251554316883,353.1517303058581,,-1.2801246597624269e-06,0.0001537600723725
FR,atlantic_to_france,2017-05-26,2017-06-02,8,1534.477075,-0.001964321943547619,-133.1911091023887,277935.0,-0.0004792167560846554,353.1517303058581,,-1.2801246597624269e-06,0.0001537600723725
FR,atlantic_to_france,2017-06-19,2017-06-22,4,1501.25115,-0.001921788617611702,-65.15356565680086,121730.0,-0.0005352301458703759,353.1517303058581,,-1.2801246597624269e-06,0.0001537600723725
FR,atlantic_to_france,2018-05-06,2018-05-08,3,1872.2201666666667,-0.002396675203854521,-60.94007965601058,119869.0,-0.0005083889884458082,353.1517303058581,,-1.2801246597624269e-06,0.0001537600723725
FR,atlantic_to_france,2018-08-03,2018-08-07,5,1890.97598,-0.0024206849830164215,-102.58429083331873,223847.0,-0.0004582786047314404,353.1517303058581,,-1.2801246597624269e-06,0.0001537600723725
FR,atlantic_to_france,2019-06-25,2019-06-29,5,1642.3836600000002,-0.0021024558239568698,-89.09830945463966,352817.0,-0.00025253406002159664,353.1517303058581,,-1.2801246597624269e-06,0.0001537600723725
FR,atlantic_to_france,2019-07-23,2019-07-25,3,1312.9064666666666,-0.0016806839439415565,-42.734623888816884,148077.84210526317,-0.0002885956688809551,353.1517303058581,,-1.2801246597624269e-06,0.0001537600723725
FR,atlantic_to_france,2019-08-25,2019-08-31,7,1458.2227,-0.0018667068376953474,-110.75076595058928,226103.0,-0.0004898243983962587,353.1517303058581,,-1.2801246597624269e-06,0.0001537600723725
FR,atlantic_to_france,2020-08-06,2020-08-12,7,1616.5519571428572,-0.0020693880241257853,-122.77573751423263,235330.0,-0.0005217173225438008,353.1517303058581,,-1.2801246597624269e-06,0.0001537600723725
FR,atlantic_to_france,2020-09-14,2020-09-20,7,1630.054485714286,-0.0020866729439192183,-123.80124300221846,494762.0,-0.0002502238308564895,353.1517303058581,,-1.2801246597624269e-06,0.0001537600723725
FR,atlantic_to_france,2015-07-01,2015-07-04,4,1389.766,-0.0017790737278993891,-60.31516467353882,143418.0,-0.0004205550535744385,353.1517303058581,,-1.2801246597624269e-06,0.0001537600723725
FR,atlantic_to_france,2016-08-24,2016-08-27,4,1292.344875,-0.001654362543405091,-56.08713549664399,104944.0,-0.0005344482342644075,353.1517303058581,,-1.2801246597624269e-06,0.0001537600723725
FR,atlantic_to_france,2016-09-08,2016-09-14,7,1327.867557142857,-0.0016998360047970648,-100.85040442348709,249861.0,-0.0004036260337687238,353.1517303058581,,-1.2801246597624269e-06,0.0001537600723725
FR,atlantic_to_france,2017-05-26,2017-05-29,4,1402.2245749999997,-0.0017950222569823883,-60.85586073512228,195028.0,-0.0003120365318575911,353.1517303058581,,-1.2801246597624269e-06,0.0001537600723725
FR,atlantic_to_france,2017-06-19,2017-06-22,4,1501.25115,-0.001921788617611702,-65.15356565680086,121730.0,-0.0005352301458703759,353.1517303058581,,-1.2801246597624269e-06,0.0001537600723725
FR,atlantic_to_france,2018-05-06,2018-05-08,3,1872.2201666666667,-0.002396675203854521,-60.94007965601058,119869.0,-0.0005083889884458082,353.1517303058581,,-1.2801246597624269e-06,0.0001537600723725
FR,atlantic_to_france,2018-07-25,2018-07-27,3,1642.8410999999999,-0.002103041404181231,-53.47387517698535,79001.0,-0.0006768759278614873,353.1517303058581,,-1.2801246597624269e-06,0.0001537600723725
FR,atlantic_to_france,2018-08-03,2018-08-07,5,1890.97598,-0.0024206849830164215,-102.58429083331873,223847.0,-0.0004582786047314404,353.1517303058581,,-1.2801246597624269e-06,0.0001537600723725
FR,atlantic_to_france,2019-06-25,2019-06-29,5,1642.3836600000002,-0.0021024558239568698,-89.09830945463966,352817.0,-0.00025253406002159664,353.1517303058581,,-1.2801246597624269e-06,0.0001537600723725
FR,atlantic_to_france,2019-07-23,2019-07-26,4,1346.0142,-0.0017230659698103954,-58.41635795228953,209869.84210526317,-0.0002783456516014816,353.1517303058581,,-1.2801246597624269e-06,0.0001537600723725
FR,atlantic_to_france,2019-08-25,2019-08-31,7,1458.2227,-0.0018667068376953474,-110.75076595058928,226103.0,-0.0004898243983962587,353.1517303058581,,-1.2801246597624269e-06,0.0001537600723725
FR,atlantic_to_france,2020-08-06,2020-08-13,8,1559.98795,-0.0019969790437272357,-135.40542809794775,277433.0,-0.0004880653278375238,353.1517303058581,,-1.2801246597624269e-06,0.0001537600723725
FR,atlantic_to_france,2020-09-14,2020-09-22,9,1606.138222222222,-0.002056057145253651,-156.83762990607482,547568.0,-0.0002864258501338187,353.1517303058581,,-1.2801246597624269e-06,0.0001537600723725
FR,atlantic_to_france,2015-07-01,2015-07-07,7,1396.4638571428573,-0.0017876478199955264,-106.06023469589778,241029.0,-0.0004400310116039886,353.1517303058581,,-1.2801246597624269e-06,0.0001537600723725
FR,atlantic_to_france,2016-08-25,2016-08-27,3,1310.7413666666669,-0.0016779123460407054,-42.66415067802025,72258.0,-0.000590441898170725,353.1517303058581,,-1.2801246597624269e-06,0.0001537600723725
FR,atlantic_to_france,2016-09-12,2016-09-14,3,1247.9336,-0.0015975105751061007,-40.61978091220506,133256.0,-0.0003048251554316883,353.1517303058581,,-1.2801246597624269e-06,0.0001537600723725
FR,atlantic_to_france,2017-05-27,2017-05-29,3,1334.6953999999998,-0.001708576494811476,-43.443845676186534,117868.0,-0.0003685804940797039,353.1517303058581,,-1.2801246597624269e-06,0.0001537600723725
FR,atlantic_to_france,2017-06-15,2017-06-22,8,1566.4490624999999,-0.0020052500731679848,-135.9662463427627,322723.0,-0.00042130943980677767,353.1517303058581,,-1.2801246597624269e-06,0.0001537600723725
FR,atlantic_to_france,2018-05-06,2018-05-09,4,1768.773825,-0.002264250990924811,-76.76391890801769,173256.0,-0.00044306643872661086,353.1517303058581,,-1.2801246597624269e-06,0.0001537600723725
FR,atlantic_to_france,2018-07-25,2018-07-27,3,1642.8410999999999,-0.002103041404181231,-53.47387517698535,79001.0,-0.0006768759278614873,353.1517303058581,,-1.2801246597624269e-06,0.0001537600723725
FR,atlantic_to_france,2018-08-03,2018-08-07,5,1890.97598,-0.0024206849830164215,-102.58429083331873,223847.0,-0.0004582786047314404,353.1517303058581,,-1.2801246597624269e-06,0.0001537600723725
FR,atlantic_to_france,2019-06-02,2019-06-04,3,1251.0001666666667,-0.001601436162716906,-40.719596532325134,169317.0,-0.00024049325544585088,353.1517303058581,,-1.2801246597624269e-06,0.0001537600723725
FR,atlantic_to_france,2019-06-25,2019-06-30,6,1585.0256833333335,-0.002029030463591792,-103.18400914474637,403216.0,-0.0002559025662293817,353.1517303058581,,-1.2801246597624269e-06,0.0001537600723725
FR,atlantic_to_france,2019-07-23,2019-07-26,4,1346.0142,-0.0017230659698103954,-58.41635795228953,209869.84210526317,-0.0002783456516014816,353.1517303058581,,-1.2801246597624269e-06,0.0001537600723725
FR,atlantic_to_france,2019-08-26,2019-08-31,6,1459.9055833333334,-0.0018688611381498508,-95.03878242801531,205525.0,-0.00046241957147799686,353.1517303058581,,-1.2801246597624269e-06,0.0001537600723725
FR,atlantic_to_france,2020-08-08,2020-08-12,5,1612.6955400000002,-0.0020644513294428833,-87.487747094998,171337.0,-0.0005106179464738964,353.1517303058581,,-1.2801246597624269e-06,0.0001537600723725
FR,atlantic_to_france,2020-09-14,2020-09-22,9,1606.138222222222,-0.002056057145253651,-156.83762990607482,547568.0,-0.0002864258501338187,353.1517303058581,,-1.2801246597624269e-06,0.0001537600723725
FR,atlantic_to_france,2015-07-01,2015-07-07,7,1396.4638571428573,-0.0017876478199955264,-106.06023469589778,241029.0,-0.0004400310116039886,353.1517303058581,,-1.2801246597624269e-06,0.0001537600723725
FR,atlantic_to_france,2016-08-26,2016-08-28,3,1300.7757333333332,-0.0016651550930605545,-42.33977296862018,101496.0,-0.00041715706006759064,353.1517303058581,,-1.2801246597624269e-06,0.0001537600723725
FR,atlantic_to_france,2016-09-08,2016-09-14,7,1327.867557142857,-0.0016998360047970648,-100.85040442348709,249861.0,-0.0004036260337687238,353.1517303058581,,-1.2801246597624269e-06,0.0001537600723725
FR,atlantic_to_france,2016-09-25,2016-09-29,5,1344.6067600000001,-0.0017212642711592592,-72.9440946808253,181561.0,-0.00040176081141228185,353.1517303058581,,-1.2801246597624269e-06,0.0001537600723725
FR,atlantic_to_france,2017-05-27,2017-05-29,3,1334.6953999999998,-0.001708576494811476,-43.443845676186534,117868.0,-0.0003685804940797039,353.1517303058581,,-1.2801246597624269e-06,0.0001537600723725
FR,atlantic_to_france,2017-06-20,2017-06-22,3,1449.8085,-0.0018559356127831746,-47.19073485532616,85671.0,-0.0005508367458688023,353.1517303058581,,-1.2801246597624269e-06,0.0001537600723725
FR,atlantic_to_france,2018-07-25,2018-07-27,3,1642.8410999999999,-0.002103041404181231,-53.47387517698535,79001.0,-0.0006768759278614873,353.1517303058581,,-1.2801246597624269e-06,0.0001537600723725
FR,atlantic_to_france,2018-08-03,2018-08-07,5,1890.97598,-0.0024206849830164215,-102.58429083331873,223847.0,-0.0004582786047314404,353.1517303058581,,-1.2801246597624269e-06,0.0001537600723725
FR,atlantic_to_france,2018-09-18,2018-09-20,3,1224.4122333333332,-0.0015674002936047864,-39.8541690553277,199345.0,-0.00019992560162195039,353.1517303058581,,-1.2801246597624269e-06,0.0001537600723725
FR,atlantic_to_france,2019-06-02,2019-06-04,3,1251.0001666666667,-0.001601436162716906,-40.719596532325134,169317.0,-0.00024049325544585088,353.1517303058581,,-1.2801246597624269e-06,0.0001537600723725
FR,atlantic_to_france,2019-06-25,2019-06-30,6,1585.0256833333335,-0.002029030463591792,-103.18400914474637,403216.0,-0.0002559025662293817,353.1517303058581,,-1.2801246597624269e-06,0.0001537600723725
FR,atlantic_to_france,2019-07-23,2019-07-26,4,1346.0142,-0.0017230659698103954,-58.41635795228953,209869.84210526317,-0.0002783456516014816,353.1517303058581,,-1.2801246597624269e-06,0.0001537600723725
FR,atlantic_to_france,2019-08-27,2019-08-31,5,1430.56404,-0.0018313003049733629,-77.60722456931865,181737.0,-0.00042703040420673087,353.1517303058581,,-1.2801246597624269e-06,0.0001537600723725
FR,atlantic_to_france,2020-08-08,2020-08-12,5,1612.6955400000002,-0.0020644513294428833,-87.487747094998,171337.0,-0.0005106179464738964,353.1517303058581,,-1.2801246597624269e-06,0.0001537600723725
FR,atlantic_to_france,2020-09-14,2020-09-16,3,1467.184,-0.0018781784188088766,-47.75630100663423,139409.0,-0.0003425625390515263,353.1517303058581,,-1.2801246597624269e-06,0.0001537600723725
FR,atlantic_to_france,2016-08-23,2016-08-27,5,1309.087,-0.001675794550474416,-71.01716941646012,145371.0,-0.0004885236355013044,353.1517303058581,,-1.2801246597624269e-06,0.0001537600723725
FR,atlantic_to_france,2017-06-18,2017-06-21,4,1685.874125,-0.0021581290406679043,-73.16611247377844,133340.0,-0.0005487184076329567,353.1517303058581,,-1.2801246597624269e-06,0.0001537600723725
FR,atlantic_to_france,2018-06-26,2018-07-02,7,1889.0054999999998,-0.0024181625229768525,-143.46835089720923,439587.0,-0.00032637077733693043,353.1517303058581,,-1.2801246597624269e-06,0.0001537600723725
FR,atlantic_to_france,2019-07-23,2019-07-25,3,1312.9064666666666,-0.0016806839439415565,-42.734623888816884,148077.84210526317,-0.0002885956688809551,353.1517303058581,,-1.2801246597624269e-06,0.0001537600723725
FR,atlantic_to_france,2020-05-27,2020-06-02,7,1957.1635428571426,-0.0025054133143994255,-148.64489591473068,559414.0,-0.00026571536628459545,353.1517303058581,,-1.2801246597624269e-06,0.0001537600723725
FR,atlantic_to_france,2020-08-10,2020-08-13,4,1482.380025,-0.0018976312251417428,-64.33456806155826,142060.0,-0.0004528689853692683,353.1517303058581,,-1.2801246597624269e-06,0.0001537600723725
FR,atlantic_to_france,2016-05-08,2016-05-12,5,1332.10544,-0.001705261023147678,-72.26590571372886,208123.0,-0.00034722690771192446,353.1517303058581,,-1.2801246597624269e-06,0.0001537600723725
FR,atlantic_to_france,2017-06-18,2017-06-21,4,1685.874125,-0.0021581290406679043,-73.16611247377844,133340.0,-0.0005487184076329567,353.1517303058581,,-1.2801246597624269e-06,0.0001537600723725
FR,atlantic_to_france,2018-05-26,2018-05-28,3,1510.7727666666667,-0.0019339774739075071,-49.175099372375186,133130.0,-0.00036937654452321177,353.1517303058581,,-1.2801246597624269e-06,0.0001537600723725
FR,atlantic_to_france,2018-06-26,2018-07-09,14,1805.0732857142855,-0.0023107188257212455,-274.1875421220696,705454.0,-0.0003886682081639194,353.1517303058581,,-1.2801246597624269e-06,0.0001537600723725
FR,atlantic_to_france,2018-08-03,2018-08-05,3,2064.1076,-0.0026423150391630392,-67.18594522274054,141555.0,-0.00047462784940652426,353.1517303058581,,-1.2801246597624269e-06,0.0001537600723725
FR,atlantic_to_france,2019-07-23,2019-07-25,3,1312.9064666666666,-0.0016806839439415565,-42.734623888816884,148077.84210526317,-0.0002885956688809551,353.1517303058581,,-1.2801246597624269e-06,0.0001537600723725
FR,atlantic_to_france,2019-08-24,2019-08-27,4,1481.85985,-0.001896965336296851,-64.31199272097282,103444.0,-0.0006217082935788719,353.1517303058581,,-1.2801246597624269e-06,0.0001537600723725
FR,atlantic_to_france,2020-05-27,2020-06-02,7,1957.1635428571426,-0.0025054133143994255,-148.64489591473068,559414.0,-0.00026571536628459545,353.1517303058581,,-1.2801246597624269e-06,0.0001537600723725
FR,atlantic_to_france,2020-08-07,2020-08-13,7,1541.4934857142855,-0.0019733038239259973,-117.07511085289025,248030.0,-0.0004720199607018919,353.1517303058581,,-1.2801246597624269e-06,0.0001537600723725
FR,atlantic_to_france,2020-09-14,2020-09-21,8,1650.3081375,-0.0021126001430203517,-143.24513202279178,517819.0,-0.00027663166477628627,353.1517303058581,,-1.2801246597624269e-06,0.0001537600723725
FR,atlantic_to_france,2016-09-13,2016-09-15,3,1236.1586666666665,-0.0015824371925790416,-40.236511151493566,126052.0,-0.0003192056544243135,353.1517303058581,,-1.2801246597624269e-06,0.0001537600723725
FR,atlantic_to_france,2017-06-17,2017-06-21,5,1712.6256999999998,-0.002192374391512888,-92.9088971809235,179331.0,-0.0005180860932071058,353.1517303058581,,-1.2801246597624269e-06,0.0001537600723725
FR,atlantic_to_france,2018-05-26,2018-05-28,3,1510.7727666666667,-0.0019339774739075071,-49.175099372375186,133130.0,-0.00036937654452321177,353.1517303058581,,-1.2801246597624269e-06,0.0001537600723725
FR,atlantic_to_france,2018-07-01,2018-07-09,9,1734.1168888888888,-0.002219885792377167,-169.33460587042768,361847.0,-0.00046797294400790303,353.1517303058581,,-1.2801246597624269e-06,0.0001537600723725
FR,atlantic_to_france,2018-08-03,2018-08-07,5,1890.97598,-0.0024206849830164215,-102.58429083331873,223847.0,-0.0004582786047314404,353.1517303058581,,-1.2801246597624269e-06,0.0001537600723725
FR,atlantic_to_france,2019-07-23,2019-07-25,3,1312.9064666666666,-0.0016806839439415565,-42.734623888816884,148077.84210526317,-0.0002885956688809551,353.1517303058581,,-1.2801246597624269e-06,0.0001537600723725
FR,atlantic_to_france,2019-08-24,2019-08-27,4,1481.85985,-0.001896965336296851,-64.31199272097282,103444.0,-0.0006217082935788719,353.1517303058581,,-1.2801246597624269e-06,0.0001537600723725
FR,atlantic_to_france,2020-05-31,2020-06-02,3,1862.6833333333334,-0.0023844668683284764,-60.62965922931784,202686.0,-0.0002991309672563366,353.1517303058581,,-1.2801246597624269e-06,0.0001537600723725
FR,atlantic_to_france,2020-08-07,2020-08-13,7,1541.4934857142855,-0.0019733038239259973,-117.07511085289025,248030.0,-0.0004720199607018919,353.1517303058581,,-1.2801246597624269e-06,0.0001537600723725
FR,atlantic_to_france,2020-09-14,2020-09-20,7,1630.054485714286,-0.0020866729439192183,-123.80124300221846,494762.0,-0.0002502238308564895,353.1517303058581,,-1.2801246597624269e-06,0.0001537600723725
FR,atlantic_to_france,2016-08-23,2016-08-25,3,1276.7401666666667,-0.001634386571459191,-41.557424090362005,95164.0,-0.00043669269986929937,353.1517303058581,,-1.2801246597624269e-06,0.0001537600723725
FR,atlantic_to_france,2016-09-07,2016-09-15,9,1351.2160999999999,-0.0017297250502780132,-131.94476520315865,312436.0,-0.00042230973768438547,353.1517303058581,,-1.2801246597624269e-06,0.0001537600723725
FR,atlantic_to_france,2017-06-17,2017-06-21,5,1712.6256999999998,-0.002192374391512888,-92.9088971809235,179331.0,-0.0005180860932071058,353.1517303058581,,-1.2801246597624269e-06,0.0001537600723725
FR,atlantic_to_france,2018-05-26,2018-05-28,3,1510.7727666666667,-0.0019339774739075071,-49.175099372375186,133130.0,-0.00036937654452321177,353.1517303058581,,-1.2801246597624269e-06,0.0001537600723725
FR,atlantic_to_france,2018-07-01,2018-07-09,9,1734.1168888888888,-0.002219885792377167,-169.33460587042768,361847.0,-0.00046797294400790303,353.1517303058581,,-1.2801246597624269e-06,0.0001537600723725
FR,atlantic_to_france,2018-07-23,2018-07-27,5,1701.07296,-0.002177585444151064,-92.28216809889587,123625.0,-0.0007464684982721608,353.1517303058581,,-1.2801246597624269e-06,0.0001537600723725
FR,atlantic_to_france,2018-08-03,2018-08-07,5,1890.97598,-0.0024206849830164215,-102.58429083331873,223847.0,-0.0004582786047314404,353.1517303058581,,-1.2801246597624269e-06,0.0001537600723725
FR,atlantic_to_france,2019-07-23,2019-07-25,3,1312.9064666666666,-0.0016806839439415565,-42.734623888816884,148077.84210526317,-0.0002885956688809551,353.1517303058581,,-1.2801246597624269e-06,0.0001537600723725
FR,atlantic_to_france,2019-08-24,2019-08-27,4,1481.85985,-0.001896965336296851,-64.31199272097282,103444.0,-0.0006217082935788719,353.1517303058581,,-1.2801246597624269e-06,0.0001537600723725
FR,atlantic_to_france,2020-05-21,2020-06-02,13,1814.6949153846156,-0.002323035711129337,-255.959833255659,970113.0,-0.0002638453801316537,353.1517303058581,,-1.2801246597624269e-06,0.0001537600723725
FR,atlantic_to_france,2020-08-07,2020-08-13,7,1541.4934857142855,-0.0019733038239259973,-117.07511085289025,248030.0,-0.0004720199607018919,353.1517303058581,,-1.2801246597624269e-06,0.0001537600723725
FR,atlantic_to_france,2020-09-14,2020-09-22,9,1606.138222222222,-0.002056057145253651,-156.83762990607482,547568.0,-0.0002864258501338187,353.1517303058581,,-1.2801246597624269e-06,0.0001537600723725
FR,atlantic_to_france,2015-07-01,2015-07-04,4,1389.766,-0.0017790737278993891,-60.31516467353882,143418.0,-0.0004205550535744385,353.1517303058581,,-1.2801246597624269e-06,0.0001537600723725
FR,atlantic_to_france,2016-05-07,2016-05-09,3,1256.9529,-0.0016090564034498957,-40.91335581873972,183017.0,-0.00022354948348371855,353.1517303058581,,-1.2801246597624269e-06,0.0001537600723725
FR,atlantic_to_france,2016-08-23,2016-08-27,5,1309.087,-0.001675794550474416,-71.01716941646012,145371.0,-0.0004885236355013044,353.1517303058581,,-1.2801246597624269e-06,0.0001537600723725
FR,atlantic_to_france,2016-09-07,2016-09-15,9,1351.2160999999999,-0.0017297250502780132,-131.94476520315865,312436.0,-0.00042230973768438547,353.1517303058581,,-1.2801246597624269e-06,0.0001537600723725
FR,atlantic_to_france,2017-05-16,2017-05-27,12,1396.0673583333335,-0.0017871402520918886,-181.76592162974342,522277.0,-0.0003480258974255872,353.1517303058581,,-1.2801246597624269e-06,0.0001537600723725
FR,atlantic_to_france,2017-06-18,2017-06-21,4,1685.874125,-0.0021581290406679043,-73.16611247377844,133340.0,-0.0005487184076329567,353.1517303058581,,-1.2801246597624269e-06,0.0001537600723725
FR,atlantic_to_france,2018-07-25,2018-07-27,3,1642.8410999999999,-0.002103041404181231,-53.47387517698535,79001.0,-0.0006768759278614873,353.1517303058581,,-1.2801246597624269e-06,0.0001537600723725
FR,atlantic_to_france,2018-08-03,2018-08-07,5,1890.97598,-0.0024206849830164215,-102.58429083331873,223847.0,-0.0004582786047314404,353.1517303058581,,-1.2801246597624269e-06,0.0001537600723725
FR,atlantic_to_france,2019-07-23,2019-07-25,3,1312.9064666666666,-0.0016806839439415565,-42.734623888816884,148077.84210526317,-0.0002885956688809551,353.1517303058581,,-1.2801246597624269e-06,0.0001537600723725
FR,atlantic_to_france,2019-08-25,2019-08-27,3,1436.0460333333333,-0.001838317939824016,-46.74277161368291,74709.0,-0.0006256645332380692,353.1517303058581,,-1.2801246597624269e-06,0.0001537600723725
FR,atlantic_to_france,2020-08-06,2020-08-13,8,1559.98795,-0.0019969790437272357,-135.40542809794775,277433.0,-0.0004880653278375238,353.1517303058581,,-1.2801246597624269e-06,0.0001537600723725
FR,atlantic_to_france,2015-07-01,2015-07-04,4,1389.766,-0.0017790737278993891,-60.31516467353882,143418.0,-0.0004205550535744385,353.1517303058581,,-1.2801246597624269e-06,0.0001537600723725
FR,atlantic_to_france,2016-08-24,2016-08-27,4,1292.344875,-0.001654362543405091,-56.08713549664399,104944.0,-0.0005344482342644075,353.1517303058581,,-1.2801246597624269e-06,0.0001537600723725
FR,atlantic_to_france,2016-09-07,2016-09-15,9,1351.2160999999999,-0.0017297250502780132,-131.94476520315865,312436.0,-0.00042230973768438547,353.1517303058581,,-1.2801246597624269e-06,0.0001537600723725
FR,atlantic_to_france,2017-05-26,2017-06-02,8,1534.477075,-0.001964321943547619,-133.1911091023887,277935.0,-0.0004792167560846554,353.1517303058581,,-1.2801246597624269e-06,0.0001537600723725
FR,atlantic_to_france,2017-06-19,2017-06-21,3,1628.2763666666667,-0.0020843967298783675,-52.999798449630084,75368.0,-0.0007032135448682476,353.1517303058581,,-1.2801246597624269e-06,0.0001537600723725
FR,atlantic_to_france,2018-05-26,2018-05-28,3,1510.7727666666667,-0.0019339774739075071,-49.175099372375186,133130.0,-0.00036937654452321177,353.1517303058581,,-1.2801246597624269e-06,0.0001537600723725
FR,atlantic_to_france,2018-08-03,2018-08-07,5,1890.97598,-0.0024206849830164215,-102.58429083331873,223847.0,-0.0004582786047314404,353.1517303058581,,-1.2801246597624269e-06,0.0001537600723725
FR,atlantic_to_france,2019-06-25,2019-06-29,5,1642.3836600000002,-0.0021024558239568698,-89.09830945463966,352817.0,-0.00025253406002159664,353.1517303058581,,-1.2801246597624269e-06,0.0001537600723725
FR,atlantic_to_france,2019-07-23,2019-07-25,3,1312.9064666666666,-0.0016806839439415565,-42.734623888816884,148077.84210526317,-0.0002885956688809551,353.1517303058581,,-1.2801246597624269e-06,0.0001537600723725
FR,atlantic_to_france,2019-08-25,2019-08-31,7,1458.2227,-0.0018667068376953474,-110.75076595058928,226103.0,-0.0004898243983962587,353.1517303058581,,-1.2801246597624269e-06,0.0001537600723725
FR,atlantic_to_france,2020-08-07,2020-08-13,7,1541.4934857142855,-0.0019733038239259973,-117.07511085289025,248030.0,-0.0004720199607018919,353.1517303058581,,-1.2801246597624269e-06,0.0001537600723725
FR,atlantic_to_france,2020-09-14,2020-09-19,6,1615.966666666667,-0.00206863877935409,-105.19824446016412,461391.0,-0.00022800237642295605,353.1517303058581,,-1.2801246597624269e-06,0.0001537600723725
FR,atlantic_to_france,2015-07-01,2015-07-04,4,1389.766,-0.0017790737278993891,-60.31516467353882,143418.0,-0.0004205550535744385,353.1517303058581,,-1.2801246597624269e-06,0.0001537600723725
FR,atlantic_to_france,2016-08-24,2016-08-27,4,1292.344875,-0.001654362543405091,-56.08713549664399,104944.0,-0.0005344482342644075,353.1517303058581,,-1.2801246597624269e-06,0.0001537600723725
FR,atlantic_to_france,2016-09-08,2016-09-15,8,1309.9120874999999,-0.0016768507653296277,-113.6990878542452,273060.0,-0.00041638866129878126,353.1517303058581,,-1.2801246597624269e-06,0.0001537600723725
FR,atlantic_to_france,2017-05-26,2017-05-29,4,1402.2245749999997,-0.0017950222569823883,-60.85586073512228,195028.0,-0.0003120365318575911,353.1517303058581,,-1.2801246597624269e-06,0.0001537600723725
FR,atlantic_to_france,2017-06-19,2017-06-22,4,1501.25115,-0.001921788617611702,-65.15356565680086,121730.0,-0.0005352301458703759,353.1517303058581,,-1.2801246597624269e-06,0.0001537600723725
FR,atlantic_to_france,2018-05-26,2018-05-28,3,1510.7727666666667,-0.0019339774739075071,-49.175099372375186,133130.0,-0.00036937654452321177,353.1517303058581,,-1.2801246597624269e-06,0.0001537600723725
FR,atlantic_to_france,2018-08-03,2018-08-07,5,1890.97598,-0.0024206849830164215,-102.58429083331873,223847.0,-0.0004582786047314404,353.1517303058581,,-1.2801246597624269e-06,0.0001537600723725
FR,atlantic_to_france,2019-06-25,2019-06-29,5,1642.3836600000002,-0.0021024558239568698,-89.09830945463966,352817.0,-0.00025253406002159664,353.1517303058581,,-1.2801246597624269e-06,0.0001537600723725
FR,atlantic_to_france,2019-07-23,2019-07-26,4,1346.0142,-0.0017230659698103954,-58.41635795228953,209869.84210526317,-0.0002783456516014816,353.1517303058581,,-1.2801246597624269e-06,0.0001537600723725
FR,atlantic_to_france,2019-08-25,2019-08-31,7,1458.2227,-0.0018667068376953474,-110.75076595058928,226103.0,-0.0004898243983962587,353.1517303058581,,-1.2801246597624269e-06,0.0001537600723725
FR,atlantic_to_france,2020-08-06,2020-08-13,8,1559.98795,-0.0019969790437272357,-135.40542809794775,277433.0,-0.0004880653278375238,353.1517303058581,,-1.2801246597624269e-06,0.0001537600723725
FR,atlantic_to_france,2020-09-14,2020-09-19,6,1615.966666666667,-0.00206863877935409,-105.19824446016412,461391.0,-0.00022800237642295605,353.1517303058581,,-1.2801246597624269e-06,0.0001537600723725
FR,atlantic_to_france,2015-07-01,2015-07-04,4,1389.766,-0.0017790737278993891,-60.31516467353882,143418.0,-0.0004205550535744385,353.1517303058581,,-1.2801246597624269e-06,0.0001537600723725
FR,atlantic_to_france,2015-08-03,2015-08-06,4,1250.81705,-0.0016012017505562927,-54.28484820266148,135153.0,-0.00040165477793805153,353.1517303058581,,-1.2801246597624269e-06,0.0001537600723725
FR,atlantic_to_france,2016-08-24,2016-08-27,4,1292.344875,-0.001654362543405091,-56.08713549664399,104944.0,-0.0005344482342644075,353.1517303058581,,-1.2801246597624269e-06,0.0001537600723725
FR,atlantic_to_france,2016-09-08,2016-09-15,8,1309.9120874999999,-0.0016768507653296277,-113.6990878542452,273060.0,-0.00041638866129878126,353.1517303058581,,-1.2801246597624269e-06,0.0001537600723725
FR,atlantic_to_france,2017-05-27,2017-05-29,3,1334.6953999999998,-0.001708576494811476,-43.443845676186534,117868.0,-0.0003685804940797039,353.1517303058581,,-1.2801246597624269e-06,0.0001537600723725
FR,atlantic_to_france,2017-06-15,2017-06-22,8,1566.4490624999999,-0.0020052500731679848,-135.9662463427627,322723.0,-0.00042130943980677767,353.1517303058581,,-1.2801246597624269e-06,0.0001537600723725
FR,atlantic_to_france,2018-05-26,2018-05-28,3,1510.7727666666667,-0.0019339774739075071,-49.175099372375186,133130.0,-0.00036937654452321177,353.1517303058581,,-1.2801246597624269e-06,0.0001537600723725
FR,atlantic_to_france,2018-07-25,2018-07-27,3,1642.8410999999999,-0.002103041404181231,-53.47387517698535,79001.0,-0.0006768759278614873,353.1517303058581,,-1.2801246597624269e-06,0.0001537600723725
FR,atlantic_to_france,2018-08-03,2018-08-07,5,1890.97598,-0.0024206849830164215,-102.58429083331873,223847.0,-0.0004582786047314404,353.1517303058581,,-1.2801246597624269e-06,0.0001537600723725
FR,atlantic_to_france,2019-06-02,2019-06-04,3,1251.0001666666667,-0.001601436162716906,-40.719596532325134,169317.0,-0.00024049325544585088,353.1517303058581,,-1.2801246597624269e-06,0.0001537600723725
FR,atlantic_to_france,2019-06-25,2019-06-29,5,1642.3836600000002,-0.0021024558239568698,-89.09830945463966,352817.0,-0.00025253406002159664,353.1517303058581,,-1.2801246597624269e-06,0.0001537600723725
FR,atlantic_to_france,2019-07-23,2019-07-26,4,1346.0142,-0.0017230659698103954,-58.41635795228953,209869.84210526317,-0.0002783456516014816,353.1517303058581,,-1.2801246597624269e-06,0.0001537600723725
FR,atlantic_to_france,2019-08-25,2019-08-31,7,1458.2227,-0.0018667068376953474,-110.75076595058928,226103.0,-0.0004898243983962587,353.1517303058581,,-1.2801246597624269e-06,0.0001537600723725
FR,atlantic_to_france,2020-08-06,2020-08-20,15,1440.1510199999998,-0.0018435728344840118,-234.38193711944547,597699.0,-0.00039214042037789165,353.1517303058581,,-1.2801246597624269e-06,0.0001537600723725
FR,atlantic_to_france,2020-09-14,2020-09-16,3,1467.184,-0.0018781784188088766,-47.75630100663423,139409.0,-0.0003425625390515263,353.1517303058581,,-1.2801246597624269e-06,0.0001537600723725
FR,atlantic_to_france,2015-07-01,2015-07-07,7,1396.4638571428573,-0.0017876478199955264,-106.06023469589778,241029.0,-0.0004400310116039886,353.1517303058581,,-1.2801246597624269e-06,0.0001537600723725
FR,atlantic_to_france,2016-08-25,2016-08-28,4,1279.8342,-0.0016383473198273177,-55.544178320542315,123547.0,-0.0004495793367750112,353.1517303058581,,-1.2801246597624269e-06,0.0001537600723725
FR,atlantic_to_france,2016-09-08,2016-09-15,8,1309.9120874999999,-0.0016768507653296277,-113.6990878542452,273060.0,-0.00041638866129878126,353.1517303058581,,-1.2801246597624269e-06,0.0001537600723725
FR,atlantic_to_france,2017-05-27,2017-05-29,3,1334.6953999999998,-0.001708576494811476,-43.443845676186534,117868.0,-0.0003685804940797039,353.1517303058581,,-1.2801246597624269e-06,0.0001537600723725
FR,atlantic_to_france,2017-06-15,2017-06-22,8,1566.4490624999999,-0.0020052500731679848,-135.9662463427627,322723.0,-0.00042130943980677767,353.1517303058581,,-1.2801246597624269e-06,0.0001537600723725
FR,atlantic_to_france,2018-05-26,2018-05-29,4,1510.362175,-0.001933451865389914,-65.54897968565157,156957.0,-0.0004176238057917237,353.1517303058581,,-1.2801246597624269e-06,0.0001537600723725
FR,atlantic_to_france,2018-07-25,2018-08-07,14,1693.2432714285717,-0.002167562466732519,-257.20075438600134,590115.0,-0.00043584852848343347,353.1517303058581,,-1.2801246597624269e-06,0.0001537600723725
FR,atlantic_to_france,2018-09-18,2018-09-20,3,1224.4122333333332,-0.0015674002936047864,-39.8541690553277,199345.0,-0.00019992560162195039,353.1517303058581,,-1.2801246597624269e-06,0.0001537600723725
FR,atlantic_to_france,2019-06-25,2019-06-30,6,1585.0256833333335,-0.002029030463591792,-103.18400914474637,403216.0,-0.0002559025662293817,353.1517303058581,,-1.2801246597624269e-06,0.0001537600723725
FR,atlantic_to_france,2019-07-23,2019-07-26,4,1346.0142,-0.0017230659698103954,-58.41635795228953,209869.84210526317,-0.0002783456516014816,353.1517303058581,,-1.2801246597624269e-06,0.0001537600723725
FR,atlantic_to_france,2019-08-26,2019-08-31,6,1459.9055833333334,-0.0018688611381498508,-95.03878242801531,205525.0,-0.00046241957147799686,353.1517303058581,,-1.2801246597624269e-06,0.0001537600723725
FR,atlantic_to_france,2020-08-07,2020-08-16,10,1498.75065,-0.001918587665899966,-162.61261294945214,341563.0,-0.0004760838057677563,353.1517303058581,,-1.2801246597624269e-06,0.0001537600723725
FR,atlantic_to_france,2020-09-14,2020-09-22,9,1606.138222222222,-0.002056057145253651,-156.83762990607482,547568.0,-0.0002864258501338187,353.1517303058581,,-1.2801246597624269e-06,0.0001537600723725
GB,uk_offshore_to_continent,2018-06-09,2018-06-14,6,2855.0050333333334,1.5774101820818447,0.0,449059.0,0.0,0.0,,0.0005525069706235,5.651348887382973e-05
GB,uk_offshore_to_continent,2018-06-26,2018-07-15,20,3119.28074,1.7234243521816295,0.0,916433.0,0.0,0.0,,0.0005525069706235,5.651348887382973e-05
GB,uk_offshore_to_continent,2018-07-22,2018-07-26,5,3428.1609,1.8940827936689313,0.0,252254.0,0.0,0.0,,0.0005525069706235,5.651348887382973e-05
GB,uk_offshore_to_continent,2020-05-28,2020-06-03,7,4170.685971428572,2.30433307149593,0.0,621121.0,0.0,0.0,,0.0005525069706235,5.651348887382973e-05
GB,uk_offshore_to_continent,2020-08-14,2020-08-19,6,4025.5886166666664,2.224165771570946,0.0,374528.0,0.0,0.0,,0.0005525069706235,5.651348887382973e-05
GB,uk_offshore_to_continent,2015-06-30,2015-07-03,4,2901.568225,1.603136670052156,0.0,244653.0,0.0,0.0,,0.0005525069706235,5.651348887382973e-05
GB,uk_offshore_to_continent,2016-06-06,2016-06-09,4,2263.577225,1.2506421953570988,0.0,66411.0,0.0,0.0,,0.0005525069706235,5.651348887382973e-05
GB,uk_offshore_to_continent,2016-08-15,2016-08-17,3,3052.8024666666665,1.6866946427699483,0.0,125686.0,0.0,0.0,,0.0005525069706235,5.651348887382973e-05
GB,uk_offshore_to_continent,2016-09-03,2016-09-14,12,2947.6939249999996,1.6286214408270443,0.0,897036.0,0.0,0.0,,0.0005525069706235,5.651348887382973e-05
GB,uk_offshore_to_continent,2017-06-19,2017-06-21,3,3547.2717666666667,1.959892377779271,0.0,151028.0,0.0,0.0,,0.0005525069706235,5.651348887382973e-05
GB,uk_offshore_to_continent,2018-06-26,2018-07-15,20,3119.28074,1.7234243521816295,0.0,916433.0,0.0,0.0,,0.0005525069706235,5.651348887382973e-05
GB,uk_offshore_to_continent,2018-07-26,2018-07-29,4,4058.351125,2.242267285800223,0.0,438430.0,0.0,0.0,,0.0005525069706235,5.651348887382973e-05
GB,uk_offshore_to_continent,2019-09-21,2019-09-26,6,4238.416766666667,2.34175480799085,0.0,698927.0,0.0,0.0,,0.0005525069706235,5.651348887382973e-05
GB,uk_offshore_to_continent,2020-05-28,2020-06-03,7,4170.685971428572,2.30433307149593,0.0,621121.0,0.0,0.0,,0.0005525069706235,5.651348887382973e-05
GB,uk_offshore_to_continent,2020-08-13,2020-08-19,7,4117.307614285715,2.2748411570940705,0.0,436277.0,0.0,0.0,,0.0005525069706235,5.651348887382973e-05
GB,uk_offshore_to_continent,2020-09-14,2020-09-17,4,4097.9353,2.264137818414104,0.0,298120.0,0.0,0.0,,0.0005525069706235,5.651348887382973e-05
GB,uk_offshore_to_continent,2016-08-23,2016-08-27,5,2872.71302,1.587193968150886,0.0,183962.0,0.0,0.0,,0.0005525069706235,5.651348887382973e-05
GB,uk_offshore_to_continent,2017-06-18,2017-06-21,4,3423.933625,1.8917471947646889,0.0,188449.0,0.0,0.0,,0.0005525069706235,5.651348887382973e-05
GB,uk_offshore_to_continent,2018-06-26,2018-07-02,7,3662.109985714285,2.0233412942970683,0.0,407781.0,0.0,0.0,,0.0005525069706235,5.651348887382973e-05
GB,uk_offshore_to_continent,2019-07-23,2019-07-25,3,4104.557566666666,2.2677966669087644,0.0,318452.0,0.0,0.0,,0.0005525069706235,5.651348887382973e-05
GB,uk_offshore_to_continent,2020-05-27,2020-06-02,7,4252.066099999999,2.3492961598018796,0.0,512861.0,0.0,0.0,,0.0005525069706235,5.651348887382973e-05
GB,uk_offshore_to_continent,2020-08-10,2020-08-13,4,4742.6280750000005,2.6203350705122115,0.0,210611.0,0.0,0.0,,0.0005525069706235,5.651348887382973e-05
GB,uk_offshore_to_continent,2016-05-08,2016-05-12,5,3556.78892,1.9651506713364302,0.0,494895.0,0.0,0.0,,0.0005525069706235,5.651348887382973e-05
GB,uk_offshore_to_continent,2017-06-18,2017-06-21,4,3423.933625,1.8917471947646889,0.0,188449.0,0.0,0.0,,0.0005525069706235,5.651348887382973e-05
GB,uk_offshore_to_continent,2018-05-26,2018-05-28,3,4122.5223,2.2777223073008233,0.0,298249.0,0.0,0.0,,0.0005525069706235,5.651348887382973e-05
GB,uk_offshore_to_continent,2018-06-26,2018-07-09,14,3208.818557142857,1.7728946202874702,0.0,666183.0,0.0,0.0,,0.0005525069706235,5.651348887382973e-05
GB,uk_offshore_to_continent,2018-08-03,2018-08-05,3,2920.3974000000003,1.613539920490746,0.0,133582.0,0.0,0.0,,0.0005525069706235,5.651348887382973e-05
GB,uk_offshore_to_continent,2019-07-23,2019-07-25,3,4104.557566666666,2.2677966669087644,0.0,318452.0,0.0,0.0,,0.0005525069706235,5.651348887382973e-05
GB,uk_offshore_to_continent,2019-08-24,2019-08-27,4,4999.850175,2.762452073760626,0.0,173552.0,0.0,0.0,,0.0005525069706235,5.651348887382973e-05
GB,uk_offshore_to_continent,2020-05-27,2020-06-02,7,4252.066099999999,2.3492961598018796,0.0,512861.0,0.0,0.0,,0.0005525069706235,5.651348887382973e-05
GB,uk_offshore_to_continent,2020-08-07,2020-08-13,7,4683.306842857142,2.5875596762473076,0.0,487633.0,0.0,0.0,,0.0005525069706235,5.651348887382973e-05
GB,uk_offshore_to_continent,2020-09-14,2020-09-21,8,4448.989187499999,2.458097538322331,0.0,759433.0,0.0,0.0,,0.0005525069706235,5.651348887382973e-05
GB,uk_offshore_to_continent,2016-09-13,2016-09-15,3,3766.8322666666663,2.081201084502852,0.0,126201.0,0.0,0.0,,0.0005525069706235,5.651348887382973e-05
GB,uk_offshore_to_continent,2017-06-17,2017-06-21,5,3159.59066,1.745695863966905,0.0,262591.0,0.0,0.0,,0.0005525069706235,5.651348887382973e-05
GB,uk_offshore_to_continent,2018-05-26,2018-05-28,3,4122.5223,2.2777223073008233,0.0,298249.0,0.0,0.0,,0.0005525069706235,5.651348887382973e-05
GB,uk_offshore_to_continent,2018-07-01,2018-07-09,9,3069.2465777777775,1.6957801287845444,0.0,439589.0,0.0,0.0,,0.0005525069706235,5.651348887382973e-05
GB,uk_offshore_to_continent,2018-08-03,2018-08-07,5,3309.30548,1.8284143456225477,0.0,229452.0,0.0,0.0,,0.0005525069706235,5.651348887382973e-05
GB,uk_offshore_to_continent,2019-07-23,2019-07-25,3,4104.557566666666,2.2677966669087644,0.0,318452.0,0.0,0.0,,0.0005525069706235,5.651348887382973e-05
GB,uk_offshore_to_continent,2019-08-24,2019-08-27,4,4999.850175,2.762452073760626,0.0,173552.0,0.0,0.0,,0.0005525069706235,5.651348887382973e-05
GB,uk_offshore_to_continent,2020-05-31,2020-06-02,3,4369.838166666666,2.414366047579949,0.0,222885.0,0.0,0.0,,0.0005525069706235,5.651348887382973e-05
GB,uk_offshore_to_continent,2020-08-07,2020-08-13,7,4683.306842857142,2.5875596762473076,0.0,487633.0,0.0,0.0,,0.0005525069706235,5.651348887382973e-05
GB,uk_offshore_to_continent,2020-09-14,2020-09-20,7,4328.092357142857,2.391301196823723,0.0,698682.0,0.0,0.0,,0.0005525069706235,5.651348887382973e-05
GB,uk_offshore_to_continent,2016-08-23,2016-08-25,3,3023.858733333333,1.6707030283474138,0.0,79507.0,0.0,0.0,,0.0005525069706235,5.651348887382973e-05
GB,uk_offshore_to_continent,2016-09-07,2016-09-15,9,3196.094333333333,1.7658643979369346,0.0,674652.0,0.0,0.0,,0.0005525069706235,5.651348887382973e-05
GB,uk_offshore_to_continent,2017-06-17,2017-06-21,5,3159.59066,1.745695863966905,0.0,262591.0,0.0,0.0,,0.0005525069706235,5.651348887382973e-05
GB,uk_offshore_to_continent,2018-05-26,2018-05-28,3,4122.5223,2.2777223073008233,0.0,298249.0,0.0,0.0,,0.0005525069706235,5.651348887382973e-05
GB,uk_offshore_to_continent,2018-07-01,2018-07-09,9,3069.2465777777775,1.6957801287845444,0.0,439589.0,0.0,0.0,,0.0005525069706235,5.651348887382973e-05
GB,uk_offshore_to_continent,2018-07-23,2018-07-27,5,3852.8626400000003,2.128733465454861,0.0,267873.0,0.0,0.0,,0.0005525069706235,5.651348887382973e-05
GB,uk_offshore_to_continent,2018-08-03,2018-08-07,5,3309.30548,1.8284143456225477,0.0,229452.0,0.0,0.0,,0.0005525069706235,5.651348887382973e-05
GB,uk_offshore_to_continent,2019-07-23,2019-07-25,3,4104.557566666666,2.2677966669087644,0.0,318452.0,0.0,0.0,,0.0005525069706235,5.651348887382973e-05
GB,uk_offshore_to_continent,2019-08-24,2019-08-27,4,4999.850175,2.762452073760626,0.0,173552.0,0.0,0.0,,0.0005525069706235,5.651348887382973e-05
GB,uk_offshore_to_continent,2020-05-21,2020-06-02,13,4004.1020615384623,2.212294300087927,0.0,1404738.0,0.0,0.0,,0.0005525069706235,5.651348887382973e-05
GB,uk_offshore_to_continent,2020-08-07,2020-08-13,7,4683.306842857142,2.5875596762473076,0.0,487633.0,0.0,0.0,,0.0005525069706235,5.651348887382973e-05
GB,uk_offshore_to_continent,2020-09-14,2020-09-22,9,4359.6047,2.4087119859129724,0.0,911863.0,0.0,0.0,,0.0005525069706235,5.651348887382973e-05
GB,uk_offshore_to_continent,2015-07-01,2015-07-04,4,2997.492725,1.65613562495573,0.0,261687.0,0.0,0.0,,0.0005525069706235,5.651348887382973e-05
GB,uk_offshore_to_continent,2016-05-07,2016-05-09,3,3682.6553,2.0346927236535763,0.0,273006.0,0.0,0.0,,0.0005525069706235,5.651348887382973e-05
GB,uk_offshore_to_continent,2016-08-23,2016-08-27,5,2872.71302,1.587193968150886,0.0,183962.0,0.0,0.0,,0.0005525069706235,5.651348887382973e-05
GB,uk_offshore_to_continent,2016-09-07,2016-09-15,9,3196.094333333333,1.7658643979369346,0.0,674652.0,0.0,0.0,,0.0005525069706235,5.651348887382973e-05
GB,uk_offshore_to_continent,2017-05-16,2017-05-27,12,3162.080483333333,1.7470715087141926,0.0,819729.0,0.0,0.0,,0.0005525069706235,5.651348887382973e-05
GB,uk_offshore_to_continent,2017-06-18,2017-06-21,4,3423.933625,1.8917471947646889,0.0,188449.0,0.0,0.0,,0.0005525069706235,5.651348887382973e-05
GB,uk_offshore_to_continent,2018-07-25,2018-07-27,3,4369.44,2.4141460577211458,0.0,172872.0,0.0,0.0,,0.0005525069706235,5.651348887382973e-05
GB,uk_offshore_to_continent,2018-08-03,2018-08-07,5,3309.30548,1.8284143456225477,0.0,229452.0,0.0,0.0,,0.0005525069706235,5.651348887382973e-05
GB,uk_offshore_to_continent,2019-07-23,2019-07-25,3,4104.557566666666,2.2677966669087644,0.0,318452.0,0.0,0.0,,0.0005525069706235,5.651348887382973e-05
GB,uk_offshore_to_continent,2019-08-25,2019-08-27,3,5036.622566666667,2.7827690764829573,0.0,112607.0,0.0,0.0,,0.0005525069706235,5.651348887382973e-05
GB,uk_offshore_to_continent,2020-08-06,2020-08-13,8,4592.2719625,2.53726227028011,0.0,561128.0,0.0,0.0,,0.0005525069706235,5.651348887382973e-05
GB,uk_offshore_to_continent,2016-05-09,2016-05-13,5,3330.06518,1.8398842245806002,0.0,519174.0,0.0,0.0,,0.0005525069706235,5.651348887382973e-05
GB,uk_offshore_to_continent,2017-06-17,2017-06-21,5,3159.59066,1.745695863966905,0.0,262591.0,0.0,0.0,,0.0005525069706235,5.651348887382973e-05
GB,uk_offshore_to_continent,2018-05-25,2018-05-29,5,3998.11564,2.208986760458836,0.0,484681.0,0.0,0.0,,0.0005525069706235,5.651348887382973e-05
GB,uk_offshore_to_continent,2018-06-25,2018-07-08,14,3209.9474071428567,1.7735183177812583,0.0,645788.0,0.0,0.0,,0.0005525069706235,5.651348887382973e-05
GB,uk_offshore_to_continent,2018-08-18,2018-08-21,4,2993.73685,1.6540604778374393,0.0,312250.0,0.0,0.0,,0.0005525069706235,5.651348887382973e-05
GB,uk_offshore_to_continent,2020-05-28,2020-06-02,6,4388.315233333334,2.424574755709958,0.0,479152.0,0.0,0.0,,0.0005525069706235,5.651348887382973e-05
GB,uk_offshore_to_continent,2020-08-11,2020-08-18,8,4277.5485,2.3633753634300962,0.0,413136.0,0.0,0.0,,0.0005525069706235,5.651348887382973e-05
GB,uk_offshore_to_continent,2020-09-14,2020-09-16,3,3897.3903000000005,2.1533353079904143,0.0,193231.0,0.0,0.0,,0.0005525069706235,5.651348887382973e-05
GB,uk_offshore_to_continent,2016-05-08,2016-05-12,5,3556.78892,1.9651506713364302,0.0,494895.0,0.0,0.0,,0.0005525069706235,5.651348887382973e-05
GB,uk_offshore_to_continent,2016-09-05,2016-09-14,10,3050.2877099999996,1.685305222182193,0.0,761861.0,0.0,0.0,,0.0005525069706235,5.651348887382973e-05
GB,uk_offshore_to_continent,2017-06-19,2017-06-21,3,3547.2717666666667,1.959892377779271,0.0,151028.0,0.0,0.0,,0.0005525069706235,5.651348887382973e-05
GB,uk_offshore_to_continent,2018-06-25,2018-07-08,14,3209.9474071428567,1.7735183177812583,0.0,645788.0,0.0,0.0,,0.0005525069706235,5.651348887382973e-05
GB,uk_offshore_to_continent,2018-07-22,2018-07-26,5,3428.1609,1.8940827936689313,0.0,252254.0,0.0,0.0,,0.0005525069706235,5.651348887382973e-05
GB,uk_offshore_to_continent,2018-08-14,2018-08-21,8,2860.78945,1.5806061126111688,0.0,814714.0,0.0,0.0,,0.0005525069706235,5.651348887382973e-05
GB,uk_offshore_to_continent,2019-09-20,2019-09-22,3,4060.4628,2.2434340009574143,0.0,364757.0,0.0,0.0,,0.0005525069706235,5.651348887382973e-05
GB,uk_offshore_to_continent,2020-05-28,2020-06-02,6,4388.315233333334,2.424574755709958,0.0,479152.0,0.0,0.0,,0.0005525069706235,5.651348887382973e-05
GB,uk_offshore_to_continent,2016-05-08,2016-05-12,5,3556.78892,1.9651506713364302,0.0,494895.0,0.0,0.0,,0.0005525069706235,5.651348887382973e-05
GB,uk_offshore_to_continent,2016-08-15,2016-08-17,3,3052.8024666666665,1.6866946427699483,0.0,125686.0,0.0,0.0,,0.0005525069706235,5.651348887382973e-05
GB,uk_offshore_to_continent,2016-09-07,2016-09-14,8,3121.3972375,1.7245937318036866,0.0,649274.0,0.0,0.0,,0.0005525069706235,5.651348887382973e-05
GB,uk_offshore_to_continent,2017-06-18,2017-06-21,4,3423.933625,1.8917471947646889,0.0,188449.0,0.0,0.0,,0.0005525069706235,5.651348887382973e-05
GB,uk_offshore_to_continent,2018-05-26,2018-05-29,4,3958.439725,2.1870655408554707,0.0,408275.0,0.0,0.0,,0.0005525069706235,5.651348887382973e-05
GB,uk_offshore_to_continent,2018-06-26,2018-07-08,13,3270.735861538461,1.8071043625682583,0.0,624988.0,0.0,0.0,,0.0005525069706235,5.651348887382973e-05
GB,uk_offshore_to_continent,2019-07-23,2019-07-25,3,4104.557566666666,2.2677966669087644,0.0,318452.0,0.0,0.0,,0.0005525069706235,5.651348887382973e-05
GB,uk_offshore_to_continent,2020-05-28,2020-06-01,5,4501.664699999999,2.4872011261597464,0.0,441381.0,0.0,0.0,,0.0005525069706235,5.651348887382973e-05
GB,uk_offshore_to_continent,2020-08-11,2020-08-20,10,4294.89807,2.372961121792417,0.0,709909.0,0.0,0.0,,0.0005525069706235,5.651348887382973e-05
GB,uk_offshore_to_continent,2017-06-17,2017-06-21,5,3159.59066,1.745695863966905,0.0,262591.0,0.0,0.0,,0.0005525069706235,5.651348887382973e-05
GB,uk_offshore_to_continent,2018-06-26,2018-07-08,13,3270.735861538461,1.8071043625682583,0.0,624988.0,0.0,0.0,,0.0005525069706235,5.651348887382973e-05
GB,uk_offshore_to_continent,2019-07-23,2019-07-25,3,4104.557566666666,2.2677966669087644,0.0,318452.0,0.0,0.0,,0.0005525069706235,5.651348887382973e-05
GB,uk_offshore_to_continent,2019-08-23,2019-08-27,5,4702.7504,2.5983023771024527,0.0,281481.0,0.0,0.0,,0.0005525069706235,5.651348887382973e-05
GB,uk_offshore_to_continent,2020-05-28,2020-05-31,4,4466.848875,2.467965140159239,0.0,374534.0,0.0,0.0,,0.0005525069706235,5.651348887382973e-05
GB,uk_offshore_to_continent,2020-08-07,2020-08-12,6,4685.92105,2.58900404391639,0.0,425884.0,0.0,0.0,,0.0005525069706235,5.651348887382973e-05
GB,uk_offshore_to_continent,2016-09-13,2016-09-15,3,3766.8322666666663,2.081201084502852,0.0,126201.0,0.0,0.0,,0.0005525069706235,5.651348887382973e-05
GB,uk_offshore_to_continent,2016-09-24,2016-09-28,5,2659.1065200000003,1.4691748879303974,0.0,560874.0,0.0,0.0,,0.0005525069706235,5.651348887382973e-05
GB,uk_offshore_to_continent,2017-05-24,2017-05-26,3,2946.7317333333326,1.6280898232241348,0.0,179734.0,0.0,0.0,,0.0005525069706235,5.651348887382973e-05
GB,uk_offshore_to_continent,2017-06-17,2017-06-21,5,3159.59066,1.745695863966905,0.0,262591.0,0.0,0.0,,0.0005525069706235,5.651348887382973e-05
GB,uk_offshore_to_continent,2018-07-01,2018-07-08,8,3152.4156999999996,1.74173164855296,0.0,398394.0,0.0,0.0,,0.0005525069706235,5.651348887382973e-05
GB,uk_offshore_to_continent,2018-07-23,2018-07-27,5,3852.8626400000003,2.128733465454861,0.0,267873.0,0.0,0.0,,0.0005525069706235,5.651348887382973e-05
GB,uk_offshore_to_continent,2018-08-02,2018-08-06,5,3169.1887799999995,1.7509988921717856,0.0,247873.0,0.0,0.0,,0.0005525069706235,5.651348887382973e-05
GB,uk_offshore_to_continent,2019-07-23,2019-07-25,3,4104.557566666666,2.2677966669087644,0.0,318452.0,0.0,0.0,,0.0005525069706235,5.651348887382973e-05
GB,uk_offshore_to_continent,2019-08-24,2019-08-27,4,4999.850175,2.762452073760626,0.0,173552.0,0.0,0.0,,0.0005525069706235,5.651348887382973e-05
GB,uk_offshore_to_continent,2020-08-07,2020-08-12,6,4685.92105,2.58900404391639,0.0,425884.0,0.0,0.0,,0.0005525069706235,5.651348887382973e-05
GB,uk_offshore_to_continent,2016-09-13,2016-09-15,3,3766.8322666666663,2.081201084502852,0.0,126201.0,0.0,0.0,,0.0005525069706235,5.651348887382973e-05
GB,uk_offshore_to_continent,2017-05-24,2017-06-01,9,2925.9184555555557,1.61659034217039,0.0,583004.0,0.0,0.0,,0.0005525069706235,5.651348887382973e-05
GB,uk_offshore_to_continent,2017-06-17,2017-06-21,5,3159.59066,1.745695863966905,0.0,262591.0,0.0,0.0,,0.0005525069706235,5.651348887382973e-05
GB,uk_offshore_to_continent,2018-07-01,2018-07-08,8,3152.4156999999996,1.74173164855296,0.0,398394.0,0.0,0.0,,0.0005525069706235,5.651348887382973e-05
GB,uk_offshore_to_continent,2018-07-23,2018-07-27,5,3852.8626400000003,2.128733465454861,0.0,267873.0,0.0,0.0,,0.0005525069706235,5.651348887382973e-05
GB,uk_offshore_to_continent,2018-08-02,2018-08-07,6,3376.1555999999996,1.8653495029095648,0.0,287049.0,0.0,0.0,,0.0005525069706235,5.651348887382973e-05
GB,uk_offshore_to_continent,2019-07-23,2019-07-25,3,4104.557566666666,2.2677966669087644,0.0,318452.0,0.0,0.0,,0.0005525069706235,5.651348887382973e-05
GB,uk_offshore_to_continent,2019-08-24,2019-08-27,4,4999.850175,2.762452073760626,0.0,173552.0,0.0,0.0,,0.0005525069706235,5.651348887382973e-05
GB,uk_offshore_to_continent,2020-05-19,2020-05-25,7,3639.8131000000003,2.0110221095167304,0.0,973474.0,0.0,0.0,,0.0005525069706235,5.651348887382973e-05
GB,uk_offshore_to_continent,2020-06-24,2020-06-26,3,4999.596966666667,2.76231217439144,0.0,307120.0,0.0,0.0,,0.0005525069706235,5.651348887382973e-05
GB,uk_offshore_to_continent,2020-08-07,2020-08-12,6,4685.92105,2.58900404391639,0.0,425884.0,0.0,0.0,,0.0005525069706235,5.651348887382973e-05
GB,uk_offshore_to_continent,2015-07-01,2015-07-04,4,2997.492725,1.65613562495573,0.0,261687.0,0.0,0.0,,0.0005525069706235,5.651348887382973e-05
GB,uk_offshore_to_continent,2016-05-07,2016-05-09,3,3682.6553,2.0346927236535763,0.0,273006.0,0.0,0.0,,0.0005525069706235,5.651348887382973e-05
GB,uk_offshore_to_continent,2016-08-22,2016-08-24,3,2719.783066666667,1.5026991029170929,0.0,148859.0,0.0,0.0,,0.0005525069706235,5.651348887382973e-05
GB,uk_offshore_to_continent,2016-09-06,2016-09-15,10,3169.6866600000003,1.75127397434232,0.0,730020.0,0.0,0.0,,0.0005525069706235,5.651348887382973e-05
GB,uk_offshore_to_continent,2016-09-24,2016-09-28,5,2659.1065200000003,1.4691748879303974,0.0,560874.0,0.0,0.0,,0.0005525069706235,5.651348887382973e-05
GB,uk_offshore_to_continent,2017-05-27,2017-06-02,7,3062.6990285714287,1.6921625622075362,0.0,428662.0,0.0,0.0,,0.0005525069706235,5.651348887382973e-05
GB,uk_offshore_to_continent,2017-06-10,2017-06-22,13,2908.5417153846156,1.6069895720992322,0.0,1160858.0,0.0,0.0,,0.0005525069706235,5.651348887382973e-05
GB,uk_offshore_to_continent,2018-07-23,2018-07-27,5,3852.8626400000003,2.128733465454861,0.0,267873.0,0.0,0.0,,0.0005525069706235,5.651348887382973e-05
GB,uk_offshore_to_continent,2018-08-02,2018-08-07,6,3376.1555999999996,1.8653495029095648,0.0,287049.0,0.0,0.0,,0.0005525069706235,5.651348887382973e-05
GB,uk_offshore_to_continent,2019-05-26,2019-06-02,8,3180.2429625,1.7571064050575802,0.0,956871.0,0.0,0.0,,0.0005525069706235,5.651348887382973e-05
GB,uk_offshore_to_continent,2019-06-24,2019-06-29,6,3688.1569000000004,2.0377323960031593,0.0,492215.0,0.0,0.0,,0.0005525069706235,5.651348887382973e-05
GB,uk_offshore_to_continent,2019-07-22,2019-07-26,5,4098.61846,2.2645152690761545,0.0,585878.0,0.0,0.0,,0.0005525069706235,5.651348887382973e-05
GB,uk_offshore_to_continent,2019-08-25,2019-08-27,3,5036.622566666667,2.7827690764829573,0.0,112607.0,0.0,0.0,,0.0005525069706235,5.651348887382973e-05
GB,uk_offshore_to_continent,2020-06-24,2020-06-26,3,4999.596966666667,2.76231217439144,0.0,307120.0,0.0,0.0,,0.0005525069706235,5.651348887382973e-05
GB,uk_offshore_to_continent,2020-08-07,2020-08-12,6,4685.92105,2.58900404391639,0.0,425884.0,0.0,0.0,,0.0005525069706235,5.651348887382973e-05
GB,uk_offshore_to_continent,2016-05-08,2016-05-12,5,3556.78892,1.9651506713364302,0.0,494895.0,0.0,0.0,,0.0005525069706235,5.651348887382973e-05
GB,uk_offshore_to_continent,2016-09-05,2016-09-07,3,2826.7070333333336,1.561775339827141,0.0,149980.0,0.0,0.0,,0.0005525069706235,5.651348887382973e-05
GB,uk_offshore_to_continent,2017-06-17,2017-06-21,5,3159.59066,1.745695863966905,0.0,262591.0,0.0,0.0,,0.0005525069706235,5.651348887382973e-05
GB,uk_offshore_to_continent,2018-06-24,2018-07-04,11,3289.1496636363636,1.8172781165830312,0.0,550172.0,0.0,0.0,,0.0005525069706235,5.651348887382973e-05
GB,uk_offshore_to_continent,2019-09-19,2019-09-21,3,3548.7325,1.9606994431281597,0.0,297961.0,0.0,0.0,,0.0005525069706235,5.651348887382973e-05
GB,uk_offshore_to_continent,2020-05-28,2020-06-02,6,4388.315233333334,2.424574755709958,0.0,479152.0,0.0,0.0,,0.0005525069706235,5.651348887382973e-05
GB,uk_offshore_to_continent,2020-08-08,2020-08-15,8,4469.12895,2.4692248974902835,0.0,521963.0,0.0,0.0,,0.0005525069706235,5.651348887382973e-05
GB,uk_offshore_to_continent,2020-09-14,2020-09-16,3,3897.3903000000005,2.1533353079904143,0.0,193231.0,0.0,0.0,,0.0005525069706235,5.651348887382973e-05
GB,uk_offshore_to_continent,2016-05-08,2016-05-12,5,3556.78892,1.9651506713364302,0.0,494895.0,0.0,0.0,,0.0005525069706235,5.651348887382973e-05
GB,uk_offshore_to_continent,2016-09-05,2016-09-12,8,2874.5064249999996,1.5881848369145368,0.0,661038.0,0.0,0.0,,0.0005525069706235,5.651348887382973e-05
GB,uk_offshore_to_continent,2017-06-17,2017-06-21,5,3159.59066,1.745695863966905,0.0,262591.0,0.0,0.0,,0.0005525069706235,5.651348887382973e-05
GB,uk_offshore_to_continent,2018-06-25,2018-07-08,14,3209.9474071428567,1.7735183177812583,0.0,645788.0,0.0,0.0,,0.0005525069706235,5.651348887382973e-05
GB,uk_offshore_to_continent,2018-08-15,2018-08-22,8,2963.882025,1.6375654789181946,0.0,830173.0,0.0,0.0,,0.0005525069706235,5.651348887382973e-05
GB,uk_offshore_to_continent,2019-08-23,2019-08-25,3,4485.7201,2.478391623515943,0.0,204243.0,0.0,0.0,,0.0005525069706235,5.651348887382973e-05
GB,uk_offshore_to_continent,2020-05-28,2020-06-02,6,4388.315233333334,2.424574755709958,0.0,479152.0,0.0,0.0,,0.0005525069706235,5.651348887382973e-05
GB,uk_offshore_to_continent,2020-09-08,2020-09-15,8,3379.245025,1.8670564317572835,0.0,1103580.0,0.0,0.0,,0.0005525069706235,5.651348887382973e-05
GB,uk_offshore_to_continent,2016-05-08,2016-05-12,5,3556.78892,1.9651506713364302,0.0,494895.0,0.0,0.0,,0.0005525069706235,5.651348887382973e-05
GB,uk_offshore_to_continent,2016-08-15,2016-08-18,4,3113.024775,1.7199678879111526,0.0,164224.0,0.0,0.0,,0.0005525069706235,5.651348887382973e-05
GB,uk_offshore_to_continent,2016-09-05,2016-09-15,11,3117.868018181818,1.7226438135295319,0.0,787239.0,0.0,0.0,,0.0005525069706235,5.651348887382973e-05
GB,uk_offshore_to_continent,2017-05-25,2017-05-27,3,3616.2353999999996,1.9979952659154605,0.0,223909.0,0.0,0.0,,0.0005525069706235,5.651348887382973e-05
GB,uk_offshore_to_continent,2017-06-19,2017-06-21,3,3547.2717666666667,1.959892377779271,0.0,151028.0,0.0,0.0,,0.0005525069706235,5.651348887382973e-05
GB,uk_offshore_to_continent,2018-05-26,2018-05-29,4,3958.439725,2.1870655408554707,0.0,408275.0,0.0,0.0,,0.0005525069706235,5.651348887382973e-05
GB,uk_offshore_to_continent,2018-06-26,2018-07-02,7,3662.109985714285,2.0233412942970683,0.0,407781.0,0.0,0.0,,0.0005525069706235,5.651348887382973e-05
GB,uk_offshore_to_continent,2019-09-20,2019-09-22,3,4060.4628,2.2434340009574143,0.0,364757.0,0.0,0.0,,0.0005525069706235,5.651348887382973e-05
GB,uk_offshore_to_continent,2020-05-29,2020-05-31,3,4569.229966666667,2.524531406965116,0.0,315159.0,0.0,0.0,,0.0005525069706235,5.651348887382973e-05
GB,uk_offshore_to_continent,2020-08-11,2020-08-20,10,4294.89807,2.372961121792417,0.0,709909.0,0.0,0.0,,0.0005525069706235,5.651348887382973e-05
GB,uk_offshore_to_continent,2016-05-08,2016-05-12,5,3556.78892,1.9651506713364302,0.0,494895.0,0.0,0.0,,0.0005525069706235,5.651348887382973e-05
GB,uk_offshore_to_continent,2016-06-05,2016-06-07,3,2487.6729333333333,1.3744566362980761,0.0,73305.0,0.0,0.0,,0.0005525069706235,5.651348887382973e-05
GB,uk_offshore_to_continent,2016-08-15,2016-08-23,9,2936.2165111111112,1.6222800896487024,0.0,639740.0,0.0,0.0,,0.0005525069706235,5.651348887382973e-05
GB,uk_offshore_to_continent,2016-09-06,2016-09-14,9,3100.3550555555557,1.712967779602253,0.0,704642.0,0.0,0.0,,0.0005525069706235,5.651348887382973e-05
GB,uk_offshore_to_continent,2017-05-25,2017-05-27,3,3616.2353999999996,1.9979952659154605,0.0,223909.0,0.0,0.0,,0.0005525069706235,5.651348887382973e-05
GB,uk_offshore_to_continent,2017-06-18,2017-06-21,4,3423.933625,1.8917471947646889,0.0,188449.0,0.0,0.0,,0.0005525069706235,5.651348887382973e-05
GB,uk_offshore_to_continent,2018-05-27,2018-05-31,5,3908.3155399999996,2.1593715792461485,0.0,372759.0,0.0,0.0,,0.0005525069706235,5.651348887382973e-05
GB,uk_offshore_to_continent,2018-06-26,2018-07-02,7,3662.109985714285,2.0233412942970683,0.0,407781.0,0.0,0.0,,0.0005525069706235,5.651348887382973e-05
GB,uk_offshore_to_continent,2019-07-23,2019-07-25,3,4104.557566666666,2.2677966669087644,0.0,318452.0,0.0,0.0,,0.0005525069706235,5.651348887382973e-05
GB,uk_offshore_to_continent,2019-08-24,2019-08-27,4,4999.850175,2.762452073760626,0.0,173552.0,0.0,0.0,,0.0005525069706235,5.651348887382973e-05
GB,uk_offshore_to_continent,2020-05-28,2020-05-31,4,4466.848875,2.467965140159239,0.0,374534.0,0.0,0.0,,0.0005525069706235,5.651348887382973e-05
GB,uk_offshore_to_continent,2020-08-07,2020-08-14,8,4574.01135,2.5271731545860057,0.0,538996.0,0.0,0.0,,0.0005525069706235,5.651348887382973e-05
GB,uk_offshore_to_continent,2016-09-06,2016-09-13,8,3017.1050375000004,1.6669715643220266,0.0,648843.0,0.0,0.0,,0.0005525069706235,5.651348887382973e-05
GB,uk_offshore_to_continent,2017-05-24,2017-05-27,4,3225.5086999999994,1.7821160405567433,0.0,272414.0,0.0,0.0,,0.0005525069706235,5.651348887382973e-05
GB,uk_offshore_to_continent,2017-06-17,2017-06-21,5,3159.59066,1.745695863966905,0.0,262591.0,0.0,0.0,,0.0005525069706235,5.651348887382973e-05
GB,uk_offshore_to_continent,2018-05-05,2018-05-08,4,4536.1194749999995,2.506237629518511,0.0,246013.0,0.0,0.0,,0.0005525069706235,5.651348887382973e-05
GB,uk_offshore_to_continent,2018-07-01,2018-07-08,8,3152.4156999999996,1.74173164855296,0.0,398394.0,0.0,0.0,,0.0005525069706235,5.651348887382973e-05
GB,uk_offshore_to_continent,2018-07-23,2018-07-27,5,3852.8626400000003,2.128733465454861,0.0,267873.0,0.0,0.0,,0.0005525069706235,5.651348887382973e-05
GB,uk_offshore_to_continent,2018-08-05,2018-08-07,3,3557.6432333333337,1.9656226854081937,0.0,132068.0,0.0,0.0,,0.0005525069706235,5.651348887382973e-05
GB,uk_offshore_to_continent,2019-07-23,2019-07-25,3,4104.557566666666,2.2677966669087644,0.0,318452.0,0.0,0.0,,0.0005525069706235,5.651348887382973e-05
GB,uk_offshore_to_continent,2019-08-23,2019-08-27,5,4702.7504,2.5983023771024527,0.0,281481.0,0.0,0.0,,0.0005525069706235,5.651348887382973e-05
GB,uk_offshore_to_continent,2020-08-07,2020-08-12,6,4685.92105,2.58900404391639,0.0,425884.0,0.0,0.0,,0.0005525069706235,5.651348887382973e-05
GB,uk_offshore_to_continent,2015-06-30,2015-07-04,5,2978.1849,1.6454679170556514,0.0,331205.0,0.0,0.0,,0.0005525069706235,5.651348887382973e-05
GB,uk_offshore_to_continent,2016-07-18,2016-07-20,3,2725.5713333333333,1.5058971605982536,0.0,150933.0,0.0,0.0,,0.0005525069706235,5.651348887382973e-05
GB,uk_offshore_to_continent,2016-09-06,2016-09-13,8,3017.1050375000004,1.6669715643220266,0.0,648843.0,0.0,0.0,,0.0005525069706235,5.651348887382973e-05
GB,uk_offshore_to_continent,2017-05-24,2017-06-01,9,2925.9184555555557,1.61659034217039,0.0,583004.0,0.0,0.0,,0.0005525069706235,5.651348887382973e-05
GB,uk_offshore_to_continent,2017-06-17,2017-06-19,3,2833.4581,1.565505351219618,0.0,141077.0,0.0,0.0,,0.0005525069706235,5.651348887382973e-05
GB,uk_offshore_to_continent,2018-07-05,2018-07-08,4,2741.0085249999997,1.514426316600938,0.0,119724.0,0.0,0.0,,0.0005525069706235,5.651348887382973e-05
GB,uk_offshore_to_continent,2018-07-23,2018-07-27,5,3852.8626400000003,2.128733465454861,0.0,267873.0,0.0,0.0,,0.0005525069706235,5.651348887382973e-05
GB,uk_offshore_to_continent,2018-08-02,2018-08-07,6,3376.1555999999996,1.8653495029095648,0.0,287049.0,0.0,0.0,,0.0005525069706235,5.651348887382973e-05
GB,uk_offshore_to_continent,2018-09-17,2018-09-19,3,3225.9048333333335,1.7823349069847068,0.0,582184.0,0.0,0.0,,0.0005525069706235,5.651348887382973e-05
GB,uk_offshore_to_continent,2019-05-30,2019-06-02,4,3410.93995,1.8845680987531725,0.0,544237.0,0.0,0.0,,0.0005525069706235,5.651348887382973e-05
GB,uk_offshore_to_continent,2019-07-22,2019-07-26,5,4098.61846,2.2645152690761545,0.0,585878.0,0.0,0.0,,0.0005525069706235,5.651348887382973e-05
GB,uk_offshore_to_continent,2019-08-25,2019-08-30,6,4207.0068666666675,2.3244006192942632,0.0,568469.0,0.0,0.0,,0.0005525069706235,5.651348887382973e-05
GB,uk_offshore_to_continent,2020-05-20,2020-05-22,3,4487.471666666667,2.479359376308789,0.0,375841.0,0.0,0.0,,0.0005525069706235,5.651348887382973e-05
GB,uk_offshore_to_continent,2020-08-07,2020-08-11,5,4619.432859999999,2.55226885547725,0.0,396125.0,0.0,0.0,,0.0005525069706235,5.651348887382973e-05
GB,uk_offshore_to_continent,2015-07-01,2015-07-04,4,2997.492725,1.65613562495573,0.0,261687.0,0.0,0.0,,0.0005525069706235,5.651348887382973e-05
GB,uk_offshore_to_continent,2016-05-08,2016-05-10,3,3635.5628666666667,2.0086738259732875,0.0,297935.0,0.0,0.0,,0.0005525069706235,5.651348887382973e-05
GB,uk_offshore_to_continent,2016-09-08,2016-09-15,8,3227.0533875,1.7829694911679288,0.0,637259.0,0.0,0.0,,0.0005525069706235,5.651348887382973e-05
GB,uk_offshore_to_continent,2016-09-24,2016-09-29,6,2594.82115,1.4336567728962866,0.0,713198.0,0.0,0.0,,0.0005525069706235,5.651348887382973e-05
GB,uk_offshore_to_continent,2017-06-18,2017-06-23,6,3208.4188333333336,1.7726737700963844,0.0,417140.0,0.0,0.0,,0.0005525069706235,5.651348887382973e-05
GB,uk_offshore_to_continent,2018-07-23,2018-07-30,8,3785.07645,2.091281122967852,0.0,678130.0,0.0,0.0,,0.0005525069706235,5.651348887382973e-05
GB,uk_offshore_to_continent,2019-07-22,2019-07-26,5,4098.61846,2.2645152690761545,0.0,585878.0,0.0,0.0,,0.0005525069706235,5.651348887382973e-05
GB,uk_offshore_to_continent,2019-08-26,2019-08-30,5,4037.7530400000005,2.230886700256228,0.0,533100.0,0.0,0.0,,0.0005525069706235,5.651348887382973e-05
GB,uk_offshore_to_continent,2016-05-08,2016-05-11,4,3596.0686499999997,1.9868529959656391,0.0,387992.0,0.0,0.0,,0.0005525069706235,5.651348887382973e-05
GB,uk_offshore_to_continent,2016-06-05,2016-06-09,5,2285.15238,1.262562618886881,0.0,105714.0,0.0,0.0,,0.0005525069706235,5.651348887382973e-05
GB,uk_offshore_to_continent,2016-09-06,2016-09-12,7,2913.7671142857143,1.6098766414163777,0.0,603819.0,0.0,0.0,,0.0005525069706235,5.651348887382973e-05
GB,uk_offshore_to_continent,2018-05-26,2018-05-29,4,3958.439725,2.1870655408554707,0.0,408275.0,0.0,0.0,,0.0005525069706235,5.651348887382973e-05
GB,uk_offshore_to_continent,2018-06-26,2018-07-07,12,3290.5752666666663,1.8180657721946154,0.0,591949.0,0.0,0.0,,0.0005525069706235,5.651348887382973e-05
GB,uk_offshore_to_continent,2019-07-22,2019-07-25,4,3927.4903249999998,2.1699657816188553,0.0,503397.0,0.0,0.0,,0.0005525069706235,5.651348887382973e-05
GB,uk_offshore_to_continent,2020-05-28,2020-06-01,5,4501.664699999999,2.4872011261597464,0.0,441381.0,0.0,0.0,,0.0005525069706235,5.651348887382973e-05
GB,uk_offshore_to_continent,2016-05-08,2016-05-12,5,3556.78892,1.9651506713364302,0.0,494895.0,0.0,0.0,,0.0005525069706235,5.651348887382973e-05
GB,uk_offshore_to_continent,2016-06-05,2016-06-07,3,2487.6729333333333,1.3744566362980761,0.0,73305.0,0.0,0.0,,0.0005525069706235,5.651348887382973e-05
GB,uk_offshore_to_continent,2016-09-05,2016-09-14,10,3050.2877099999996,1.685305222182193,0.0,761861.0,0.0,0.0,,0.0005525069706235,5.651348887382973e-05
GB,uk_offshore_to_continent,2017-06-17,2017-06-21,5,3159.59066,1.745695863966905,0.0,262591.0,0.0,0.0,,0.0005525069706235,5.651348887382973e-05
GB,uk_offshore_to_continent,2018-05-26,2018-05-29,4,3958.439725,2.1870655408554707,0.0,408275.0,0.0,0.0,,0.0005525069706235,5.651348887382973e-05
GB,uk_offshore_to_continent,2018-06-26,2018-07-04,9,3506.170233333333,1.9371834941092898,0.0,505264.0,0.0,0.0,,0.0005525069706235,5.651348887382973e-05
GB,uk_offshore_to_continent,2019-07-22,2019-07-25,4,3927.4903249999998,2.1699657816188553,0.0,503397.0,0.0,0.0,,0.0005525069706235,5.651348887382973e-05
GB,uk_offshore_to_continent,2019-08-23,2019-08-25,3,4485.7201,2.478391623515943,0.0,204243.0,0.0,0.0,,0.0005525069706235,5.651348887382973e-05
GB,uk_offshore_to_continent,2020-08-13,2020-08-20,8,4142.76825,2.2889083358027187,0.0,632236.0,0.0,0.0,,0.0005525069706235,5.651348887382973e-05
GB,uk_offshore_to_continent,2020-09-08,2020-09-15,8,3379.245025,1.8670564317572835,0.0,1103580.0,0.0,0.0,,0.0005525069706235,5.651348887382973e-05
GB,uk_offshore_to_continent,2016-05-08,2016-05-11,4,3596.0686499999997,1.9868529959656391,0.0,387992.0,0.0,0.0,,0.0005525069706235,5.651348887382973e-05
GB,uk_offshore_to_continent,2016-06-05,2016-06-07,3,2487.6729333333333,1.3744566362980761,0.0,73305.0,0.0,0.0,,0.0005525069706235,5.651348887382973e-05
GB,uk_offshore_to_continent,2016-08-16,2016-08-18,3,3282.1639,1.8134184334788122,0.0,133463.0,0.0,0.0,,0.0005525069706235,5.651348887382973e-05
GB,uk_offshore_to_continent,2016-09-05,2016-09-15,11,3117.868018181818,1.7226438135295319,0.0,787239.0,0.0,0.0,,0.0005525069706235,5.651348887382973e-05
GB,uk_offshore_to_continent,2017-05-25,2017-05-27,3,3616.2353999999996,1.9979952659154605,0.0,223909.0,0.0,0.0,,0.0005525069706235,5.651348887382973e-05
GB,uk_offshore_to_continent,2017-06-17,2017-06-20,4,2999.789575,1.6574046505912063,0.0,187036.0,0.0,0.0,,0.0005525069706235,5.651348887382973e-05
GB,uk_offshore_to_continent,2018-05-25,2018-05-28,4,4131.09655,2.2824596401936925,0.0,374655.0,0.0,0.0,,0.0005525069706235,5.651348887382973e-05
GB,uk_offshore_to_continent,2018-06-26,2018-07-03,8,3604.20515,1.9913484689321173,0.0,478794.0,0.0,0.0,,0.0005525069706235,5.651348887382973e-05
GB,uk_offshore_to_continent,2019-07-23,2019-07-25,3,4104.557566666666,2.2677966669087644,0.0,318452.0,0.0,0.0,,0.0005525069706235,5.651348887382973e-05
GB,uk_offshore_to_continent,2020-05-29,2020-06-01,4,4587.154475,2.5344348227642817,0.0,382006.0,0.0,0.0,,0.0005525069706235,5.651348887382973e-05
GB,uk_offshore_to_continent,2020-08-11,2020-08-19,9,4291.998666666666,2.371359181240101,0.0,513950.0,0.0,0.0,,0.0005525069706235,5.651348887382973e-05
GB,uk_offshore_to_continent,2016-09-06,2016-09-15,10,3169.6866600000003,1.75127397434232,0.0,730020.0,0.0,0.0,,0.0005525069706235,5.651348887382973e-05
GB,uk_offshore_to_continent,2017-05-25,2017-05-27,3,3616.2353999999996,1.9979952659154605,0.0,223909.0,0.0,0.0,,0.0005525069706235,5.651348887382973e-05
GB,uk_offshore_to_continent,2017-06-17,2017-06-19,3,2833.4581,1.565505351219618,0.0,141077.0,0.0,0.0,,0.0005525069706235,5.651348887382973e-05
GB,uk_offshore_to_continent,2018-06-25,2018-07-01,7,3450.1205857142854,1.9062156730987754,0.0,345038.0,0.0,0.0,,0.0005525069706235,5.651348887382973e-05
GB,uk_offshore_to_continent,2019-07-23,2019-07-25,3,4104.557566666666,2.2677966669087644,0.0,318452.0,0.0,0.0,,0.0005525069706235,5.651348887382973e-05
GB,uk_offshore_to_continent,2019-08-24,2019-08-27,4,4999.850175,2.762452073760626,0.0,173552.0,0.0,0.0,,0.0005525069706235,5.651348887382973e-05
GB,uk_offshore_to_continent,2020-05-28,2020-06-02,6,4388.315233333334,2.424574755709958,0.0,479152.0,0.0,0.0,,0.0005525069706235,5.651348887382973e-05
GB,uk_offshore_to_continent,2020-08-07,2020-08-12,6,4685.92105,2.58900404391639,0.0,425884.0,0.0,0.0,,0.0005525069706235,5.651348887382973e-05
GB,uk_offshore_to_continent,2015-06-30,2015-07-02,3,3138.048733333333,1.7337937993229113,0.0,193914.0,0.0,0.0,,0.0005525069706235,5.651348887382973e-05
GB,uk_offshore_to_continent,2015-08-21,2015-08-23,3,3246.5182666666665,1.793723972589856,0.0,259440.0,0.0,0.0,,0.0005525069706235,5.651348887382973e-05
GB,uk_offshore_to_continent,2016-09-06,2016-09-13,8,3017.1050375000004,1.6669715643220266,0.0,648843.0,0.0,0.0,,0.0005525069706235,5.651348887382973e-05
GB,uk_offshore_to_continent,2016-09-24,2016-09-29,6,2594.82115,1.4336567728962866,0.0,713198.0,0.0,0.0,,0.0005525069706235,5.651348887382973e-05
GB,uk_offshore_to_continent,2017-05-24,2017-06-01,9,2925.9184555555557,1.61659034217039,0.0,583004.0,0.0,0.0,,0.0005525069706235,5.651348887382973e-05
GB,uk_offshore_to_continent,2017-06-17,2017-06-21,5,3159.59066,1.745695863966905,0.0,262591.0,0.0,0.0,,0.0005525069706235,5.651348887382973e-05
GB,uk_offshore_to_continent,2018-05-05,2018-05-08,4,4536.1194749999995,2.506237629518511,0.0,246013.0,0.0,0.0,,0.0005525069706235,5.651348887382973e-05
GB,uk_offshore_to_continent,2018-07-22,2018-07-27,6,3601.8747499999995,1.9900609066877761,0.0,319366.0,0.0,0.0,,0.0005525069706235,5.651348887382973e-05
GB,uk_offshore_to_continent,2019-07-23,2019-07-26,4,4274.200925,2.3615258049079118,0.0,400933.0,0.0,0.0,,0.0005525069706235,5.651348887382973e-05
GB,uk_offshore_to_continent,2019-08-23,2019-08-26,4,4638.632825,2.562876969975478,0.0,246278.0,0.0,0.0,,0.0005525069706235,5.651348887382973e-05
GB,uk_offshore_to_continent,2020-05-29,2020-06-02,5,4434.03716,2.449836438903627,0.0,419777.0,0.0,0.0,,0.0005525069706235,5.651348887382973e-05
GB,uk_offshore_to_continent,2016-09-06,2016-09-13,8,3017.1050375000004,1.6669715643220266,0.0,648843.0,0.0,0.0,,0.0005525069706235,5.651348887382973e-05
GB,uk_offshore_to_continent,2016-09-24,2016-09-29,6,2594.82115,1.4336567728962866,0.0,713198.0,0.0,0.0,,0.0005525069706235,5.651348887382973e-05
GB,uk_offshore_to_continent,2018-07-22,2018-07-28,7,3607.622214285714,1.9932364207690432,0.0,463581.0,0.0,0.0,,0.0005525069706235,5.651348887382973e-05
GB,uk_offshore_to_continent,2019-07-22,2019-07-26,5,4098.61846,2.2645152690761545,0.0,585878.0,0.0,0.0,,0.0005525069706235,5.651348887382973e-05
GB,uk_offshore_to_continent,2019-08-05,2019-08-09,5,3557.1258799999996,1.9653368440852514,0.0,612871.0,0.0,0.0,,0.0005525069706235,5.651348887382973e-05
GB,uk_offshore_to_continent,2019-08-26,2019-08-31,6,4024.4980333333333,2.2235632166772334,0.0,674338.0,0.0,0.0,,0.0005525069706235,5.651348887382973e-05
GB,uk_offshore_to_continent,2016-05-08,2016-05-10,3,3635.5628666666667,2.0086738259732875,0.0,297935.0,0.0,0.0,,0.0005525069706235,5.651348887382973e-05
GB,uk_offshore_to_continent,2016-09-06,2016-09-16,11,3187.1593454545455,1.7609277548514681,0.0,819492.0,0.0,0.0,,0.0005525069706235,5.651348887382973e-05
GB,uk_offshore_to_continent,2016-09-24,2016-09-29,6,2594.82115,1.4336567728962866,0.0,713198.0,0.0,0.0,,0.0005525069706235,5.651348887382973e-05
GB,uk_offshore_to_continent,2018-07-23,2018-07-28,6,3817.7367,2.109326138755158,0.0,412088.0,0.0,0.0,,0.0005525069706235,5.651348887382973e-05
GB,uk_offshore_to_continent,2018-08-15,2018-08-18,4,2893.5444,1.598703450808593,0.0,564285.0,0.0,0.0,,0.0005525069706235,5.651348887382973e-05
GB,uk_offshore_to_continent,2019-07-25,2019-07-27,3,4639.367333333333,2.563282790949625,0.0,263315.0,0.0,0.0,,0.0005525069706235,5.651348887382973e-05
GB,uk_offshore_to_continent,2019-08-26,2019-08-31,6,4024.4980333333333,2.2235632166772334,0.0,674338.0,0.0,0.0,,0.0005525069706235,5.651348887382973e-05
GB,uk_offshore_to_continent,2020-06-24,2020-06-27,4,4858.7264749999995,2.6844802457904464,0.0,484999.0,0.0,0.0,,0.0005525069706235,5.651348887382973e-05
GB,uk_offshore_to_continent,2016-05-09,2016-05-12,4,3515.3576,1.9422595782342973,0.0,413720.0,0.0,0.0,,0.0005525069706235,5.651348887382973e-05
GB,uk_offshore_to_continent,2016-06-05,2016-06-07,3,2487.6729333333333,1.3744566362980761,0.0,73305.0,0.0,0.0,,0.0005525069706235,5.651348887382973e-05
GB,uk_offshore_to_continent,2016-09-07,2016-09-12,6,2910.725366666667,1.6081960546539764,0.0,548451.0,0.0,0.0,,0.0005525069706235,5.651348887382973e-05
GB,uk_offshore_to_continent,2018-05-26,2018-05-30,5,3989.8965800000005,2.2044456725168633,0.0,459106.0,0.0,0.0,,0.0005525069706235,5.651348887382973e-05
GB,uk_offshore_to_continent,2019-07-23,2019-07-26,4,4274.200925,2.3615258049079118,0.0,400933.0,0.0,0.0,,0.0005525069706235,5.651348887382973e-05
GB,uk_offshore_to_continent,2016-05-09,2016-05-11,3,3553.920133333333,1.963565646705865,0.0,306817.0,0.0,0.0,,0.0005525069706235,5.651348887382973e-05
GB,uk_offshore_to_continent,2016-06-05,2016-06-07,3,2487.6729333333333,1.3744566362980761,0.0,73305.0,0.0,0.0,,0.0005525069706235,5.651348887382973e-05
GB,uk_offshore_to_continent,2018-05-26,2018-05-30,5,3989.8965800000005,2.2044456725168633,0.0,459106.0,0.0,0.0,,0.0005525069706235,5.651348887382973e-05
GB,uk_offshore_to_continent,2018-06-27,2018-07-04,8,3557.4828875,1.9655340932175664,0.0,489212.0,0.0,0.0,,0.0005525069706235,5.651348887382973e-05
GB,uk_offshore_to_continent,2019-09-20,2019-09-25,6,4077.9606666666673,2.253101694261789,0.0,644201.0,0.0,0.0,,0.0005525069706235,5.651348887382973e-05
GB,uk_offshore_to_continent,2020-05-29,2020-05-31,3,4569.229966666667,2.524531406965116,0.0,315159.0,0.0,0.0,,0.0005525069706235,5.651348887382973e-05
GB,uk_offshore_to_continent,2020-06-13,2020-06-18,6,4123.8495,2.278455594552235,0.0,202590.0,0.0,0.0,,0.0005525069706235,5.651348887382973e-05
GB,uk_offshore_to_continent,2020-08-13,2020-08-20,8,4142.76825,2.2889083358027187,0.0,632236.0,0.0,0.0,,0.0005525069706235,5.651348887382973e-05
GB,uk_offshore_to_continent,2015-08-19,2015-08-23,5,3238.35804,1.789215390474655,0.0,398274.0,0.0,0.0,,0.0005525069706235,5.651348887382973e-05
GB,uk_offshore_to_continent,2016-05-09,2016-05-11,3,3553.920133333333,1.963565646705865,0.0,306817.0,0.0,0.0,,0.0005525069706235,5.651348887382973e-05
GB,uk_offshore_to_continent,2016-09-12,2016-09-15,4,3663.321825,2.0240108439497013,0.0,229138.0,0.0,0.0,,0.0005525069706235,5.651348887382973e-05
GB,uk_offshore_to_continent,2017-05-25,2017-05-27,3,3616.2353999999996,1.9979952659154605,0.0,223909.0,0.0,0.0,,0.0005525069706235,5.651348887382973e-05
GB,uk_offshore_to_continent,2018-05-28,2018-06-02,6,3481.161333333333,1.9233659025316638,0.0,277370.0,0.0,0.0,,0.0005525069706235,5.651348887382973e-05
GB,uk_offshore_to_continent,2018-06-27,2018-07-04,8,3557.4828875,1.9655340932175664,0.0,489212.0,0.0,0.0,,0.0005525069706235,5.651348887382973e-05
GB,uk_offshore_to_continent,2019-07-23,2019-07-26,4,4274.200925,2.3615258049079118,0.0,400933.0,0.0,0.0,,0.0005525069706235,5.651348887382973e-05
GB,uk_offshore_to_continent,2019-08-24,2019-08-26,3,5013.393333333333,2.7699347631440507,0.0,138349.0,0.0,0.0,,0.0005525069706235,5.651348887382973e-05
GB,uk_offshore_to_continent,2019-09-20,2019-09-24,5,4064.28288,2.245544621785754,0.0,595569.0,0.0,0.0,,0.0005525069706235,5.651348887382973e-05
GB,uk_offshore_to_continent,2020-05-29,2020-06-01,4,4587.154475,2.5344348227642817,0.0,382006.0,0.0,0.0,,0.0005525069706235,5.651348887382973e-05
GB,uk_offshore_to_continent,2020-06-14,2020-06-18,5,3963.5514000000003,2.1898897769245327,0.0,129898.0,0.0,0.0,,0.0005525069706235,5.651348887382973e-05
GB,uk_offshore_to_continent,2020-08-11,2020-08-15,5,4475.1902,2.472573780365975,0.0,248477.0,0.0,0.0,,0.0005525069706235,5.651348887382973e-05
GB,uk_offshore_to_continent,2020-09-18,2020-09-20,3,4634.968433333333,2.56085236803655,0.0,400562.0,0.0,0.0,,0.0005525069706235,5.651348887382973e-05
GB,uk_offshore_to_continent,2015-06-30,2015-07-02,3,3138.048733333333,1.7337937993229113,0.0,193914.0,0.0,0.0,,0.0005525069706235,5.651348887382973e-05
GB,uk_offshore_to_continent,2016-09-06,2016-09-15,10,3169.6866600000003,1.75127397434232,0.0,730020.0,0.0,0.0,,0.0005525069706235,5.651348887382973e-05
GB,uk_offshore_to_continent,2017-05-24,2017-05-27,4,3225.5086999999994,1.7821160405567433,0.0,272414.0,0.0,0.0,,0.0005525069706235,5.651348887382973e-05
GB,uk_offshore_to_continent,2018-05-28,2018-06-02,6,3481.161333333333,1.9233659025316638,0.0,277370.0,0.0,0.0,,0.0005525069706235,5.651348887382973e-05
GB,uk_offshore_to_continent,2018-06-25,2018-06-28,4,3100.1902750000004,1.7128767371966855,0.0,115565.0,0.0,0.0,,0.0005525069706235,5.651348887382973e-05
GB,uk_offshore_to_continent,2018-07-04,2018-07-08,5,2737.185,1.5123137923860848,0.0,146194.0,0.0,0.0,,0.0005525069706235,5.651348887382973e-05
GB,uk_offshore_to_continent,2018-07-22,2018-07-27,6,3601.8747499999995,1.9900609066877761,0.0,319366.0,0.0,0.0,,0.0005525069706235,5.651348887382973e-05
GB,uk_offshore_to_continent,2019-07-23,2019-07-26,4,4274.200925,2.3615258049079118,0.0,400933.0,0.0,0.0,,0.0005525069706235,5.651348887382973e-05
GB,uk_offshore_to_continent,2020-05-28,2020-06-01,5,4501.664699999999,2.4872011261597464,0.0,441381.0,0.0,0.0,,0.0005525069706235,5.651348887382973e-05
GB,uk_offshore_to_continent,2020-08-07,2020-08-12,6,4685.92105,2.58900404391639,0.0,425884.0,0.0,0.0,,0.0005525069706235,5.651348887382973e-05
GB,uk_offshore_to_continent,2015-06-30,2015-07-02,3,3138.048733333333,1.7337937993229113,0.0,193914.0,0.0,0.0,,0.0005525069706235,5.651348887382973e-05
GB,uk_offshore_to_continent,2016-09-24,2016-09-29,6,2594.82115,1.4336567728962866,0.0,713198.0,0.0,0.0,,0.0005525069706235,5.651348887382973e-05
GB,uk_offshore_to_continent,2017-05-24,2017-05-26,3,2946.7317333333326,1.6280898232241348,0.0,179734.0,0.0,0.0,,0.0005525069706235,5.651348887382973e-05
GB,uk_offshore_to_continent,2018-07-22,2018-07-28,7,3607.622214285714,1.9932364207690432,0.0,463581.0,0.0,0.0,,0.0005525069706235,5.651348887382973e-05
GB,uk_offshore_to_continent,2019-07-22,2019-07-26,5,4098.61846,2.2645152690761545,0.0,585878.0,0.0,0.0,,0.0005525069706235,5.651348887382973e-05
GB,uk_offshore_to_continent,2016-05-09,2016-05-11,3,3553.920133333333,1.963565646705865,0.0,306817.0,0.0,0.0,,0.0005525069706235,5.651348887382973e-05
GB,uk_offshore_to_continent,2016-09-06,2016-09-15,10,3169.6866600000003,1.75127397434232,0.0,730020.0,0.0,0.0,,0.0005525069706235,5.651348887382973e-05
GB,uk_offshore_to_continent,2016-09-24,2016-09-29,6,2594.82115,1.4336567728962866,0.0,713198.0,0.0,0.0,,0.0005525069706235,5.651348887382973e-05
GB,uk_offshore_to_continent,2018-07-22,2018-07-28,7,3607.622214285714,1.9932364207690432,0.0,463581.0,0.0,0.0,,0.0005525069706235,5.651348887382973e-05
GB,uk_offshore_to_continent,2019-08-26,2019-08-28,3,4588.725233333334,2.5353026776926133,0.0,164996.0,0.0,0.0,,0.0005525069706235,5.651348887382973e-05
GB,uk_offshore_to_continent,2016-05-08,2016-05-11,4,3596.0686499999997,1.9868529959656391,0.0,387992.0,0.0,0.0,,0.0005525069706235,5.651348887382973e-05
GB,uk_offshore_to_continent,2016-09-06,2016-09-16,11,3187.1593454545455,1.7609277548514681,0.0,819492.0,0.0,0.0,,0.0005525069706235,5.651348887382973e-05
GB,uk_offshore_to_continent,2016-09-24,2016-09-29,6,2594.82115,1.4336567728962866,0.0,713198.0,0.0,0.0,,0.0005525069706235,5.651348887382973e-05
GB,uk_offshore_to_continent,2018-07-24,2018-07-28,5,4052.5966399999998,2.2390878927253746,0.0,351569.0,0.0,0.0,,0.0005525069706235,5.651348887382973e-05
GB,uk_offshore_to_continent,2019-08-26,2019-08-31,6,4024.4980333333333,2.2235632166772334,0.0,674338.0,0.0,0.0,,0.0005525069706235,5.651348887382973e-05
GB,uk_offshore_to_continent,2020-06-24,2020-06-27,4,4858.7264749999995,2.6844802457904464,0.0,484999.0,0.0,0.0,,0.0005525069706235,5.651348887382973e-05
GB,uk_offshore_to_continent,2016-09-08,2016-09-12,5,2903.18606,1.6040305351669748,0.0,511058.0,0.0,0.0,,0.0005525069706235,5.651348887382973e-05
GB,uk_offshore_to_continent,2017-09-23,2017-09-27,5,4127.23034,2.280323532218798,0.0,487647.0,0.0,0.0,,0.0005525069706235,5.651348887382973e-05
GB,uk_offshore_to_continent,2018-05-26,2018-05-29,4,3958.439725,2.1870655408554707,0.0,408275.0,0.0,0.0,,0.0005525069706235,5.651348887382973e-05
GB,uk_offshore_to_continent,2019-07-25,2019-07-28,4,4555.929249999999,2.517182668292494,0.0,358680.0,0.0,0.0,,0.0005525069706235,5.651348887382973e-05
GB,uk_offshore_to_continent,2020-05-29,2020-05-31,3,4569.229966666667,2.524531406965116,0.0,315159.0,0.0,0.0,,0.0005525069706235,5.651348887382973e-05
GB,uk_offshore_to_continent,2016-09-08,2016-09-12,5,2903.18606,1.6040305351669748,0.0,511058.0,0.0,0.0,,0.0005525069706235,5.651348887382973e-05
GB,uk_offshore_to_continent,2017-05-25,2017-05-27,3,3616.2353999999996,1.9979952659154605,0.0,223909.0,0.0,0.0,,0.0005525069706235,5.651348887382973e-05
GB,uk_offshore_to_continent,2018-05-27,2018-05-29,3,3929.956433333333,2.1713283236633347,0.0,296484.0,0.0,0.0,,0.0005525069706235,5.651348887382973e-05
GB,uk_offshore_to_continent,2018-06-30,2018-07-04,5,3672.5528399999994,2.0291110440831313,0.0,349195.0,0.0,0.0,,0.0005525069706235,5.651348887382973e-05
GB,uk_offshore_to_continent,2019-07-23,2019-07-28,6,4327.531616666667,2.390991383801918,0.0,564190.0,0.0,0.0,,0.0005525069706235,5.651348887382973e-05
GB,uk_offshore_to_continent,2020-05-29,2020-06-01,4,4587.154475,2.5344348227642817,0.0,382006.0,0.0,0.0,,0.0005525069706235,5.651348887382973e-05
GB,uk_offshore_to_continent,2016-09-12,2016-09-15,4,3663.321825,2.0240108439497013,0.0,229138.0,0.0,0.0,,0.0005525069706235,5.651348887382973e-05
GB,uk_offshore_to_continent,2017-05-25,2017-05-27,3,3616.2353999999996,1.9979952659154605,0.0,223909.0,0.0,0.0,,0.0005525069706235,5.651348887382973e-05
GB,uk_offshore_to_continent,2018-06-27,2018-07-04,8,3557.4828875,1.9655340932175664,0.0,489212.0,0.0,0.0,,0.0005525069706235,5.651348887382973e-05
GB,uk_offshore_to_continent,2019-07-23,2019-07-26,4,4274.200925,2.3615258049079118,0.0,400933.0,0.0,0.0,,0.0005525069706235,5.651348887382973e-05
GB,uk_offshore_to_continent,2019-08-24,2019-08-26,3,5013.393333333333,2.7699347631440507,0.0,138349.0,0.0,0.0,,0.0005525069706235,5.651348887382973e-05
GB,uk_offshore_to_continent,2020-05-29,2020-06-01,4,4587.154475,2.5344348227642817,0.0,382006.0,0.0,0.0,,0.0005525069706235,5.651348887382973e-05
GB,uk_offshore_to_continent,2016-08-30,2016-09-06,8,2492.741275,1.3772569303984108,0.0,567732.0,0.0,0.0,,0.0005525069706235,5.651348887382973e-05
GB,uk_offshore_to_continent,2017-05-24,2017-05-27,4,3225.5086999999994,1.7821160405567433,0.0,272414.0,0.0,0.0,,0.0005525069706235,5.651348887382973e-05
GB,uk_offshore_to_continent,2017-06-17,2017-06-21,5,3159.59066,1.745695863966905,0.0,262591.0,0.0,0.0,,0.0005525069706235,5.651348887382973e-05
GB,uk_offshore_to_continent,2018-07-25,2018-07-28,4,4187.60675,2.3136819196050205,0.0,317087.0,0.0,0.0,,0.0005525069706235,5.651348887382973e-05
GB,uk_offshore_to_continent,2019-07-23,2019-07-28,6,4327.531616666667,2.390991383801918,0.0,564190.0,0.0,0.0,,0.0005525069706235,5.651348887382973e-05
GB,uk_offshore_to_continent,2020-06-22,2020-06-24,3,4079.227533333333,2.2538016469259725,0.0,330391.0,0.0,0.0,,0.0005525069706235,5.651348887382973e-05
GB,uk_offshore_to_continent,2016-09-24,2016-09-29,6,2594.82115,1.4336567728962866,0.0,713198.0,0.0,0.0,,0.0005525069706235,5.651348887382973e-05
GB,uk_offshore_to_continent,2018-07-14,2018-07-16,3,3962.925866666667,2.1895441653975083,0.0,159361.0,0.0,0.0,,0.0005525069706235,5.651348887382973e-05
GB,uk_offshore_to_continent,2018-07-26,2018-07-28,3,4203.530833333333,2.3224800866474764,0.0,282456.0,0.0,0.0,,0.0005525069706235,5.651348887382973e-05
GB,uk_offshore_to_continent,2019-07-25,2019-07-28,4,4555.929249999999,2.517182668292494,0.0,358680.0,0.0,0.0,,0.0005525069706235,5.651348887382973e-05
GB,uk_offshore_to_continent,2016-09-06,2016-09-16,11,3187.1593454545455,1.7609277548514681,0.0,819492.0,0.0,0.0,,0.0005525069706235,5.651348887382973e-05
GB,uk_offshore_to_continent,2016-09-24,2016-09-29,6,2594.82115,1.4336567728962866,0.0,713198.0,0.0,0.0,,0.0005525069706235,5.651348887382973e-05
GB,uk_offshore_to_continent,2018-05-28,2018-05-31,4,3852.4307999999996,2.1284948708446665,0.0,234252.0,0.0,0.0,,0.0005525069706235,5.651348887382973e-05
GB,uk_offshore_to_continent,2018-07-26,2018-07-28,3,4203.530833333333,2.3224800866474764,0.0,282456.0,0.0,0.0,,0.0005525069706235,5.651348887382973e-05
GB,uk_offshore_to_continent,2019-07-25,2019-07-28,4,4555.929249999999,2.517182668292494,0.0,358680.0,0.0,0.0,,0.0005525069706235,5.651348887382973e-05
GB,uk_offshore_to_continent,2020-06-23,2020-06-27,5,4694.96594,2.594001408689913,0.0,576360.0,0.0,0.0,,0.0005525069706235,5.651348887382973e-05
GB,uk_offshore_to_continent,2016-05-08,2016-05-10,3,3635.5628666666667,2.0086738259732875,0.0,297935.0,0.0,0.0,,0.0005525069706235,5.651348887382973e-05
GB,uk_offshore_to_continent,2016-09-06,2016-09-16,11,3187.1593454545455,1.7609277548514681,0.0,819492.0,0.0,0.0,,0.0005525069706235,5.651348887382973e-05
GB,uk_offshore_to_continent,2016-09-24,2016-09-29,6,2594.82115,1.4336567728962866,0.0,713198.0,0.0,0.0,,0.0005525069706235,5.651348887382973e-05
GB,uk_offshore_to_continent,2018-05-27,2018-06-01,6,3710.28145,2.049956364100067,0.0,393073.0,0.0,0.0,,0.0005525069706235,5.651348887382973e-05
GB,uk_offshore_to_continent,2018-07-26,2018-07-28,3,4203.530833333333,2.3224800866474764,0.0,282456.0,0.0,0.0,,0.0005525069706235,5.651348887382973e-05
GB,uk_offshore_to_continent,2019-08-26,2019-08-30,5,4037.7530400000005,2.230886700256228,0.0,533100.0,0.0,0.0,,0.0005525069706235,5.651348887382973e-05
GB,uk_offshore_to_continent,2020-06-19,2020-06-27,9,4086.130466666667,2.2576155657103887,0.0,1091594.0,0.0,0.0,,0.0005525069706235,5.651348887382973e-05
ES,atlantic_to_iberia,2015-05-13,2015-05-17,5,3341.59228,-0.7131199698265909,-14602.135566062823,981268.0,-0.014880884290594235,170.6367346298176,,-0.0002134072352557,5.104394125290821e-05
ES,atlantic_to_iberia,2015-06-03,2015-06-07,5,2930.10958,-0.6253065844640403,-12804.032845856167,559505.0,-0.022884572695250564,170.6367346298176,,-0.0002134072352557,5.104394125290821e-05
ES,atlantic_to_iberia,2016-07-14,2016-07-17,4,3558.6447249999997,-0.7594405320195308,-12440.491442817038,527842.0,-0.023568589545388655,170.6367346298176,,-0.0002134072352557,5.104394125290821e-05
ES,atlantic_to_iberia,2016-08-06,2016-08-12,7,3646.8199142857147,-0.7782577553831432,-22310.292829257036,1286375.0,-0.017343537327184556,170.6367346298176,,-0.0002134072352557,5.104394125290821e-05
ES,atlantic_to_iberia,2016-09-03,2016-09-06,4,3139.17695,-0.6699230738779208,-10974.094634851053,242382.0,-0.045276029716938775,170.6367346298176,,-0.0002134072352557,5.104394125290821e-05
ES,atlantic_to_iberia,2017-06-12,2017-06-25,14,2778.0736428571427,-0.5928610154588737,-33991.059569785924,1228888.0,-0.027660014232204988,170.6367346298176,,-0.0002134072352557,5.104394125290821e-05
ES,atlantic_to_iberia,2018-08-19,2018-08-21,3,3689.596666666667,-0.7873866238419799,-9673.709931618618,341459.0,-0.028330516787135843,170.6367346298176,,-0.0002134072352557,5.104394125290821e-05
ES,atlantic_to_iberia,2018-09-17,2018-09-28,12,3107.4071666666664,-0.6631431722520814,-32589.096625484308,1011458.0,-0.03221992077326424,170.6367346298176,,-0.0002134072352557,5.104394125290821e-05
ES,atlantic_to_iberia,2020-05-23,2020-05-27,5,3251.453,-0.6938835952938515,-14208.24370969688,841884.0,-0.01687672376443415,170.6367346298176,,-0.0002134072352557,5.104394125290821e-05
ES,atlantic_to_iberia,2020-07-15,2020-07-17,3,3811.9778,-0.8135036431541057,-9994.579579963942,604650.0,-0.016529528785188027,170.6367346298176,,-0.0002134072352557,5.104394125290821e-05
ES,atlantic_to_iberia,2015-05-12,2015-05-17,6,3195.0289666666667,-0.6818422983382094,-16754.017438212766,1066664.0,-0.015706930615651007,170.6367346298176,,-0.0002134072352557,5.104394125290821e-05
ES,atlantic_to_iberia,2015-06-02,2015-06-07,6,2823.6345333333334,-0.6025840391311853,-14806.508079944404,620801.0,-0.023850651142547134,170.6367346298176,,-0.0002134072352557,5.104394125290821e-05
ES,atlantic_to_iberia,2015-06-26,2015-06-28,3,2959.0843333333337,-0.6314900064651229,-7758.38827112911,180197.0,-0.04305503571718236,170.6367346298176,,-0.0002134072352557,5.104394125290821e-05
ES,atlantic_to_iberia,2015-07-06,2015-07-08,3,2836.2702666666664,-0.6052805960472802,-7436.383519989426,338806.0,-0.021948795239722513,170.6367346298176,,-0.0002134072352557,5.104394125290821e-05
ES,atlantic_to_iberia,2016-07-09,2016-07-15,7,3378.7991,-0.7210601744154475,-20670.61141048826,879336.0,-0.023507068299817434,170.6367346298176,,-0.0002134072352557,5.104394125290821e-05
ES,atlantic_to_iberia,2016-08-06,2016-08-08,3,3723.4125333333336,-0.7946031744550887,-9762.371353116261,500951.0,-0.019487677144304057,170.6367346298176,,-0.0002134072352557,5.104394125290821e-05
ES,atlantic_to_iberia,2016-09-03,2016-09-07,5,2902.4252,-0.6193985374684722,-12683.057264172578,322407.0,-0.03933865351612272,170.6367346298176,,-0.0002134072352557,5.104394125290821e-05
ES,atlantic_to_iberia,2016-09-27,2016-09-29,3,3134.295733333334,-0.6688813869244035,-8217.77297179995,333612.0,-0.024632725956500217,170.6367346298176,,-0.0002134072352557,5.104394125290821e-05
ES,atlantic_to_iberia,2017-06-07,2017-06-18,12,2963.3007999999995,-0.6323898309590039,-31077.773501168664,1082932.0,-0.028697806973262092,170.6367346298176,,-0.0002134072352557,5.104394125290821e-05
ES,atlantic_to_iberia,2018-09-16,2018-09-27,12,3031.29145,-0.646899527598742,-31790.829030630026,982725.0,-0.032349669572494875,170.6367346298176,,-0.0002134072352557,5.104394125290821e-05
ES,atlantic_to_iberia,2020-05-22,2020-05-24,3,2982.272333333333,-0.6364384934362319,-7819.184614512904,358735.0,-0.021796547910053116,170.6367346298176,,-0.0002134072352557,5.104394125290821e-05
ES,atlantic_to_iberia,2020-07-15,2020-07-20,6,3474.006033333333,-0.7413780228352878,-18216.910791781032,903352.0,-0.02016590519728858,170.6367346298176,,-0.0002134072352557,5.104394125290821e-05
ES,atlantic_to_iberia,2015-05-12,2015-05-14,3,2620.1309333333334,-0.5591548984906035,-6869.690354210667,441291.0,-0.01556725687632575,170.6367346298176,,-0.0002134072352557,5.104394125290821e-05
ES,atlantic_to_iberia,2015-07-05,2015-07-07,3,2525.609233333333,-0.5389832838219347,-6621.865025143041,288111.0,-0.022983728580800597,170.6367346298176,,-0.0002134072352557,5.104394125290821e-05
ES,atlantic_to_iberia,2015-07-14,2015-07-22,9,2657.8497888888887,-0.5672043751717236,-20905.75492856256,694706.0,-0.030092952887354595,170.6367346298176,,-0.0002134072352557,5.104394125290821e-05
ES,atlantic_to_iberia,2016-08-29,2016-09-06,9,3225.486588888889,-0.6883421752891165,-25370.595597453197,711467.0,-0.03565955356671947,170.6367346298176,,-0.0002134072352557,5.104394125290821e-05
ES,atlantic_to_iberia,2017-06-16,2017-06-25,10,2813.3087399999995,-0.6003804401240969,-24587.26988121327,852019.0,-0.0288576544434024,170.6367346298176,,-0.0002134072352557,5.104394125290821e-05
ES,atlantic_to_iberia,2017-08-04,2017-08-07,4,2774.7898999999998,-0.5921602409744402,-9700.2518301585,509804.0,-0.01902741412417027,170.6367346298176,,-0.0002134072352557,5.104394125290821e-05
ES,atlantic_to_iberia,2018-09-19,2018-09-26,8,3246.57675,-0.6928429682629359,-22699.0966493986,747971.0,-0.030347562471537803,170.6367346298176,,-0.0002134072352557,5.104394125290821e-05
ES,atlantic_to_iberia,2015-05-13,2015-05-15,3,2980.4210666666663,-0.6360434197351775,-7814.3308003003085,575954.0,-0.013567630054310428,170.6367346298176,,-0.0002134072352557,5.104394125290821e-05
ES,atlantic_to_iberia,2015-07-06,2015-07-30,25,2901.088404,-0.6191132555300113,-63386.07857380618,2330680.0,-0.027196388424754227,170.6367346298176,,-0.0002134072352557,5.104394125290821e-05
ES,atlantic_to_iberia,2016-05-19,2016-05-22,4,3177.847675,-0.6781756863855043,-11109.281724495138,541586.0,-0.020512497967996104,170.6367346298176,,-0.0002134072352557,5.104394125290821e-05
ES,atlantic_to_iberia,2016-08-18,2016-08-20,3,2858.9414,-0.6101187799320603,-7495.824696763325,260553.0,-0.02876890573803919,170.6367346298176,,-0.0002134072352557,5.104394125290821e-05
ES,atlantic_to_iberia,2016-09-04,2016-09-12,9,2895.9459555555554,-0.6180158198250374,-22778.539512015035,643300.0,-0.03540889089385207,170.6367346298176,,-0.0002134072352557,5.104394125290821e-05
ES,atlantic_to_iberia,2017-06-03,2017-06-06,4,2996.790475,-0.6395367699103659,-10476.332744947758,453608.0,-0.02309556433076083,170.6367346298176,,-0.0002134072352557,5.104394125290821e-05
ES,atlantic_to_iberia,2017-06-22,2017-06-26,5,2440.23018,-0.5207627761013192,-10663.351155682549,346214.0,-0.030799884336515995,170.6367346298176,,-0.0002134072352557,5.104394125290821e-05
ES,atlantic_to_iberia,2017-07-24,2017-07-28,5,3304.3348000000005,-0.7051689540271965,-14439.327321302973,457870.0,-0.03153586677725768,170.6367346298176,,-0.0002134072352557,5.104394125290821e-05
ES,atlantic_to_iberia,2017-08-04,2017-08-08,5,2882.27232,-0.6150977670652322,-12594.992934012407,654918.0,-0.019231404441491008,170.6367346298176,,-0.0002134072352557,5.104394125290821e-05
ES,atlantic_to_iberia,2017-09-12,2017-09-14,3,3243.247766666667,-0.692132539133557,-8503.433021433211,322549.0,-0.026363228599168533,170.6367346298176,,-0.0002134072352557,5.104394125290821e-05
ES,atlantic_to_iberia,2018-09-22,2018-09-26,5,3639.8372000000004,-0.7767675936328484,-15905.410289252442,632649.0,-0.02514097120085931,170.6367346298176,,-0.0002134072352557,5.104394125290821e-05
ES,atlantic_to_iberia,2019-05-10,2019-05-15,6,3687.681966666667,-0.7869780130086358,-19337.379604596827,881025.0,-0.02194872972344352,170.6367346298176,,-0.0002134072352557,5.104394125290821e-05
ES,atlantic_to_iberia,2020-05-19,2020-05-23,5,3435.2339999999995,-0.7331037903963792,-15011.332432557645,400501.0,-0.03748138564587266,170.6367346298176,,-0.0002134072352557,5.104394125290821e-05
ES,atlantic_to_iberia,2020-08-21,2020-08-28,8,3041.49805,-0.6490776898861028,-21265.247524460152,741174.0,-0.028691302615121622,170.6367346298176,,-0.0002134072352557,5.104394125290821e-05
ES,atlantic_to_iberia,2015-05-02,2015-05-04,3,2441.499,-0.5210335514695562,-6401.337397584629,510447.0,-0.012540650444776105,170.6367346298176,,-0.0002134072352557,5.104394125290821e-05
ES,atlantic_to_iberia,2015-05-13,2015-05-15,3,2980.4210666666663,-0.6360434197351775,-7814.3308003003085,575954.0,-0.013567630054310428,170.6367346298176,,-0.0002134072352557,5.104394125290821e-05
ES,atlantic_to_iberia,2015-07-05,2015-07-30,26,2877.5485153846157,-0.6140896729823749,-65386.62409818551,2433078.0,-0.026874035315836774,170.6367346298176,,-0.0002134072352557,5.104394125290821e-05
ES,atlantic_to_iberia,2015-08-07,2015-08-13,7,3002.1911571428573,-0.6406893145549679,-18366.622268043135,799112.0,-0.022983789841778294,170.6367346298176,,-0.0002134072352557,5.104394125290821e-05
ES,atlantic_to_iberia,2016-07-31,2016-08-05,6,3109.4093333333335,-0.663570449104936,-16305.04722702353,625322.0,-0.026074641907726785,170.6367346298176,,-0.0002134072352557,5.104394125290821e-05
ES,atlantic_to_iberia,2016-09-04,2016-09-12,9,2895.9459555555554,-0.6180158198250374,-22778.539512015035,643300.0,-0.03540889089385207,170.6367346298176,,-0.0002134072352557,5.104394125290821e-05
ES,atlantic_to_iberia,2017-06-15,2017-06-27,13,2740.269676923077,-0.5847933756071841,-31133.6163985886,1182728.0,-0.026323564165715702,170.6367346298176,,-0.0002134072352557,5.104394125290821e-05
ES,atlantic_to_iberia,2017-08-04,2017-08-08,5,2882.27232,-0.6150977670652322,-12594.992934012407,654918.0,-0.019231404441491008,170.6367346298176,,-0.0002134072352557,5.104394125290821e-05
ES,atlantic_to_iberia,2018-09-20,2018-09-26,7,3362.7784285714283,-0.717641247218936,-20572.601122266296,730656.0,-0.028156343234389775,170.6367346298176,,-0.0002134072352557,5.104394125290821e-05
ES,atlantic_to_iberia,2019-05-11,2019-05-16,6,3657.3907999999997,-0.7805136588776328,-19178.539500218485,849434.0,-0.02257802195369915,170.6367346298176,,-0.0002134072352557,5.104394125290821e-05
ES,atlantic_to_iberia,2020-05-19,2020-05-23,5,3435.2339999999995,-0.7331037903963792,-15011.332432557645,400501.0,-0.03748138564587266,170.6367346298176,,-0.0002134072352557,5.104394125290821e-05
ES,atlantic_to_iberia,2020-07-31,2020-08-03,4,3048.17545,-0.6505026953587992,-10655.966957176368,514295.0,-0.020719561646868757,170.6367346298176,,-0.0002134072352557,5.104394125290821e-05
ES,atlantic_to_iberia,2015-05-02,2015-05-15,14,2685.797507142857,-0.5731686204560082,-32862.01692039521,1993184.0,-0.016487196826983967,170.6367346298176,,-0.0002134072352557,5.104394125290821e-05
ES,atlantic_to_iberia,2015-06-28,2015-07-31,34,2787.894732352941,-0.5949569070153709,-82841.54714858407,3342018.0,-0.02478788179734043,170.6367346298176,,-0.0002134072352557,5.104394125290821e-05
ES,atlantic_to_iberia,2015-08-06,2015-08-14,9,2945.814233333333,-0.6286580711125561,-23170.786657918467,969499.0,-0.023899753024931913,170.6367346298176,,-0.0002134072352557,5.104394125290821e-05
ES,atlantic_to_iberia,2016-09-04,2016-09-12,9,2895.9459555555554,-0.6180158198250374,-22778.539512015035,643300.0,-0.03540889089385207,170.6367346298176,,-0.0002134072352557,5.104394125290821e-05
ES,atlantic_to_iberia,2017-06-18,2017-06-25,8,2595.8266,-0.5539681779092038,-18149.24562571323,631636.0,-0.028733709962246022,170.6367346298176,,-0.0002134072352557,5.104394125290821e-05
ES,atlantic_to_iberia,2017-08-04,2017-08-08,5,2882.27232,-0.6150977670652322,-12594.992934012407,654918.0,-0.019231404441491008,170.6367346298176,,-0.0002134072352557,5.104394125290821e-05
ES,atlantic_to_iberia,2018-09-19,2018-09-25,7,3302.333914285714,-0.704741950538848,-20202.81735302837,591395.0,-0.03416129211952818,170.6367346298176,,-0.0002134072352557,5.104394125290821e-05
ES,atlantic_to_iberia,2020-05-02,2020-05-04,3,2546.4405666666667,-0.5434288410752913,-6676.482452022275,432754.0,-0.015427893103292574,170.6367346298176,,-0.0002134072352557,5.104394125290821e-05
ES,atlantic_to_iberia,2020-05-19,2020-05-23,5,3435.2339999999995,-0.7331037903963792,-15011.332432557645,400501.0,-0.03748138564587266,170.6367346298176,,-0.0002134072352557,5.104394125290821e-05
ES,atlantic_to_iberia,2020-08-01,2020-08-03,3,3298.5846,-0.703941819743029,-8648.520011303195,459347.0,-0.018827857831450287,170.6367346298176,,-0.0002134072352557,5.104394125290821e-05
ES,atlantic_to_iberia,2020-08-22,2020-08-28,7,3155.057557142857,-0.6733121103424599,-19301.819022452197,632064.0,-0.030537760452188697,170.6367346298176,,-0.0002134072352557,5.104394125290821e-05
ES,atlantic_to_iberia,2015-05-02,2015-05-04,3,2441.499,-0.5210335514695562,-6401.337397584629,510447.0,-0.012540650444776105,170.6367346298176,,-0.0002134072352557,5.104394125290821e-05
ES,atlantic_to_iberia,2015-05-10,2015-05-14,5,2624.93286,-0.5601796643844374,-11470.467448390504,633339.0,-0.018111102345490335,170.6367346298176,,-0.0002134072352557,5.104394125290821e-05
ES,atlantic_to_iberia,2015-07-28,2015-08-13,17,2886.412670588235,-0.6159813478372568,-42884.490681431926,1764740.0,-0.024300741571807703,170.6367346298176,,-0.0002134072352557,5.104394125290821e-05
ES,atlantic_to_iberia,2016-09-04,2016-09-12,9,2895.9459555555554,-0.6180158198250374,-22778.539512015035,643300.0,-0.03540889089385207,170.6367346298176,,-0.0002134072352557,5.104394125290821e-05
ES,atlantic_to_iberia,2017-05-21,2017-05-25,5,3015.3939600000003,-0.6435068882103369,-13176.709693920835,542292.0,-0.024298181964552003,170.6367346298176,,-0.0002134072352557,5.104394125290821e-05
ES,atlantic_to_iberia,2017-06-24,2017-06-27,4,2503.6499750000003,-0.5342970192127525,-8752.387073367265,404553.0,-0.021634710590126054,170.6367346298176,,-0.0002134072352557,5.104394125290821e-05
ES,atlantic_to_iberia,2017-07-12,2017-07-14,3,3082.6439000000005,-0.6578585119768486,-8082.347639915535,298699.0,-0.027058502505584333,170.6367346298176,,-0.0002134072352557,5.104394125290821e-05
ES,atlantic_to_iberia,2018-09-23,2018-09-25,3,3892.7323333333334,-0.8307372448471366,-10206.30893731824,435719.0,-0.02342406215317266,170.6367346298176,,-0.0002134072352557,5.104394125290821e-05
ES,atlantic_to_iberia,2019-08-07,2019-08-09,3,2594.3798,-0.5536594203212359,-6802.173761807042,424966.0,-0.01600639524528325,170.6367346298176,,-0.0002134072352557,5.104394125290821e-05
ES,atlantic_to_iberia,2020-05-20,2020-05-23,4,3201.764675,-0.6832797472311148,-11192.89199099564,302948.0,-0.03694657826094128,170.6367346298176,,-0.0002134072352557,5.104394125290821e-05
ES,atlantic_to_iberia,2020-07-26,2020-08-02,8,2766.2265625,-0.5903327627940038,-19340.631357728158,925209.0,-0.020904067467705307,170.6367346298176,,-0.0002134072352557,5.104394125290821e-05
ES,atlantic_to_iberia,2020-08-09,2020-08-11,3,2190.046233333333,-0.46737171173782627,-5742.056357948956,339911.0,-0.016892822997634546,170.6367346298176,,-0.0002134072352557,5.104394125290821e-05
ES,atlantic_to_iberia,2015-05-02,2015-05-14,13,2619.852484615384,-0.5590954755195454,-29765.494602155624,1773125.0,-0.016787025507031723,170.6367346298176,,-0.0002134072352557,5.104394125290821e-05
ES,atlantic_to_iberia,2017-05-05,2017-05-09,5,3138.6174199999996,-0.669803666127578,-13715.173251730857,627887.0,-0.02184337826986521,170.6367346298176,,-0.0002134072352557,5.104394125290821e-05
ES,atlantic_to_iberia,2017-06-25,2017-06-27,3,2504.0944,-0.5343918627232809,-6565.45553768494,321302.0,-0.020433908091717263,170.6367346298176,,-0.0002134072352557,5.104394125290821e-05
ES,atlantic_to_iberia,2017-07-11,2017-07-14,4,2986.681475,-0.637379436169166,-10440.99318797767,344101.0,-0.030342815591868872,170.6367346298176,,-0.0002134072352557,5.104394125290821e-05
ES,atlantic_to_iberia,2017-07-28,2017-08-02,6,2526.6448833333334,-0.5392042990251273,-13249.160767297075,487101.0,-0.027200027853149705,170.6367346298176,,-0.0002134072352557,5.104394125290821e-05
ES,atlantic_to_iberia,2019-07-06,2019-07-12,7,3212.8964714285717,-0.6856553531303656,-19655.662410656172,582533.0,-0.03374171490826472,170.6367346298176,,-0.0002134072352557,5.104394125290821e-05
ES,atlantic_to_iberia,2019-08-07,2019-08-09,3,2594.3798,-0.5536594203212359,-6802.173761807042,424966.0,-0.01600639524528325,170.6367346298176,,-0.0002134072352557,5.104394125290821e-05
ES,atlantic_to_iberia,2019-09-28,2020-05-05,8,2657.1555625,-0.5670562222374294,-18578.0394459101,34699528.47368421,-0.0005353974610922887,170.6367346298176,,-0.0002134072352557,5.104394125290821e-05
ES,atlantic_to_iberia,2020-06-30,2020-07-02,3,2608.465333333333,-0.5566653750470045,-6839.10445532426,310956.0,-0.021993801230155586,170.6367346298176,,-0.0002134072352557,5.104394125290821e-05
ES,atlantic_to_iberia,2020-07-26,2020-08-02,8,2766.2265625,-0.5903327627940038,-19340.631357728158,925209.0,-0.020904067467705307,170.6367346298176,,-0.0002134072352557,5.104394125290821e-05
ES,atlantic_to_iberia,2015-05-02,2015-05-14,13,2619.852484615384,-0.5590954755195454,-29765.494602155624,1773125.0,-0.016787025507031723,170.6367346298176,,-0.0002134072352557,5.104394125290821e-05
ES,atlantic_to_iberia,2015-07-29,2015-07-31,3,2882.923533333333,-0.6152367407022605,-7558.703168956238,386427.0,-0.019560494398570074,170.6367346298176,,-0.0002134072352557,5.104394125290821e-05
ES,atlantic_to_iberia,2016-05-25,2016-05-27,3,2506.8857,-0.5349875463390501,-6572.774014193788,197122.0,-0.033343685708311546,170.6367346298176,,-0.0002134072352557,5.104394125290821e-05
ES,atlantic_to_iberia,2017-05-26,2017-05-28,3,2353.8809,-0.5023352149901988,-6171.612535835635,342643.0,-0.01801178642445821,170.6367346298176,,-0.0002134072352557,5.104394125290821e-05
ES,atlantic_to_iberia,2017-07-11,2017-07-14,4,2986.681475,-0.637379436169166,-10440.99318797767,344101.0,-0.030342815591868872,170.6367346298176,,-0.0002134072352557,5.104394125290821e-05
ES,atlantic_to_iberia,2017-07-31,2017-08-02,3,2677.0846,-0.5713092230316116,-7019.0165003048905,231045.0,-0.03037943474346941,170.6367346298176,,-0.0002134072352557,5.104394125290821e-05
ES,atlantic_to_iberia,2019-06-08,2019-06-13,6,2777.222783333333,-0.5926794358803066,-14563.135241403534,653888.0,-0.022271604986486268,170.6367346298176,,-0.0002134072352557,5.104394125290821e-05
ES,atlantic_to_iberia,2019-06-23,2019-06-27,5,2329.37334,-0.4971051243677357,-10178.927422783174,557897.0,-0.01824517325381419,170.6367346298176,,-0.0002134072352557,5.104394125290821e-05
ES,atlantic_to_iberia,2019-08-07,2019-08-11,5,2600.63692,-0.5549947350010991,-11364.298718079417,601155.0,-0.018904107456611717,170.6367346298176,,-0.0002134072352557,5.104394125290821e-05
ES,atlantic_to_iberia,2019-09-28,2020-05-07,10,2697.35927,-0.5756359843020332,-23573.914727212774,34909711.47368421,-0.0006752824280711505,170.6367346298176,,-0.0002134072352557,5.104394125290821e-05
ES,atlantic_to_iberia,2020-06-30,2020-07-02,3,2608.465333333333,-0.5566653750470045,-6839.10445532426,310956.0,-0.021993801230155586,170.6367346298176,,-0.0002134072352557,5.104394125290821e-05
ES,atlantic_to_iberia,2016-08-07,2016-08-12,6,3571.5730666666664,-0.7621995336710552,-18728.530496927793,1109293.0,-0.016883303596910638,170.6367346298176,,-0.0002134072352557,5.104394125290821e-05
ES,atlantic_to_iberia,2016-09-03,2016-09-06,4,3139.17695,-0.6699230738779208,-10974.094634851053,242382.0,-0.045276029716938775,170.6367346298176,,-0.0002134072352557,5.104394125290821e-05
ES,atlantic_to_iberia,2016-09-28,2017-05-03,6,2833.2734333333337,-0.6046410501310916,-14857.052316121919,27987463.0,-0.0005308466978990529,170.6367346298176,,-0.0002134072352557,5.104394125290821e-05
ES,atlantic_to_iberia,2017-05-16,2017-05-20,5,3137.57694,-0.6695816201674393,-13710.626548021759,492395.0,-0.027844772079370746,170.6367346298176,,-0.0002134072352557,5.104394125290821e-05
ES,atlantic_to_iberia,2017-06-16,2017-06-19,4,3221.626825,-0.6875184737488488,-11262.327106385235,447714.0,-0.025155181893765297,170.6367346298176,,-0.0002134072352557,5.104394125290821e-05
ES,atlantic_to_iberia,2018-08-02,2018-08-05,4,3968.0251749999998,-0.8468052820217651,-13871.624466381672,339968.0,-0.040802735746839916,170.6367346298176,,-0.0002134072352557,5.104394125290821e-05
ES,atlantic_to_iberia,2018-09-22,2018-09-27,6,3491.8097333333335,-0.7451774612296098,-18310.26941336997,708619.0,-0.02583937124656546,170.6367346298176,,-0.0002134072352557,5.104394125290821e-05
ES,atlantic_to_iberia,2019-05-12,2019-05-14,3,3988.7289333333333,-0.851223613847084,-10458.001289279462,468297.0,-0.022331984380167848,170.6367346298176,,-0.0002134072352557,5.104394125290821e-05
ES,atlantic_to_iberia,2019-05-29,2019-06-01,4,3545.91615,-0.756724162020036,-12395.994242168063,446170.0,-0.02778311908503051,170.6367346298176,,-0.0002134072352557,5.104394125290821e-05
ES,atlantic_to_iberia,2015-05-10,2015-05-17,8,3054.3056625,-0.6518109270599541,-21354.7945323926,1258712.0,-0.016965592234278057,170.6367346298176,,-0.0002134072352557,5.104394125290821e-05
ES,atlantic_to_iberia,2015-06-26,2015-06-28,3,2959.0843333333337,-0.6314900064651229,-7758.38827112911,180197.0,-0.04305503571718236,170.6367346298176,,-0.0002134072352557,5.104394125290821e-05
ES,atlantic_to_iberia,2016-09-03,2016-09-06,4,3139.17695,-0.6699230738779208,-10974.094634851053,242382.0,-0.045276029716938775,170.6367346298176,,-0.0002134072352557,5.104394125290821e-05
ES,atlantic_to_iberia,2017-06-07,2017-06-18,12,2963.3007999999995,-0.6323898309590039,-31077.773501168664,1082932.0,-0.028697806973262092,170.6367346298176,,-0.0002134072352557,5.104394125290821e-05
ES,atlantic_to_iberia,2017-07-12,2017-07-14,3,3082.6439000000005,-0.6578585119768486,-8082.347639915535,298699.0,-0.027058502505584333,170.6367346298176,,-0.0002134072352557,5.104394125290821e-05
ES,atlantic_to_iberia,2018-08-02,2018-08-05,4,3968.0251749999998,-0.8468052820217651,-13871.624466381672,339968.0,-0.040802735746839916,170.6367346298176,,-0.0002134072352557,5.104394125290821e-05
ES,atlantic_to_iberia,2018-09-21,2018-09-26,6,3543.5308333333337,-0.7562151181849934,-18581.4832960496,683225.0,-0.027196726255698488,170.6367346298176,,-0.0002134072352557,5.104394125290821e-05
ES,atlantic_to_iberia,2020-07-16,2020-07-20,5,3419.2053800000003,-0.7296831669172151,-14941.290350051728,687406.0,-0.02173575783460099,170.6367346298176,,-0.0002134072352557,5.104394125290821e-05
ES,atlantic_to_iberia,2015-05-10,2015-05-14,5,2624.93286,-0.5601796643844374,-11470.467448390504,633339.0,-0.018111102345490335,170.6367346298176,,-0.0002134072352557,5.104394125290821e-05
ES,atlantic_to_iberia,2016-09-03,2016-09-07,5,2902.4252,-0.6193985374684722,-12683.057264172578,322407.0,-0.03933865351612272,170.6367346298176,,-0.0002134072352557,5.104394125290821e-05
ES,atlantic_to_iberia,2017-06-11,2017-06-19,9,2959.171577777777,-0.6315086250608031,-23275.8510489233,916717.0,-0.025390443341754654,170.6367346298176,,-0.0002134072352557,5.104394125290821e-05
ES,atlantic_to_iberia,2017-07-12,2017-07-14,3,3082.6439000000005,-0.6578585119768486,-8082.347639915535,298699.0,-0.027058502505584333,170.6367346298176,,-0.0002134072352557,5.104394125290821e-05
ES,atlantic_to_iberia,2018-08-02,2018-08-04,3,3825.9961333333335,-0.8164952569136652,-10031.334082594694,261094.0,-0.03842039297185954,170.6367346298176,,-0.0002134072352557,5.104394125290821e-05
ES,atlantic_to_iberia,2018-09-22,2018-09-26,5,3639.8372000000004,-0.7767675936328484,-15905.410289252442,632649.0,-0.02514097120085931,170.6367346298176,,-0.0002134072352557,5.104394125290821e-05
ES,atlantic_to_iberia,2015-05-10,2015-05-14,5,2624.93286,-0.5601796643844374,-11470.467448390504,633339.0,-0.018111102345490335,170.6367346298176,,-0.0002134072352557,5.104394125290821e-05
ES,atlantic_to_iberia,2015-06-27,2015-06-29,3,2970.049033333333,-0.633829952777531,-7787.136488582114,198428.0,-0.03924414139426953,170.6367346298176,,-0.0002134072352557,5.104394125290821e-05
ES,atlantic_to_iberia,2015-07-05,2015-07-21,17,2770.691064705882,-0.5912855198665541,-41165.17238032055,1512141.0,-0.02722310444615982,170.6367346298176,,-0.0002134072352557,5.104394125290821e-05
ES,atlantic_to_iberia,2016-09-04,2016-09-07,4,2907.666075,-0.6205169781125428,-10164.767129038686,265123.0,-0.03833981634576663,170.6367346298176,,-0.0002134072352557,5.104394125290821e-05
ES,atlantic_to_iberia,2017-06-11,2017-06-18,8,3033.8855624999997,-0.6474531299753091,-21212.023281569593,780543.0,-0.027175982977964818,170.6367346298176,,-0.0002134072352557,5.104394125290821e-05
ES,atlantic_to_iberia,2017-07-11,2017-07-14,4,2986.681475,-0.637379436169166,-10440.99318797767,344101.0,-0.030342815591868872,170.6367346298176,,-0.0002134072352557,5.104394125290821e-05
ES,atlantic_to_iberia,2017-08-03,2017-08-06,4,2904.74325,-0.6198932261101566,-10154.54936856771,434847.0,-0.02335200511574809,170.6367346298176,,-0.0002134072352557,5.104394125290821e-05
ES,atlantic_to_iberia,2018-08-03,2018-08-06,4,3739.7955500000003,-0.7980994287470701,-13073.767721406988,317865.0,-0.04112993793405058,170.6367346298176,,-0.0002134072352557,5.104394125290821e-05
ES,atlantic_to_iberia,2018-09-22,2018-09-25,4,3835.72735,-0.8185719689581727,-13409.130992882208,476073.0,-0.028166123667761476,170.6367346298176,,-0.0002134072352557,5.104394125290821e-05
ES,atlantic_to_iberia,2020-05-02,2020-05-04,3,2546.4405666666667,-0.5434288410752913,-6676.482452022275,432754.0,-0.015427893103292574,170.6367346298176,,-0.0002134072352557,5.104394125290821e-05
ES,atlantic_to_iberia,2020-05-21,2020-05-24,4,3127.4811,-0.6674270948654554,-10933.207686845453,404498.0,-0.02702907724351036,170.6367346298176,,-0.0002134072352557,5.104394125290821e-05
ES,atlantic_to_iberia,2015-05-02,2015-05-04,3,2441.499,-0.5210335514695562,-6401.337397584629,510447.0,-0.012540650444776105,170.6367346298176,,-0.0002134072352557,5.104394125290821e-05
ES,atlantic_to_iberia,2015-05-11,2015-05-14,4,2583.741575,-0.5513891461359578,-9032.375367068462,524093.0,-0.01723429881160111,170.6367346298176,,-0.0002134072352557,5.104394125290821e-05
ES,atlantic_to_iberia,2015-06-27,2015-07-16,20,2752.5705700000003,-0.5874184751899063,-48112.88182446342,2003277.0,-0.024017088912049317,170.6367346298176,,-0.0002134072352557,5.104394125290821e-05
ES,atlantic_to_iberia,2015-07-27,2015-07-29,3,2889.152666666667,-0.6165660828249664,-7575.035260085995,269448.0,-0.02811316194622337,170.6367346298176,,-0.0002134072352557,5.104394125290821e-05
ES,atlantic_to_iberia,2016-06-08,2016-06-13,6,3154.0806666666667,-0.6731036348467885,-16539.293709751262,619371.0,-0.026703371177777557,170.6367346298176,,-0.0002134072352557,5.104394125290821e-05
ES,atlantic_to_iberia,2016-09-04,2016-09-12,9,2895.9459555555554,-0.6180158198250374,-22778.539512015035,643300.0,-0.03540889089385207,170.6367346298176,,-0.0002134072352557,5.104394125290821e-05
ES,atlantic_to_iberia,2017-06-11,2017-06-18,8,3033.8855624999997,-0.6474531299753091,-21212.023281569593,780543.0,-0.027175982977964818,170.6367346298176,,-0.0002134072352557,5.104394125290821e-05
ES,atlantic_to_iberia,2017-07-11,2017-07-15,5,3090.94352,-0.6596297109347214,-13506.847192645362,500956.0,-0.026962142768317703,170.6367346298176,,-0.0002134072352557,5.104394125290821e-05
ES,atlantic_to_iberia,2017-07-28,2017-08-07,11,2625.9562363636364,-0.5603980603048271,-25244.866707271016,1052828.0,-0.023978149049294867,170.6367346298176,,-0.0002134072352557,5.104394125290821e-05
ES,atlantic_to_iberia,2018-09-22,2018-09-25,4,3835.72735,-0.8185719689581727,-13409.130992882208,476073.0,-0.028166123667761476,170.6367346298176,,-0.0002134072352557,5.104394125290821e-05
ES,atlantic_to_iberia,2019-09-29,2020-05-04,6,2638.49905,-0.5630747874852909,-13835.699004797068,34560734.47368421,-0.0004003300050041491,170.6367346298176,,-0.0002134072352557,5.104394125290821e-05
ES,atlantic_to_iberia,2020-05-21,2020-05-23,3,3005.2188,-0.6413354354464524,-7879.347684502187,253782.0,-0.031047701115532966,170.6367346298176,,-0.0002134072352557,5.104394125290821e-05
ES,atlantic_to_iberia,2020-07-26,2020-08-09,15,2884.6622266666664,-0.6156077904394847,-37816.30914237745,1629915.0,-0.0232013995468337,170.6367346298176,,-0.0002134072352557,5.104394125290821e-05
ES,atlantic_to_iberia,2020-08-21,2020-08-27,7,2995.3732285714286,-0.6392343192683685,-18324.91195974914,571951.0,-0.03203930399588276,170.6367346298176,,-0.0002134072352557,5.104394125290821e-05
ES,atlantic_to_iberia,2015-05-02,2015-05-04,3,2441.499,-0.5210335514695562,-6401.337397584629,510447.0,-0.012540650444776105,170.6367346298176,,-0.0002134072352557,5.104394125290821e-05
ES,atlantic_to_iberia,2015-05-12,2015-05-14,3,2620.1309333333334,-0.5591548984906035,-6869.690354210667,441291.0,-0.01556725687632575,170.6367346298176,,-0.0002134072352557,5.104394125290821e-05
ES,atlantic_to_iberia,2015-06-28,2015-07-08,11,2540.5671272727272,-0.5421754066127888,-24423.970818983973,1209404.0,-0.020195047162886823,170.6367346298176,,-0.0002134072352557,5.104394125290821e-05
ES,atlantic_to_iberia,2015-07-22,2015-07-29,8,3061.2269375,-0.6532879772221486,-21403.18602357237,771388.0,-0.02774633002272834,170.6367346298176,,-0.0002134072352557,5.104394125290821e-05
ES,atlantic_to_iberia,2016-06-09,2016-06-13,5,3182.44554,-0.6791569040432333,-13906.693968868041,559071.0,-0.024874647350458245,170.6367346298176,,-0.0002134072352557,5.104394125290821e-05
ES,atlantic_to_iberia,2016-09-04,2016-09-07,4,2907.666075,-0.6205169781125428,-10164.767129038686,265123.0,-0.03833981634576663,170.6367346298176,,-0.0002134072352557,5.104394125290821e-05
ES,atlantic_to_iberia,2017-06-15,2017-06-17,3,3433.5375999999997,-0.7327417663624914,-9002.35168840658,314770.0,-0.02859977662549347,170.6367346298176,,-0.0002134072352557,5.104394125290821e-05
ES,atlantic_to_iberia,2017-07-28,2017-08-08,12,2683.1433833333335,-0.5726022112317916,-28139.607811124923,1197942.0,-0.023489958454687224,170.6367346298176,,-0.0002134072352557,5.104394125290821e-05
ES,atlantic_to_iberia,2018-09-22,2018-09-24,3,3879.9299333333333,-0.828005120058499,-10172.742475935771,318934.0,-0.0318960740339248,170.6367346298176,,-0.0002134072352557,5.104394125290821e-05
ES,atlantic_to_iberia,2019-08-07,2019-08-10,4,2568.895275,-0.5482208382991811,-8980.474915525776,495536.0,-0.01812274974073685,170.6367346298176,,-0.0002134072352557,5.104394125290821e-05
ES,atlantic_to_iberia,2020-05-20,2020-05-23,4,3201.764675,-0.6832797472311148,-11192.89199099564,302948.0,-0.03694657826094128,170.6367346298176,,-0.0002134072352557,5.104394125290821e-05
ES,atlantic_to_iberia,2020-08-22,2020-08-28,7,3155.057557142857,-0.6733121103424599,-19301.819022452197,632064.0,-0.030537760452188697,170.6367346298176,,-0.0002134072352557,5.104394125290821e-05
ES,atlantic_to_iberia,2015-05-03,2015-05-15,13,2699.3603384615385,-0.5760630267899676,-30668.824315711667,1828491.0,-0.016772751036626194,170.6367346298176,,-0.0002134072352557,5.104394125290821e-05
ES,atlantic_to_iberia,2015-06-28,2015-07-08,11,2540.5671272727272,-0.5421754066127888,-24423.970818983973,1209404.0,-0.020195047162886823,170.6367346298176,,-0.0002134072352557,5.104394125290821e-05
ES,atlantic_to_iberia,2015-07-14,2015-07-30,17,2848.9819941176474,-0.6079933706579181,-42328.36940582255,1526193.0,-0.027734611157188213,170.6367346298176,,-0.0002134072352557,5.104394125290821e-05
ES,atlantic_to_iberia,2015-08-12,2015-08-14,3,2877.793766666667,-0.6141420113804205,-7545.253494307913,397894.0,-0.018962973792788815,170.6367346298176,,-0.0002134072352557,5.104394125290821e-05
ES,atlantic_to_iberia,2016-09-04,2016-09-07,4,2907.666075,-0.6205169781125428,-10164.767129038686,265123.0,-0.03833981634576663,170.6367346298176,,-0.0002134072352557,5.104394125290821e-05
ES,atlantic_to_iberia,2017-06-24,2017-06-28,5,2536.7990400000003,-0.541371269525714,-11085.339078512006,702789.0,-0.015773353138014406,170.6367346298176,,-0.0002134072352557,5.104394125290821e-05
ES,atlantic_to_iberia,2017-08-02,2017-08-08,7,2809.0505285714285,-0.5994717069959913,-17185.03829023947,787951.0,-0.021809780418121774,170.6367346298176,,-0.0002134072352557,5.104394125290821e-05
ES,atlantic_to_iberia,2018-08-04,2018-08-06,3,3617.8963999999996,-0.77208526816555,-9485.719849120069,236898.0,-0.040041367378027964,170.6367346298176,,-0.0002134072352557,5.104394125290821e-05
ES,atlantic_to_iberia,2018-09-22,2018-09-25,4,3835.72735,-0.8185719689581727,-13409.130992882208,476073.0,-0.028166123667761476,170.6367346298176,,-0.0002134072352557,5.104394125290821e-05
ES,atlantic_to_iberia,2020-05-03,2020-05-07,5,2613.93388,-0.5578324024720047,-11422.403955423488,603306.0,-0.018933018991065045,170.6367346298176,,-0.0002134072352557,5.104394125290821e-05
ES,atlantic_to_iberia,2020-05-20,2020-05-23,4,3201.764675,-0.6832797472311148,-11192.89199099564,302948.0,-0.03694657826094128,170.6367346298176,,-0.0002134072352557,5.104394125290821e-05
ES,atlantic_to_iberia,2020-08-22,2020-08-29,8,3196.3151124999995,-0.6821167711646365,-22347.682265811476,852770.0,-0.02620599020346808,170.6367346298176,,-0.0002134072352557,5.104394125290821e-05
ES,atlantic_to_iberia,2015-05-03,2015-05-05,3,2472.6901666666668,-0.5276899721122894,-6483.117149146122,512525.0,-0.012649367638936876,170.6367346298176,,-0.0002134072352557,5.104394125290821e-05
ES,atlantic_to_iberia,2015-05-13,2015-05-15,3,2980.4210666666663,-0.6360434197351775,-7814.3308003003085,575954.0,-0.013567630054310428,170.6367346298176,,-0.0002134072352557,5.104394125290821e-05
ES,atlantic_to_iberia,2015-06-29,2015-07-08,10,2488.0422399999998,-0.5309662156377988,-21744.56189644454,1150502.0,-0.018900064403577343,170.6367346298176,,-0.0002134072352557,5.104394125290821e-05
ES,atlantic_to_iberia,2015-07-22,2015-07-30,9,3079.3903666666665,-0.6571641844233695,-24221.45171786494,920937.0,-0.026300878038199072,170.6367346298176,,-0.0002134072352557,5.104394125290821e-05
ES,atlantic_to_iberia,2017-08-01,2017-08-08,8,2803.51125,-0.5982895848707516,-19601.314776071842,846633.0,-0.023152079798533533,170.6367346298176,,-0.0002134072352557,5.104394125290821e-05
ES,atlantic_to_iberia,2018-08-04,2018-08-06,3,3617.8963999999996,-0.77208526816555,-9485.719849120069,236898.0,-0.040041367378027964,170.6367346298176,,-0.0002134072352557,5.104394125290821e-05
ES,atlantic_to_iberia,2020-05-03,2020-05-07,5,2613.93388,-0.5578324024720047,-11422.403955423488,603306.0,-0.018933018991065045,170.6367346298176,,-0.0002134072352557,5.104394125290821e-05
ES,atlantic_to_iberia,2020-05-20,2020-05-23,4,3201.764675,-0.6832797472311148,-11192.89199099564,302948.0,-0.03694657826094128,170.6367346298176,,-0.0002134072352557,5.104394125290821e-05
ES,atlantic_to_iberia,2020-08-27,2020-08-29,3,3197.534933333333,-0.6823770897561856,-8383.579083517929,459308.0,-0.018252630225290934,170.6367346298176,,-0.0002134072352557,5.104394125290821e-05
ES,atlantic_to_iberia,2020-09-19,2020-09-25,7,2586.1016857142854,-0.5518928108383908,-15821.095433998615,964273.0,-0.016407278264556423,170.6367346298176,,-0.0002134072352557,5.104394125290821e-05
ES,atlantic_to_iberia,2015-05-03,2015-05-05,3,2472.6901666666668,-0.5276899721122894,-6483.117149146122,512525.0,-0.012649367638936876,170.6367346298176,,-0.0002134072352557,5.104394125290821e-05
ES,atlantic_to_iberia,2015-05-12,2015-05-15,4,2850.8689,-0.6083960500254586,-9966.212672450247,661350.0,-0.015069498257277155,170.6367346298176,,-0.0002134072352557,5.104394125290821e-05
ES,atlantic_to_iberia,2015-07-01,2015-07-07,7,2395.8042714285716,-0.5112819657793681,-14656.905499438528,797298.0,-0.01838322120391438,170.6367346298176,,-0.0002134072352557,5.104394125290821e-05
ES,atlantic_to_iberia,2015-07-25,2015-07-29,5,3023.22874,-0.6451788869489735,-13210.946222528772,480777.0,-0.0274783240931425,170.6367346298176,,-0.0002134072352557,5.104394125290821e-05
ES,atlantic_to_iberia,2017-06-13,2017-06-18,6,3035.612466666666,-0.6478216638190689,-15918.072960461956,562166.0,-0.02831560955387191,170.6367346298176,,-0.0002134072352557,5.104394125290821e-05
ES,atlantic_to_iberia,2017-06-26,2017-06-28,3,2408.5585,-0.5140038104366159,-6314.9710896135275,534558.0,-0.011813444171845763,170.6367346298176,,-0.0002134072352557,5.104394125290821e-05
ES,atlantic_to_iberia,2017-07-28,2017-08-08,12,2683.1433833333335,-0.5726022112317916,-28139.607811124923,1197942.0,-0.023489958454687224,170.6367346298176,,-0.0002134072352557,5.104394125290821e-05
ES,atlantic_to_iberia,2020-05-20,2020-05-22,3,3193.9867,-0.6816198710904768,-8374.276012440685,144324.0,-0.05802414021535354,170.6367346298176,,-0.0002134072352557,5.104394125290821e-05
ES,atlantic_to_iberia,2020-09-23,2020-09-25,3,2673.8626333333336,-0.5706216320331923,-7010.5688639482505,666507.0,-0.010518372446123221,170.6367346298176,,-0.0002134072352557,5.104394125290821e-05
ES,atlantic_to_iberia,2016-09-04,2016-09-06,3,3225.0820333333336,-0.688255840206498,-8455.80449971716,185098.0,-0.045682851785093084,170.6367346298176,,-0.0002134072352557,5.104394125290821e-05
ES,atlantic_to_iberia,2016-09-28,2017-05-03,6,2833.2734333333337,-0.6046410501310916,-14857.052316121919,27987463.0,-0.0005308466978990529,170.6367346298176,,-0.0002134072352557,5.104394125290821e-05
ES,atlantic_to_iberia,2017-06-17,2017-06-19,3,3119.7719666666667,-0.6657819100345712,-8179.69327948096,331523.0,-0.024673079332296583,170.6367346298176,,-0.0002134072352557,5.104394125290821e-05
ES,atlantic_to_iberia,2018-08-02,2018-08-05,4,3968.0251749999998,-0.8468052820217651,-13871.624466381672,339968.0,-0.040802735746839916,170.6367346298176,,-0.0002134072352557,5.104394125290821e-05
ES,atlantic_to_iberia,2018-09-24,2018-09-27,4,3299.9237000000003,-0.70422759337176,-11536.041309040522,594965.0,-0.019389445276681017,170.6367346298176,,-0.0002134072352557,5.104394125290821e-05
ES,atlantic_to_iberia,2019-05-12,2019-05-14,3,3988.7289333333333,-0.851223613847084,-10458.001289279462,468297.0,-0.022331984380167848,170.6367346298176,,-0.0002134072352557,5.104394125290821e-05
ES,atlantic_to_iberia,2019-05-29,2019-06-01,4,3545.91615,-0.756724162020036,-12395.994242168063,446170.0,-0.02778311908503051,170.6367346298176,,-0.0002134072352557,5.104394125290821e-05
ES,atlantic_to_iberia,2020-07-15,2020-07-17,3,3811.9778,-0.8135036431541057,-9994.579579963942,604650.0,-0.016529528785188027,170.6367346298176,,-0.0002134072352557,5.104394125290821e-05
ES,atlantic_to_iberia,2020-09-08,2020-09-13,6,3500.832383333334,-0.7471029600207897,-18357.582172351496,633937.0,-0.028958054463379637,170.6367346298176,,-0.0002134072352557,5.104394125290821e-05
ES,atlantic_to_iberia,2015-05-10,2015-05-13,4,2572.74365,-0.5490421093681582,-8993.928260817573,419737.0,-0.021427532623565643,170.6367346298176,,-0.0002134072352557,5.104394125290821e-05
ES,atlantic_to_iberia,2015-06-27,2015-06-29,3,2970.049033333333,-0.633829952777531,-7787.136488582114,198428.0,-0.03924414139426953,170.6367346298176,,-0.0002134072352557,5.104394125290821e-05
ES,atlantic_to_iberia,2016-09-04,2016-09-06,3,3225.0820333333336,-0.688255840206498,-8455.80449971716,185098.0,-0.045682851785093084,170.6367346298176,,-0.0002134072352557,5.104394125290821e-05
ES,atlantic_to_iberia,2017-06-07,2017-06-19,13,2917.0053307692306,-0.6225100428656002,-33141.60126852238,1219106.0,-0.02718516787590446,170.6367346298176,,-0.0002134072352557,5.104394125290821e-05
ES,atlantic_to_iberia,2018-08-02,2018-08-06,5,3690.7058399999996,-0.7876233294564657,-16127.696766805962,402620.0,-0.04005686942229885,170.6367346298176,,-0.0002134072352557,5.104394125290821e-05
ES,atlantic_to_iberia,2018-09-22,2018-09-26,5,3639.8372000000004,-0.7767675936328484,-15905.410289252442,632649.0,-0.02514097120085931,170.6367346298176,,-0.0002134072352557,5.104394125290821e-05
ES,atlantic_to_iberia,2019-05-12,2019-05-14,3,3988.7289333333333,-0.851223613847084,-10458.001289279462,468297.0,-0.022331984380167848,170.6367346298176,,-0.0002134072352557,5.104394125290821e-05
ES,atlantic_to_iberia,2020-07-05,2020-07-07,3,3689.5849999999996,-0.7873841340909018,-9673.679342923051,445887.0,-0.021695360804246482,170.6367346298176,,-0.0002134072352557,5.104394125290821e-05
ES,atlantic_to_iberia,2020-07-16,2020-07-20,5,3419.2053800000003,-0.7296831669172151,-14941.290350051728,687406.0,-0.02173575783460099,170.6367346298176,,-0.0002134072352557,5.104394125290821e-05
ES,atlantic_to_iberia,2015-05-10,2015-05-13,4,2572.74365,-0.5490421093681582,-8993.928260817573,419737.0,-0.021427532623565643,170.6367346298176,,-0.0002134072352557,5.104394125290821e-05
ES,atlantic_to_iberia,2015-06-27,2015-06-29,3,2970.049033333333,-0.633829952777531,-7787.136488582114,198428.0,-0.03924414139426953,170.6367346298176,,-0.0002134072352557,5.104394125290821e-05
ES,atlantic_to_iberia,2016-09-04,2016-09-07,4,2907.666075,-0.6205169781125428,-10164.767129038686,265123.0,-0.03833981634576663,170.6367346298176,,-0.0002134072352557,5.104394125290821e-05
ES,atlantic_to_iberia,2017-06-11,2017-06-18,8,3033.8855624999997,-0.6474531299753091,-21212.023281569593,780543.0,-0.027175982977964818,170.6367346298176,,-0.0002134072352557,5.104394125290821e-05
ES,atlantic_to_iberia,2017-07-12,2017-07-16,5,3136.1258800000005,-0.6692719534646493,-13704.285686223238,584778.0,-0.02343502266881319,170.6367346298176,,-0.0002134072352557,5.104394125290821e-05
ES,atlantic_to_iberia,2018-08-02,2018-08-05,4,3968.0251749999998,-0.8468052820217651,-13871.624466381672,339968.0,-0.040802735746839916,170.6367346298176,,-0.0002134072352557,5.104394125290821e-05
ES,atlantic_to_iberia,2018-09-21,2018-09-25,5,3680.98168,-0.7855481233556818,-16085.203999679365,526649.0,-0.030542551110282874,170.6367346298176,,-0.0002134072352557,5.104394125290821e-05
ES,atlantic_to_iberia,2019-05-13,2019-05-15,3,4029.3062666666665,-0.8598831103677995,-10564.390520387451,374834.0,-0.028184184253262648,170.6367346298176,,-0.0002134072352557,5.104394125290821e-05
ES,atlantic_to_iberia,2020-07-16,2020-07-20,5,3419.2053800000003,-0.7296831669172151,-14941.290350051728,687406.0,-0.02173575783460099,170.6367346298176,,-0.0002134072352557,5.104394125290821e-05
ES,atlantic_to_iberia,2020-07-26,2020-07-29,4,2711.59995,-0.5786750484489943,-9479.349185192437,422127.0,-0.022456154629276113,170.6367346298176,,-0.0002134072352557,5.104394125290821e-05
ES,atlantic_to_iberia,2015-05-10,2015-05-14,5,2624.93286,-0.5601796643844374,-11470.467448390504,633339.0,-0.018111102345490335,170.6367346298176,,-0.0002134072352557,5.104394125290821e-05
ES,atlantic_to_iberia,2015-06-27,2015-06-29,3,2970.049033333333,-0.633829952777531,-7787.136488582114,198428.0,-0.03924414139426953,170.6367346298176,,-0.0002134072352557,5.104394125290821e-05
ES,atlantic_to_iberia,2015-07-06,2015-07-15,10,3015.4109999999996,-0.6435105246696255,-26353.568311090938,980704.0,-0.026872092202225074,170.6367346298176,,-0.0002134072352557,5.104394125290821e-05
ES,atlantic_to_iberia,2016-09-04,2016-09-07,4,2907.666075,-0.6205169781125428,-10164.767129038686,265123.0,-0.03833981634576663,170.6367346298176,,-0.0002134072352557,5.104394125290821e-05
ES,atlantic_to_iberia,2017-06-11,2017-06-18,8,3033.8855624999997,-0.6474531299753091,-21212.023281569593,780543.0,-0.027175982977964818,170.6367346298176,,-0.0002134072352557,5.104394125290821e-05
ES,atlantic_to_iberia,2017-07-12,2017-07-16,5,3136.1258800000005,-0.6692719534646493,-13704.285686223238,584778.0,-0.02343502266881319,170.6367346298176,,-0.0002134072352557,5.104394125290821e-05
ES,atlantic_to_iberia,2018-08-01,2018-08-04,4,3707.8823500000003,-0.7912889209669078,-12962.203931764318,370928.0,-0.03494533691650217,170.6367346298176,,-0.0002134072352557,5.104394125290821e-05
ES,atlantic_to_iberia,2018-09-22,2018-09-25,4,3835.72735,-0.8185719689581727,-13409.130992882208,476073.0,-0.028166123667761476,170.6367346298176,,-0.0002134072352557,5.104394125290821e-05
ES,atlantic_to_iberia,2019-09-30,2020-05-04,5,2659.6941799999995,-0.5675979815794759,-11622.367939103657,34462579.47368421,-0.000337246025010361,170.6367346298176,,-0.0002134072352557,5.104394125290821e-05
ES,atlantic_to_iberia,2020-07-26,2020-07-31,6,2635.9612,-0.5625331919332973,-13822.39108690363,609284.0,-0.02268628601260435,170.6367346298176,,-0.0002134072352557,5.104394125290821e-05
ES,atlantic_to_iberia,2015-05-02,2015-05-14,13,2619.852484615384,-0.5590954755195454,-29765.494602155624,1773125.0,-0.016787025507031723,170.6367346298176,,-0.0002134072352557,5.104394125290821e-05
ES,atlantic_to_iberia,2015-06-27,2015-07-15,19,2774.1987947368425,-0.5920340948344848,-46066.38071782677,1912890.0,-0.02408208559709485,170.6367346298176,,-0.0002134072352557,5.104394125290821e-05
ES,atlantic_to_iberia,2016-09-03,2016-09-12,10,2894.4975299999996,-0.6177067153317525,-25296.829647148923,700584.0,-0.03610820350899952,170.6367346298176,,-0.0002134072352557,5.104394125290821e-05
ES,atlantic_to_iberia,2017-06-10,2017-06-23,14,2796.866042857143,-0.596871449586693,-34220.99357081633,1214040.0,-0.028187698569088607,170.6367346298176,,-0.0002134072352557,5.104394125290821e-05
ES,atlantic_to_iberia,2017-07-12,2017-07-15,4,3188.9808500000004,-0.6805515864818722,-11148.201644583223,455554.0,-0.02447174570870462,170.6367346298176,,-0.0002134072352557,5.104394125290821e-05
ES,atlantic_to_iberia,2017-07-28,2017-08-05,9,2626.7978555555555,-0.5605776679297128,-20661.51083657567,751075.0,-0.02750925118873038,170.6367346298176,,-0.0002134072352557,5.104394125290821e-05
ES,atlantic_to_iberia,2018-09-22,2018-09-25,4,3835.72735,-0.8185719689581727,-13409.130992882208,476073.0,-0.028166123667761476,170.6367346298176,,-0.0002134072352557,5.104394125290821e-05
ES,atlantic_to_iberia,2019-09-29,2020-05-04,6,2638.49905,-0.5630747874852909,-13835.699004797068,34560734.47368421,-0.0004003300050041491,170.6367346298176,,-0.0002134072352557,5.104394125290821e-05
ES,atlantic_to_iberia,2020-07-26,2020-07-31,6,2635.9612,-0.5625331919332973,-13822.39108690363,609284.0,-0.02268628601260435,170.6367346298176,,-0.0002134072352557,5.104394125290821e-05
ES,atlantic_to_iberia,2020-08-07,2020-08-09,3,2261.1780333333336,-0.48255175251458776,-5928.5559844069285,274560.0,-0.021592934092391203,170.6367346298176,,-0.0002134072352557,5.104394125290821e-05
ES,atlantic_to_iberia,2015-05-02,2015-05-04,3,2441.499,-0.5210335514695562,-6401.337397584629,510447.0,-0.012540650444776105,170.6367346298176,,-0.0002134072352557,5.104394125290821e-05
ES,atlantic_to_iberia,2015-05-12,2015-05-14,3,2620.1309333333334,-0.5591548984906035,-6869.690354210667,441291.0,-0.01556725687632575,170.6367346298176,,-0.0002134072352557,5.104394125290821e-05
ES,atlantic_to_iberia,2015-06-27,2015-07-15,19,2774.1987947368425,-0.5920340948344848,-46066.38071782677,1912890.0,-0.02408208559709485,170.6367346298176,,-0.0002134072352557,5.104394125290821e-05
ES,atlantic_to_iberia,2015-07-24,2015-07-29,6,2987.718166666667,-0.6376006736715621,-15666.925961244568,620129.0,-0.02526397888382025,170.6367346298176,,-0.0002134072352557,5.104394125290821e-05
ES,atlantic_to_iberia,2016-06-08,2016-06-13,6,3154.0806666666667,-0.6731036348467885,-16539.293709751262,619371.0,-0.026703371177777557,170.6367346298176,,-0.0002134072352557,5.104394125290821e-05
ES,atlantic_to_iberia,2016-09-03,2016-09-08,6,2858.013716666667,-0.6099208055967009,-14986.784829572473,405488.0,-0.03695987262156333,170.6367346298176,,-0.0002134072352557,5.104394125290821e-05
ES,atlantic_to_iberia,2017-06-11,2017-06-17,7,3016.0730714285714,-0.6436518155027388,-18451.548198038116,689386.0,-0.02676519134133579,170.6367346298176,,-0.0002134072352557,5.104394125290821e-05
ES,atlantic_to_iberia,2017-07-28,2017-08-05,9,2626.7978555555555,-0.5605776679297128,-20661.51083657567,751075.0,-0.02750925118873038,170.6367346298176,,-0.0002134072352557,5.104394125290821e-05
ES,atlantic_to_iberia,2018-08-03,2018-08-06,4,3739.7955500000003,-0.7980994287470701,-13073.767721406988,317865.0,-0.04112993793405058,170.6367346298176,,-0.0002134072352557,5.104394125290821e-05
ES,atlantic_to_iberia,2018-09-21,2018-09-24,4,3675.4472,-0.7843670252803039,-12848.815482732925,369510.0,-0.03477257850324193,170.6367346298176,,-0.0002134072352557,5.104394125290821e-05
ES,atlantic_to_iberia,2019-09-29,2020-05-03,5,2684.1206599999996,-0.5728107691433046,-11729.107104888933,34334401.47368421,-0.0003416138508742834,170.6367346298176,,-0.0002134072352557,5.104394125290821e-05
ES,atlantic_to_iberia,2020-07-27,2020-08-02,7,2736.5470714285716,-0.583998944660654,-16741.481054617798,862163.0,-0.01941799990792669,170.6367346298176,,-0.0002134072352557,5.104394125290821e-05
ES,atlantic_to_iberia,2020-08-21,2020-08-27,7,2995.3732285714286,-0.6392343192683685,-18324.91195974914,571951.0,-0.03203930399588276,170.6367346298176,,-0.0002134072352557,5.104394125290821e-05
ES,atlantic_to_iberia,2015-05-01,2015-05-14,14,2606.823021428572,-0.5563148938039819,-31895.726319960795,1944225.6666666665,-0.01640536223073597,170.6367346298176,,-0.0002134072352557,5.104394125290821e-05
ES,atlantic_to_iberia,2015-07-05,2015-07-07,3,2525.609233333333,-0.5389832838219347,-6621.865025143041,288111.0,-0.022983728580800597,170.6367346298176,,-0.0002134072352557,5.104394125290821e-05
ES,atlantic_to_iberia,2015-07-16,2015-07-27,12,2785.2197416666672,-0.5943860446486784,-29210.139005294433,1026294.0,-0.028461765347253743,170.6367346298176,,-0.0002134072352557,5.104394125290821e-05
ES,atlantic_to_iberia,2016-09-03,2016-09-07,5,2902.4252,-0.6193985374684722,-12683.057264172578,322407.0,-0.03933865351612272,170.6367346298176,,-0.0002134072352557,5.104394125290821e-05
ES,atlantic_to_iberia,2017-06-14,2017-06-28,15,2689.3748066666662,-0.5739320420570659,-35256.200240174716,1532350.0,-0.023007929154680532,170.6367346298176,,-0.0002134072352557,5.104394125290821e-05
ES,atlantic_to_iberia,2017-08-03,2017-08-05,3,2827.1038000000003,-0.6033244057388835,-7412.350069278595,263974.0,-0.028079849035429986,170.6367346298176,,-0.0002134072352557,5.104394125290821e-05
ES,atlantic_to_iberia,2017-09-11,2017-09-14,4,3179.5103,-0.6785305025900212,-11115.094013634262,481940.0,-0.023063231965875963,170.6367346298176,,-0.0002134072352557,5.104394125290821e-05
ES,atlantic_to_iberia,2018-08-03,2018-08-06,4,3739.7955500000003,-0.7980994287470701,-13073.767721406988,317865.0,-0.04112993793405058,170.6367346298176,,-0.0002134072352557,5.104394125290821e-05
ES,atlantic_to_iberia,2018-09-21,2018-09-24,4,3675.4472,-0.7843670252803039,-12848.815482732925,369510.0,-0.03477257850324193,170.6367346298176,,-0.0002134072352557,5.104394125290821e-05
ES,atlantic_to_iberia,2019-07-24,2019-07-27,4,2682.107075,-0.5723810555355023,-9376.246490932455,476189.0,-0.019690178670512034,170.6367346298176,,-0.0002134072352557,5.104394125290821e-05
ES,atlantic_to_iberia,2020-05-21,2020-05-23,3,3005.2188,-0.6413354354464524,-7879.347684502187,253782.0,-0.031047701115532966,170.6367346298176,,-0.0002134072352557,5.104394125290821e-05
ES,atlantic_to_iberia,2015-05-03,2015-05-15,13,2699.3603384615385,-0.5760630267899676,-30668.824315711667,1828491.0,-0.016772751036626194,170.6367346298176,,-0.0002134072352557,5.104394125290821e-05
ES,atlantic_to_iberia,2015-06-28,2015-07-08,11,2540.5671272727272,-0.5421754066127888,-24423.970818983973,1209404.0,-0.020195047162886823,170.6367346298176,,-0.0002134072352557,5.104394125290821e-05
ES,atlantic_to_iberia,2015-07-21,2015-07-27,7,3059.2769285714285,-0.6528718312079782,-18715.858124731967,665368.0,-0.028128581664179773,170.6367346298176,,-0.0002134072352557,5.104394125290821e-05
ES,atlantic_to_iberia,2016-09-04,2016-09-06,3,3225.0820333333336,-0.688255840206498,-8455.80449971716,185098.0,-0.045682851785093084,170.6367346298176,,-0.0002134072352557,5.104394125290821e-05
ES,atlantic_to_iberia,2017-06-14,2017-06-20,7,2880.2608857142855,-0.6146685124354193,-17620.684677413563,676276.0,-0.026055463564304458,170.6367346298176,,-0.0002134072352557,5.104394125290821e-05
ES,atlantic_to_iberia,2017-06-27,2017-06-29,3,2732.0505333333335,-0.5830393508975273,-7163.131031844659,702668.0,-0.010194189904541916,170.6367346298176,,-0.0002134072352557,5.104394125290821e-05
ES,atlantic_to_iberia,2017-08-02,2017-08-05,4,2776.70345,-0.5925686063894638,-9706.94131569022,341084.0,-0.028459093113984296,170.6367346298176,,-0.0002134072352557,5.104394125290821e-05
ES,atlantic_to_iberia,2018-08-02,2018-08-06,5,3690.7058399999996,-0.7876233294564657,-16127.696766805962,402620.0,-0.04005686942229885,170.6367346298176,,-0.0002134072352557,5.104394125290821e-05
ES,atlantic_to_iberia,2018-09-22,2018-09-24,3,3879.9299333333333,-0.828005120058499,-10172.742475935771,318934.0,-0.0318960740339248,170.6367346298176,,-0.0002134072352557,5.104394125290821e-05
ES,atlantic_to_iberia,2020-05-02,2020-05-07,6,2648.54565,-0.5652188046150108,-13888.381128605903,739473.0,-0.018781458049997635,170.6367346298176,,-0.0002134072352557,5.104394125290821e-05
ES,atlantic_to_iberia,2020-05-21,2020-05-23,3,3005.2188,-0.6413354354464524,-7879.347684502187,253782.0,-0.031047701115532966,170.6367346298176,,-0.0002134072352557,5.104394125290821e-05
ES,atlantic_to_iberia,2020-09-23,2020-09-25,3,2673.8626333333336,-0.5706216320331923,-7010.5688639482505,666507.0,-0.010518372446123221,170.6367346298176,,-0.0002134072352557,5.104394125290821e-05
ES,atlantic_to_iberia,2015-05-03,2015-05-14,12,2629.050133333333,-0.561058320303296,-27572.30199747208,1608432.0,-0.017142348571448515,170.6367346298176,,-0.0002134072352557,5.104394125290821e-05
ES,atlantic_to_iberia,2015-07-02,2015-07-07,6,2439.052283333333,-0.5205114044302689,-12789.84476009685,658520.0,-0.01942210526650193,170.6367346298176,,-0.0002134072352557,5.104394125290821e-05
ES,atlantic_to_iberia,2015-07-21,2015-07-23,3,3071.464966666667,-0.6554728467210741,-8053.037726615641,219372.0,-0.03670950589234561,170.6367346298176,,-0.0002134072352557,5.104394125290821e-05
ES,atlantic_to_iberia,2017-06-16,2017-06-18,3,3508.3492,-0.7487071030835469,-9198.499339031521,311540.0,-0.02952590145416807,170.6367346298176,,-0.0002134072352557,5.104394125290821e-05
ES,atlantic_to_iberia,2017-08-01,2017-08-05,5,2774.31002,-0.5920578311103858,-12123.21780152259,399766.0,-0.030325785088083007,170.6367346298176,,-0.0002134072352557,5.104394125290821e-05
ES,atlantic_to_iberia,2018-08-03,2018-08-05,3,4125.9179,-0.8805007319310038,-10817.695420982702,255213.0,-0.0423869294314267,170.6367346298176,,-0.0002134072352557,5.104394125290821e-05
ES,atlantic_to_iberia,2018-09-22,2018-09-24,3,3879.9299333333333,-0.828005120058499,-10172.742475935771,318934.0,-0.0318960740339248,170.6367346298176,,-0.0002134072352557,5.104394125290821e-05
ES,atlantic_to_iberia,2020-05-02,2020-05-07,6,2648.54565,-0.5652188046150108,-13888.381128605903,739473.0,-0.018781458049997635,170.6367346298176,,-0.0002134072352557,5.104394125290821e-05
ES,atlantic_to_iberia,2020-09-20,2020-09-25,6,2641.8118,-0.5637817523038843,-13853.07032500965,822527.0,-0.016842085822118484,170.6367346298176,,-0.0002134072352557,5.104394125290821e-05
ES,atlantic_to_iberia,2015-06-19,2015-06-21,3,3737.6204666666667,-0.7976352502264525,-9799.622965748113,384997.0,-0.02545376448582226,170.6367346298176,,-0.0002134072352557,5.104394125290821e-05
ES,atlantic_to_iberia,2016-09-28,2017-05-03,6,2833.2734333333337,-0.6046410501310916,-14857.052316121919,27987463.0,-0.0005308466978990529,170.6367346298176,,-0.0002134072352557,5.104394125290821e-05
ES,atlantic_to_iberia,2017-05-21,2017-05-24,4,3072.9974,-0.6557998790819545,-10742.740793968698,476465.0,-0.02254675746165762,170.6367346298176,,-0.0002134072352557,5.104394125290821e-05
ES,atlantic_to_iberia,2018-08-19,2018-08-21,3,3689.596666666667,-0.7873866238419799,-9673.709931618618,341459.0,-0.028330516787135843,170.6367346298176,,-0.0002134072352557,5.104394125290821e-05
ES,atlantic_to_iberia,2018-09-24,2018-09-27,4,3299.9237000000003,-0.70422759337176,-11536.041309040522,594965.0,-0.019389445276681017,170.6367346298176,,-0.0002134072352557,5.104394125290821e-05
ES,atlantic_to_iberia,2019-05-12,2019-05-14,3,3988.7289333333333,-0.851223613847084,-10458.001289279462,468297.0,-0.022331984380167848,170.6367346298176,,-0.0002134072352557,5.104394125290821e-05
ES,atlantic_to_iberia,2020-05-26,2020-05-28,3,3155.7462333333333,-0.6734590788242558,-8274.013784451068,480003.0,-0.017237420983725243,170.6367346298176,,-0.0002134072352557,5.104394125290821e-05
ES,atlantic_to_iberia,2020-07-16,2020-07-18,3,3935.0333666666666,-0.8397645914192625,-10317.217517101864,463525.0,-0.022258168420477568,170.6367346298176,,-0.0002134072352557,5.104394125290821e-05
ES,atlantic_to_iberia,2015-05-11,2015-05-17,7,3092.1067571428575,-0.6598779541573254,-18916.70245107056,1149466.0,-0.016456948227325175,170.6367346298176,,-0.0002134072352557,5.104394125290821e-05
ES,atlantic_to_iberia,2016-09-03,2016-09-07,5,2902.4252,-0.6193985374684722,-12683.057264172578,322407.0,-0.03933865351612272,170.6367346298176,,-0.0002134072352557,5.104394125290821e-05
ES,atlantic_to_iberia,2017-06-12,2017-06-20,9,2882.2122888888885,-0.6150849559917806,-22670.5150966383,907372.0,-0.024984807881043607,170.6367346298176,,-0.0002134072352557,5.104394125290821e-05
ES,atlantic_to_iberia,2017-07-13,2017-07-15,3,3312.8342333333335,-0.7069827945961032,-8685.880956672632,400869.0,-0.02166762946666525,170.6367346298176,,-0.0002134072352557,5.104394125290821e-05
ES,atlantic_to_iberia,2018-08-02,2018-08-05,4,3968.0251749999998,-0.8468052820217651,-13871.624466381672,339968.0,-0.040802735746839916,170.6367346298176,,-0.0002134072352557,5.104394125290821e-05
ES,atlantic_to_iberia,2018-09-22,2018-09-26,5,3639.8372000000004,-0.7767675936328484,-15905.410289252442,632649.0,-0.02514097120085931,170.6367346298176,,-0.0002134072352557,5.104394125290821e-05
ES,atlantic_to_iberia,2019-05-12,2019-05-14,3,3988.7289333333333,-0.851223613847084,-10458.001289279462,468297.0,-0.022331984380167848,170.6367346298176,,-0.0002134072352557,5.104394125290821e-05
ES,atlantic_to_iberia,2020-07-16,2020-07-18,3,3935.0333666666666,-0.8397645914192625,-10317.217517101864,463525.0,-0.022258168420477568,170.6367346298176,,-0.0002134072352557,5.104394125290821e-05
ES,atlantic_to_iberia,2015-05-10,2015-05-13,4,2572.74365,-0.5490421093681582,-8993.928260817573,419737.0,-0.021427532623565643,170.6367346298176,,-0.0002134072352557,5.104394125290821e-05
ES,atlantic_to_iberia,2015-06-27,2015-06-29,3,2970.049033333333,-0.633829952777531,-7787.136488582114,198428.0,-0.03924414139426953,170.6367346298176,,-0.0002134072352557,5.104394125290821e-05
ES,atlantic_to_iberia,2015-07-06,2015-07-14,9,3029.229722222222,-0.6464595399738364,-23826.904913828766,900067.0,-0.026472368072408794,170.6367346298176,,-0.0002134072352557,5.104394125290821e-05
ES,atlantic_to_iberia,2016-09-03,2016-09-07,5,2902.4252,-0.6193985374684722,-12683.057264172578,322407.0,-0.03933865351612272,170.6367346298176,,-0.0002134072352557,5.104394125290821e-05
ES,atlantic_to_iberia,2017-05-03,2017-05-08,6,3068.8457500000004,-0.6549138869337052,-16092.340866732819,725374.0,-0.022184887887810728,170.6367346298176,,-0.0002134072352557,5.104394125290821e-05
ES,atlantic_to_iberia,2017-06-10,2017-06-18,9,3000.7116111111113,-0.6403735687268995,-23602.591017533065,841792.0,-0.028038507157983283,170.6367346298176,,-0.0002134072352557,5.104394125290821e-05
ES,atlantic_to_iberia,2017-07-13,2017-07-16,4,3215.8021750000003,-0.6862754512960167,-11241.964998312646,530093.0,-0.021207533391900374,170.6367346298176,,-0.0002134072352557,5.104394125290821e-05
ES,atlantic_to_iberia,2017-08-20,2017-08-23,4,3030.3102500000005,-0.6466901324195091,-10593.51288128538,431362.0,-0.024558289513877857,170.6367346298176,,-0.0002134072352557,5.104394125290821e-05
ES,atlantic_to_iberia,2018-08-02,2018-08-06,5,3690.7058399999996,-0.7876233294564657,-16127.696766805962,402620.0,-0.04005686942229885,170.6367346298176,,-0.0002134072352557,5.104394125290821e-05
ES,atlantic_to_iberia,2018-09-22,2018-09-24,3,3879.9299333333333,-0.828005120058499,-10172.742475935771,318934.0,-0.0318960740339248,170.6367346298176,,-0.0002134072352557,5.104394125290821e-05
ES,atlantic_to_iberia,2019-05-13,2019-05-15,3,4029.3062666666665,-0.8598831103677995,-10564.390520387451,374834.0,-0.028184184253262648,170.6367346298176,,-0.0002134072352557,5.104394125290821e-05
ES,atlantic_to_iberia,2020-07-18,2020-07-20,3,3136.034266666667,-0.66925240251647,-8222.331211817094,298702.0,-0.02752687029821392,170.6367346298176,,-0.0002134072352557,5.104394125290821e-05
ES,atlantic_to_iberia,2020-07-26,2020-07-31,6,2635.9612,-0.5625331919332973,-13822.39108690363,609284.0,-0.02268628601260435,170.6367346298176,,-0.0002134072352557,5.104394125290821e-05
ES,atlantic_to_iberia,2015-05-10,2015-05-13,4,2572.74365,-0.5490421093681582,-8993.928260817573,419737.0,-0.021427532623565643,170.6367346298176,,-0.0002134072352557,5.104394125290821e-05
ES,atlantic_to_iberia,2015-07-06,2015-07-15,10,3015.4109999999996,-0.6435105246696255,-26353.568311090938,980704.0,-0.026872092202225074,170.6367346298176,,-0.0002134072352557,5.104394125290821e-05
ES,atlantic_to_iberia,2016-07-26,2016-07-29,4,3122.04155,-0.6662662555389203,-10914.19183096291,466953.0,-0.023373212787931356,170.6367346298176,,-0.0002134072352557,5.104394125290821e-05
ES,atlantic_to_iberia,2016-09-03,2016-09-12,10,2894.4975299999996,-0.6177067153317525,-25296.829647148923,700584.0,-0.03610820350899952,170.6367346298176,,-0.0002134072352557,5.104394125290821e-05
ES,atlantic_to_iberia,2017-06-10,2017-06-18,9,3000.7116111111113,-0.6403735687268995,-23602.591017533065,841792.0,-0.028038507157983283,170.6367346298176,,-0.0002134072352557,5.104394125290821e-05
ES,atlantic_to_iberia,2017-07-13,2017-07-16,4,3215.8021750000003,-0.6862754512960167,-11241.964998312646,530093.0,-0.021207533391900374,170.6367346298176,,-0.0002134072352557,5.104394125290821e-05
ES,atlantic_to_iberia,2018-08-01,2018-08-06,6,3634.5117000000005,-0.7756310934014943,-19058.566615975593,512454.0,-0.0371907851553029,170.6367346298176,,-0.0002134072352557,5.104394125290821e-05
ES,atlantic_to_iberia,2018-09-20,2018-09-24,5,3396.0105599999997,-0.7247332245087614,-14839.933308949625,416941.0,-0.035592405901433595,170.6367346298176,,-0.0002134072352557,5.104394125290821e-05
ES,atlantic_to_iberia,2019-05-13,2019-05-15,3,4029.3062666666665,-0.8598831103677995,-10564.390520387451,374834.0,-0.028184184253262648,170.6367346298176,,-0.0002134072352557,5.104394125290821e-05
ES,atlantic_to_iberia,2019-06-27,2019-06-30,4,2322.33205,-0.495602462136202,-8118.526638088255,401926.0,-0.020199058130323133,170.6367346298176,,-0.0002134072352557,5.104394125290821e-05
ES,atlantic_to_iberia,2020-07-26,2020-07-31,6,2635.9612,-0.5625331919332973,-13822.39108690363,609284.0,-0.02268628601260435,170.6367346298176,,-0.0002134072352557,5.104394125290821e-05
ES,atlantic_to_iberia,2015-05-10,2015-05-14,5,2624.93286,-0.5601796643844374,-11470.467448390504,633339.0,-0.018111102345490335,170.6367346298176,,-0.0002134072352557,5.104394125290821e-05
ES,atlantic_to_iberia,2015-06-27,2015-07-15,19,2774.1987947368425,-0.5920340948344848,-46066.38071782677,1912890.0,-0.02408208559709485,170.6367346298176,,-0.0002134072352557,5.104394125290821e-05
ES,atlantic_to_iberia,2016-09-03,2016-09-12,10,2894.4975299999996,-0.6177067153317525,-25296.829647148923,700584.0,-0.03610820350899952,170.6367346298176,,-0.0002134072352557,5.104394125290821e-05
ES,atlantic_to_iberia,2017-05-24,2017-05-26,3,2817.4758333333334,-0.6012697279914161,-7387.106617167398,245868.0,-0.030045010400570216,170.6367346298176,,-0.0002134072352557,5.104394125290821e-05
ES,atlantic_to_iberia,2017-06-10,2017-06-18,9,3000.7116111111113,-0.6403735687268995,-23602.591017533065,841792.0,-0.028038507157983283,170.6367346298176,,-0.0002134072352557,5.104394125290821e-05
ES,atlantic_to_iberia,2017-07-13,2017-07-16,4,3215.8021750000003,-0.6862754512960167,-11241.964998312646,530093.0,-0.021207533391900374,170.6367346298176,,-0.0002134072352557,5.104394125290821e-05
ES,atlantic_to_iberia,2018-08-01,2018-08-03,3,3651.1270000000004,-0.7791769186374382,-9572.846766855517,275556.0,-0.03474011368598585,170.6367346298176,,-0.0002134072352557,5.104394125290821e-05
ES,atlantic_to_iberia,2018-09-21,2018-09-24,4,3675.4472,-0.7843670252803039,-12848.815482732925,369510.0,-0.03477257850324193,170.6367346298176,,-0.0002134072352557,5.104394125290821e-05
ES,atlantic_to_iberia,2019-06-27,2019-06-30,4,2322.33205,-0.495602462136202,-8118.526638088255,401926.0,-0.020199058130323133,170.6367346298176,,-0.0002134072352557,5.104394125290821e-05
ES,atlantic_to_iberia,2020-07-26,2020-07-31,6,2635.9612,-0.5625331919332973,-13822.39108690363,609284.0,-0.02268628601260435,170.6367346298176,,-0.0002134072352557,5.104394125290821e-05
ES,atlantic_to_iberia,2015-05-10,2015-05-14,5,2624.93286,-0.5601796643844374,-11470.467448390504,633339.0,-0.018111102345490335,170.6367346298176,,-0.0002134072352557,5.104394125290821e-05
ES,atlantic_to_iberia,2015-06-28,2015-07-16,19,2733.3248368421055,-0.583311296486211,-45387.65671672216,1941689.0,-0.02337534832649418,170.6367346298176,,-0.0002134072352557,5.104394125290821e-05
ES,atlantic_to_iberia,2016-09-03,2016-09-12,10,2894.4975299999996,-0.6177067153317525,-25296.829647148923,700584.0,-0.03610820350899952,170.6367346298176,,-0.0002134072352557,5.104394125290821e-05
ES,atlantic_to_iberia,2017-05-25,2017-05-27,3,2602.0485666666664,-0.5552959906133903,-6822.28041057351,276732.0,-0.02465302317973169,170.6367346298176,,-0.0002134072352557,5.104394125290821e-05
ES,atlantic_to_iberia,2017-06-11,2017-06-17,7,3016.0730714285714,-0.6436518155027388,-18451.548198038116,689386.0,-0.02676519134133579,170.6367346298176,,-0.0002134072352557,5.104394125290821e-05
ES,atlantic_to_iberia,2017-07-27,2017-08-05,10,2649.27987,-0.5653754924752803,-23153.718690169644,810077.0,-0.028582120823291667,170.6367346298176,,-0.0002134072352557,5.104394125290821e-05
ES,atlantic_to_iberia,2017-08-18,2017-08-22,5,3100.7768000000005,-0.6617282040330167,-13549.81679383772,597562.0,-0.02267516474246642,170.6367346298176,,-0.0002134072352557,5.104394125290821e-05
ES,atlantic_to_iberia,2018-08-02,2018-08-07,6,3516.045366666666,-0.7503495207339471,-18437.355655068866,506806.0,-0.03637951337408962,170.6367346298176,,-0.0002134072352557,5.104394125290821e-05
ES,atlantic_to_iberia,2018-09-21,2018-09-23,3,3604.387533333333,-0.7692023782787788,-9450.301111126599,164230.0,-0.05754308659274553,170.6367346298176,,-0.0002134072352557,5.104394125290821e-05
ES,atlantic_to_iberia,2019-06-27,2019-06-30,4,2322.33205,-0.495602462136202,-8118.526638088255,401926.0,-0.020199058130323133,170.6367346298176,,-0.0002134072352557,5.104394125290821e-05
ES,atlantic_to_iberia,2019-09-28,2020-05-04,7,2674.520071428571,-0.5707619340794486,-16362.016050629141,34602992.47368421,-0.00047284974162487703,170.6367346298176,,-0.0002134072352557,5.104394125290821e-05
ES,atlantic_to_iberia,2020-07-27,2020-07-31,5,2568.3568400000004,-0.5481059323744664,-11223.240783793266,546238.0,-0.020546429914786717,170.6367346298176,,-0.0002134072352557,5.104394125290821e-05
ES,atlantic_to_iberia,2020-08-07,2020-08-09,3,2261.1780333333336,-0.48255175251458776,-5928.5559844069285,274560.0,-0.021592934092391203,170.6367346298176,,-0.0002134072352557,5.104394125290821e-05
ES,atlantic_to_iberia,2015-05-01,2015-05-14,14,2606.823021428572,-0.5563148938039819,-31895.726319960795,1944225.6666666665,-0.01640536223073597,170.6367346298176,,-0.0002134072352557,5.104394125290821e-05
ES,atlantic_to_iberia,2015-06-28,2015-07-07,10,2472.5204000000003,-0.5276537426773176,-21608.90679975828,1056311.0,-0.020456955195731444,170.6367346298176,,-0.0002134072352557,5.104394125290821e-05
ES,atlantic_to_iberia,2015-07-14,2015-07-16,3,2800.4093666666668,-0.5976276205244991,-7342.360249743957,266604.0,-0.027540322912424257,170.6367346298176,,-0.0002134072352557,5.104394125290821e-05
ES,atlantic_to_iberia,2016-09-03,2016-09-06,4,3139.17695,-0.6699230738779208,-10974.094634851053,242382.0,-0.045276029716938775,170.6367346298176,,-0.0002134072352557,5.104394125290821e-05
ES,atlantic_to_iberia,2017-05-24,2017-05-26,3,2817.4758333333334,-0.6012697279914161,-7387.106617167398,245868.0,-0.030045010400570216,170.6367346298176,,-0.0002134072352557,5.104394125290821e-05
ES,atlantic_to_iberia,2017-06-14,2017-06-22,9,2807.5503999999996,-0.5991515687050345,-22083.24972214654,762667.0,-0.028955297295079684,170.6367346298176,,-0.0002134072352557,5.104394125290821e-05
ES,atlantic_to_iberia,2017-08-03,2017-08-05,3,2827.1038000000003,-0.6033244057388835,-7412.350069278595,263974.0,-0.028079849035429986,170.6367346298176,,-0.0002134072352557,5.104394125290821e-05
ES,atlantic_to_iberia,2018-08-02,2018-08-06,5,3690.7058399999996,-0.7876233294564657,-16127.696766805962,402620.0,-0.04005686942229885,170.6367346298176,,-0.0002134072352557,5.104394125290821e-05
ES,atlantic_to_iberia,2018-09-21,2018-09-29,9,3532.1775888888897,-0.7537922536769225,-27782.92413144314,905645.0,-0.030677499606847205,170.6367346298176,,-0.0002134072352557,5.104394125290821e-05
ES,atlantic_to_iberia,2019-06-27,2019-06-30,4,2322.33205,-0.495602462136202,-8118.526638088255,401926.0,-0.020199058130323133,170.6367346298176,,-0.0002134072352557,5.104394125290821e-05
ES,atlantic_to_iberia,2019-07-06,2019-07-12,7,3212.8964714285717,-0.6856553531303656,-19655.662410656172,582533.0,-0.03374171490826472,170.6367346298176,,-0.0002134072352557,5.104394125290821e-05
ES,atlantic_to_iberia,2019-07-22,2019-07-25,4,2523.542125,-0.5385421479475441,-8821.927064284517,448127.0,-0.019686220790723425,170.6367346298176,,-0.0002134072352557,5.104394125290821e-05
ES,atlantic_to_iberia,2019-09-24,2020-05-02,9,2844.862755555556,-0.6071142953450235,-22376.736195427613,34669257.47368421,-0.0006454345384354636,170.6367346298176,,-0.0002134072352557,5.104394125290821e-05
ES,atlantic_to_iberia,2020-07-27,2020-08-01,6,2648.3712,-0.5651815757228205,-13887.4663518159,686446.0,-0.02023096696872864,170.6367346298176,,-0.0002134072352557,5.104394125290821e-05
ES,atlantic_to_iberia,2015-05-05,2015-05-14,10,2673.3585299999995,-0.5705140527345423,-23364.157204571,1262678.0,-0.018503654300281624,170.6367346298176,,-0.0002134072352557,5.104394125290821e-05
ES,atlantic_to_iberia,2015-06-05,2015-06-08,4,3087.45965,-0.6588862278700311,-10793.298663964802,471898.0,-0.022872100886133874,170.6367346298176,,-0.0002134072352557,5.104394125290821e-05
ES,atlantic_to_iberia,2015-07-04,2015-07-08,5,2652.8439599999997,-0.5661360950683827,-11592.433754225376,548206.0,-0.021146127102266987,170.6367346298176,,-0.0002134072352557,5.104394125290821e-05
ES,atlantic_to_iberia,2015-07-19,2015-07-24,6,2820.5754500000003,-0.6019312086146019,-14790.46693100763,459217.0,-0.032208012619322955,170.6367346298176,,-0.0002134072352557,5.104394125290821e-05
ES,atlantic_to_iberia,2016-09-04,2016-09-13,10,2849.6184299999995,-0.6081291906799884,-24904.603039369656,813978.0,-0.030596162352507877,170.6367346298176,,-0.0002134072352557,5.104394125290821e-05
ES,atlantic_to_iberia,2017-06-14,2017-06-28,15,2689.3748066666662,-0.5739320420570659,-35256.200240174716,1532350.0,-0.023007929154680532,170.6367346298176,,-0.0002134072352557,5.104394125290821e-05
ES,atlantic_to_iberia,2018-08-02,2018-08-06,5,3690.7058399999996,-0.7876233294564657,-16127.696766805962,402620.0,-0.04005686942229885,170.6367346298176,,-0.0002134072352557,5.104394125290821e-05
ES,atlantic_to_iberia,2018-09-21,2018-09-29,9,3532.1775888888897,-0.7537922536769225,-27782.92413144314,905645.0,-0.030677499606847205,170.6367346298176,,-0.0002134072352557,5.104394125290821e-05
ES,atlantic_to_iberia,2020-05-01,2020-05-11,11,2526.3493181818185,-0.5391412232833046,-24287.286631182556,1539773.0,-0.0157732903688937,170.6367346298176,,-0.0002134072352557,5.104394125290821e-05
ES,atlantic_to_iberia,2020-05-20,2020-05-23,4,3201.764675,-0.6832797472311148,-11192.89199099564,302948.0,-0.03694657826094128,170.6367346298176,,-0.0002134072352557,5.104394125290821e-05
ES,atlantic_to_iberia,2020-09-11,2020-09-17,7,2967.3292285714283,-0.6332495267628576,-18153.34608405214,696018.0,-0.026081719271702945,170.6367346298176,,-0.0002134072352557,5.104394125290821e-05
ES,atlantic_to_iberia,2015-05-03,2015-05-05,3,2472.6901666666668,-0.5276899721122894,-6483.117149146122,512525.0,-0.012649367638936876,170.6367346298176,,-0.0002134072352557,5.104394125290821e-05
ES,atlantic_to_iberia,2015-05-12,2015-05-14,3,2620.1309333333334,-0.5591548984906035,-6869.690354210667,441291.0,-0.01556725687632575,170.6367346298176,,-0.0002134072352557,5.104394125290821e-05
ES,atlantic_to_iberia,2015-06-29,2015-07-07,9,2406.5986666666668,-0.5135855678233873,-18929.49787721884,997409.0,-0.018978671615374275,170.6367346298176,,-0.0002134072352557,5.104394125290821e-05
ES,atlantic_to_iberia,2015-07-20,2015-07-24,5,2875.47038,-0.6136461838554571,-12565.269723737267,399580.0,-0.03144619281179555,170.6367346298176,,-0.0002134072352557,5.104394125290821e-05
ES,atlantic_to_iberia,2016-09-04,2016-09-13,10,2849.6184299999995,-0.6081291906799884,-24904.603039369656,813978.0,-0.030596162352507877,170.6367346298176,,-0.0002134072352557,5.104394125290821e-05
ES,atlantic_to_iberia,2017-05-11,2017-05-16,6,2666.1643,-0.5689787520004487,-13980.769389375171,832128.0,-0.01680122455845155,170.6367346298176,,-0.0002134072352557,5.104394125290821e-05
ES,atlantic_to_iberia,2017-06-14,2017-06-27,14,2690.8019142857142,-0.5742365971484593,-32923.248235029976,1234114.0,-0.02667763937126552,170.6367346298176,,-0.0002134072352557,5.104394125290821e-05
ES,atlantic_to_iberia,2018-08-02,2018-08-06,5,3690.7058399999996,-0.7876233294564657,-16127.696766805962,402620.0,-0.04005686942229885,170.6367346298176,,-0.0002134072352557,5.104394125290821e-05
ES,atlantic_to_iberia,2018-09-21,2018-09-29,9,3532.1775888888897,-0.7537922536769225,-27782.92413144314,905645.0,-0.030677499606847205,170.6367346298176,,-0.0002134072352557,5.104394125290821e-05
ES,atlantic_to_iberia,2020-05-01,2020-05-11,11,2526.3493181818185,-0.5391412232833046,-24287.286631182556,1539773.0,-0.0157732903688937,170.6367346298176,,-0.0002134072352557,5.104394125290821e-05
ES,atlantic_to_iberia,2020-05-20,2020-05-23,4,3201.764675,-0.6832797472311148,-11192.89199099564,302948.0,-0.03694657826094128,170.6367346298176,,-0.0002134072352557,5.104394125290821e-05
ES,atlantic_to_iberia,2020-09-17,2020-09-25,9,2573.5248,-0.5492088124299783,-20242.482850721837,1267825.0,-0.015966306746374174,170.6367346298176,,-0.0002134072352557,5.104394125290821e-05
ES,atlantic_to_iberia,2015-06-19,2015-06-21,3,3737.6204666666667,-0.7976352502264525,-9799.622965748113,384997.0,-0.02545376448582226,170.6367346298176,,-0.0002134072352557,5.104394125290821e-05
ES,atlantic_to_iberia,2018-08-02,2018-08-04,3,3825.9961333333335,-0.8164952569136652,-10031.334082594694,261094.0,-0.03842039297185954,170.6367346298176,,-0.0002134072352557,5.104394125290821e-05
ES,atlantic_to_iberia,2018-08-19,2018-08-21,3,3689.596666666667,-0.7873866238419799,-9673.709931618618,341459.0,-0.028330516787135843,170.6367346298176,,-0.0002134072352557,5.104394125290821e-05
ES,atlantic_to_iberia,2018-09-24,2018-09-26,3,3482.674133333334,-0.7432278580912078,-9131.182184922996,518995.0,-0.01759396946969238,170.6367346298176,,-0.0002134072352557,5.104394125290821e-05
ES,atlantic_to_iberia,2019-05-12,2019-05-14,3,3988.7289333333333,-0.851223613847084,-10458.001289279462,468297.0,-0.022331984380167848,170.6367346298176,,-0.0002134072352557,5.104394125290821e-05
ES,atlantic_to_iberia,2020-05-26,2020-05-28,3,3155.7462333333333,-0.6734590788242558,-8274.013784451068,480003.0,-0.017237420983725243,170.6367346298176,,-0.0002134072352557,5.104394125290821e-05
ES,atlantic_to_iberia,2015-07-09,2015-07-14,6,3125.70945,-0.6670490119371146,-16390.521393839346,561261.0,-0.02920302923922978,170.6367346298176,,-0.0002134072352557,5.104394125290821e-05
ES,atlantic_to_iberia,2016-07-16,2016-07-18,3,3127.7513,-0.6674847575004215,-8200.614199323423,311964.0,-0.026287052991125333,170.6367346298176,,-0.0002134072352557,5.104394125290821e-05
ES,atlantic_to_iberia,2016-09-03,2016-09-07,5,2902.4252,-0.6193985374684722,-12683.057264172578,322407.0,-0.03933865351612272,170.6367346298176,,-0.0002134072352557,5.104394125290821e-05
ES,atlantic_to_iberia,2017-06-16,2017-06-20,5,3035.9934,-0.6479029577485524,-13266.72540806564,530503.0,-0.025007823533638153,170.6367346298176,,-0.0002134072352557,5.104394125290821e-05
ES,atlantic_to_iberia,2018-08-02,2018-08-05,4,3968.0251749999998,-0.8468052820217651,-13871.624466381672,339968.0,-0.040802735746839916,170.6367346298176,,-0.0002134072352557,5.104394125290821e-05
ES,atlantic_to_iberia,2018-09-23,2018-09-27,5,3457.2292,-0.7377977252172755,-15107.447357805997,668265.0,-0.022606970824158076,170.6367346298176,,-0.0002134072352557,5.104394125290821e-05
ES,atlantic_to_iberia,2019-05-12,2019-05-14,3,3988.7289333333333,-0.851223613847084,-10458.001289279462,468297.0,-0.022331984380167848,170.6367346298176,,-0.0002134072352557,5.104394125290821e-05
ES,atlantic_to_iberia,2020-05-27,2020-05-29,3,3035.2367,-0.6477414724936345,-7958.051262044899,353331.0,-0.02252293532705848,170.6367346298176,,-0.0002134072352557,5.104394125290821e-05
ES,atlantic_to_iberia,2020-07-16,2020-07-18,3,3935.0333666666666,-0.8397645914192625,-10317.217517101864,463525.0,-0.022258168420477568,170.6367346298176,,-0.0002134072352557,5.104394125290821e-05
ES,atlantic_to_iberia,2020-09-11,2020-09-13,3,3427.7730333333334,-0.7315115661277111,-8987.237639134308,312928.0,-0.028719825771852656,170.6367346298176,,-0.0002134072352557,5.104394125290821e-05
ES,atlantic_to_iberia,2015-05-11,2015-05-13,3,2500.425533333333,-0.5336089000314257,-6555.83617949553,310491.0,-0.02111441613282037,170.6367346298176,,-0.0002134072352557,5.104394125290821e-05
ES,atlantic_to_iberia,2015-06-28,2015-06-30,3,2651.5247,-0.5658545554391994,-6952.001300319749,259013.0,-0.026840356662869234,170.6367346298176,,-0.0002134072352557,5.104394125290821e-05
ES,atlantic_to_iberia,2016-07-17,2016-07-19,3,2667.5764333333336,-0.5692801114709278,-6994.087150399033,337028.0,-0.020752243583319584,170.6367346298176,,-0.0002134072352557,5.104394125290821e-05
ES,atlantic_to_iberia,2016-08-22,2016-08-24,3,2719.3286000000003,-0.5803243982777534,-7129.775545065329,302389.0,-0.023578157753970316,170.6367346298176,,-0.0002134072352557,5.104394125290821e-05
ES,atlantic_to_iberia,2016-09-04,2016-09-12,9,2895.9459555555554,-0.6180158198250374,-22778.539512015035,643300.0,-0.03540889089385207,170.6367346298176,,-0.0002134072352557,5.104394125290821e-05
ES,atlantic_to_iberia,2017-05-03,2017-05-08,6,3068.8457500000004,-0.6549138869337052,-16092.340866732819,725374.0,-0.022184887887810728,170.6367346298176,,-0.0002134072352557,5.104394125290821e-05
ES,atlantic_to_iberia,2017-06-11,2017-06-18,8,3033.8855624999997,-0.6474531299753091,-21212.023281569593,780543.0,-0.027175982977964818,170.6367346298176,,-0.0002134072352557,5.104394125290821e-05
ES,atlantic_to_iberia,2018-08-02,2018-08-05,4,3968.0251749999998,-0.8468052820217651,-13871.624466381672,339968.0,-0.040802735746839916,170.6367346298176,,-0.0002134072352557,5.104394125290821e-05
ES,atlantic_to_iberia,2018-09-17,2018-09-28,12,3107.4071666666664,-0.6631431722520814,-32589.096625484308,1011458.0,-0.03221992077326424,170.6367346298176,,-0.0002134072352557,5.104394125290821e-05
ES,atlantic_to_iberia,2019-05-13,2019-05-15,3,4029.3062666666665,-0.8598831103677995,-10564.390520387451,374834.0,-0.028184184253262648,170.6367346298176,,-0.0002134072352557,5.104394125290821e-05
ES,atlantic_to_iberia,2020-07-26,2020-07-30,5,2703.76384,-0.5770027658787348,-11814.94414103045,554336.0,-0.021313687260128243,170.6367346298176,,-0.0002134072352557,5.104394125290821e-05
ES,atlantic_to_iberia,2015-05-10,2015-05-13,4,2572.74365,-0.5490421093681582,-8993.928260817573,419737.0,-0.021427532623565643,170.6367346298176,,-0.0002134072352557,5.104394125290821e-05
ES,atlantic_to_iberia,2015-06-02,2015-06-04,3,2664.7916,-0.5686858078886132,-6986.785628767157,258171.0,-0.027062627594761444,170.6367346298176,,-0.0002134072352557,5.104394125290821e-05
ES,atlantic_to_iberia,2015-06-29,2015-07-06,8,2369.463475,-0.5056606492391135,-16566.58214725553,911770.0,-0.018169694272958673,170.6367346298176,,-0.0002134072352557,5.104394125290821e-05
ES,atlantic_to_iberia,2016-07-17,2016-07-19,3,2667.5764333333336,-0.5692801114709278,-6994.087150399033,337028.0,-0.020752243583319584,170.6367346298176,,-0.0002134072352557,5.104394125290821e-05
ES,atlantic_to_iberia,2016-09-03,2016-09-12,10,2894.4975299999996,-0.6177067153317525,-25296.829647148923,700584.0,-0.03610820350899952,170.6367346298176,,-0.0002134072352557,5.104394125290821e-05
ES,atlantic_to_iberia,2017-05-03,2017-05-08,6,3068.8457500000004,-0.6549138869337052,-16092.340866732819,725374.0,-0.022184887887810728,170.6367346298176,,-0.0002134072352557,5.104394125290821e-05
ES,atlantic_to_iberia,2017-06-10,2017-06-18,9,3000.7116111111113,-0.6403735687268995,-23602.591017533065,841792.0,-0.028038507157983283,170.6367346298176,,-0.0002134072352557,5.104394125290821e-05
ES,atlantic_to_iberia,2018-08-02,2018-08-06,5,3690.7058399999996,-0.7876233294564657,-16127.696766805962,402620.0,-0.04005686942229885,170.6367346298176,,-0.0002134072352557,5.104394125290821e-05
ES,atlantic_to_iberia,2018-09-17,2018-09-28,12,3107.4071666666664,-0.6631431722520814,-32589.096625484308,1011458.0,-0.03221992077326424,170.6367346298176,,-0.0002134072352557,5.104394125290821e-05
ES,atlantic_to_iberia,2019-05-31,2019-06-02,3,3001.072066666666,-0.6404504925504431,-7868.475413342347,248126.0,-0.031711611896142876,170.6367346298176,,-0.0002134072352557,5.104394125290821e-05
ES,atlantic_to_iberia,2019-06-27,2019-06-30,4,2322.33205,-0.495602462136202,-8118.526638088255,401926.0,-0.020199058130323133,170.6367346298176,,-0.0002134072352557,5.104394125290821e-05
ES,atlantic_to_iberia,2020-07-26,2020-07-31,6,2635.9612,-0.5625331919332973,-13822.39108690363,609284.0,-0.02268628601260435,170.6367346298176,,-0.0002134072352557,5.104394125290821e-05
ES,atlantic_to_iberia,2020-08-06,2020-08-08,3,2485.402,-0.5304027693189873,-6516.446154854717,300030.0,-0.021719315251323923,170.6367346298176,,-0.0002134072352557,5.104394125290821e-05
ES,atlantic_to_iberia,2015-05-07,2015-05-13,7,2646.340485714286,-0.564748206601512,-16189.620696904636,831159.0,-0.019478367793532448,170.6367346298176,,-0.0002134072352557,5.104394125290821e-05
ES,atlantic_to_iberia,2015-06-29,2015-07-10,12,2553.513416666666,-0.5449382384391696,-26780.10669566923,1366938.0,-0.019591310429345903,170.6367346298176,,-0.0002134072352557,5.104394125290821e-05
ES,atlantic_to_iberia,2016-09-03,2016-09-12,10,2894.4975299999996,-0.6177067153317525,-25296.829647148923,700584.0,-0.03610820350899952,170.6367346298176,,-0.0002134072352557,5.104394125290821e-05
ES,atlantic_to_iberia,2017-06-11,2017-06-22,12,2836.010941666666,-0.6052252542159975,-29742.81439533669,1085897.0,-0.02739008800589438,170.6367346298176,,-0.0002134072352557,5.104394125290821e-05
ES,atlantic_to_iberia,2018-08-03,2018-08-06,4,3739.7955500000003,-0.7980994287470701,-13073.767721406988,317865.0,-0.04112993793405058,170.6367346298176,,-0.0002134072352557,5.104394125290821e-05
ES,atlantic_to_iberia,2018-09-17,2018-09-23,7,2943.6206857142856,-0.6281899521797735,-18008.303404092592,348833.0,-0.05162442602647282,170.6367346298176,,-0.0002134072352557,5.104394125290821e-05
ES,atlantic_to_iberia,2019-06-26,2019-06-30,5,2252.84774,-0.4807740076454521,-9844.524811141308,544049.0,-0.01809492308806984,170.6367346298176,,-0.0002134072352557,5.104394125290821e-05
ES,atlantic_to_iberia,2019-07-22,2019-07-25,4,2523.542125,-0.5385421479475441,-8821.927064284517,448127.0,-0.019686220790723425,170.6367346298176,,-0.0002134072352557,5.104394125290821e-05
ES,atlantic_to_iberia,2020-07-27,2020-07-31,5,2568.3568400000004,-0.5481059323744664,-11223.240783793266,546238.0,-0.020546429914786717,170.6367346298176,,-0.0002134072352557,5.104394125290821e-05
ES,atlantic_to_iberia,2020-08-06,2020-08-09,4,2351.692375,-0.5018681679206609,-8221.165957308534,380771.0,-0.021590840576904583,170.6367346298176,,-0.0002134072352557,5.104394125290821e-05
ES,atlantic_to_iberia,2020-09-13,2020-09-16,4,2647.977575,-0.565097573299843,-9256.934846891445,381048.0,-0.02429335634064854,170.6367346298176,,-0.0002134072352557,5.104394125290821e-05
ES,atlantic_to_iberia,2015-05-07,2015-05-13,7,2646.340485714286,-0.564748206601512,-16189.620696904636,831159.0,-0.019478367793532448,170.6367346298176,,-0.0002134072352557,5.104394125290821e-05
ES,atlantic_to_iberia,2015-06-29,2015-07-07,9,2406.5986666666668,-0.5135855678233873,-18929.49787721884,997409.0,-0.018978671615374275,170.6367346298176,,-0.0002134072352557,5.104394125290821e-05
ES,atlantic_to_iberia,2016-09-03,2016-09-12,10,2894.4975299999996,-0.6177067153317525,-25296.829647148923,700584.0,-0.03610820350899952,170.6367346298176,,-0.0002134072352557,5.104394125290821e-05
ES,atlantic_to_iberia,2017-06-11,2017-06-22,12,2836.010941666666,-0.6052252542159975,-29742.81439533669,1085897.0,-0.02739008800589438,170.6367346298176,,-0.0002134072352557,5.104394125290821e-05
ES,atlantic_to_iberia,2018-08-02,2018-08-06,5,3690.7058399999996,-0.7876233294564657,-16127.696766805962,402620.0,-0.04005686942229885,170.6367346298176,,-0.0002134072352557,5.104394125290821e-05
ES,atlantic_to_iberia,2018-09-20,2018-09-23,4,3272.8566499999997,-0.6984512890647321,-11441.4189373433,211661.0,-0.05405539488778424,170.6367346298176,,-0.0002134072352557,5.104394125290821e-05
ES,atlantic_to_iberia,2019-06-01,2019-06-03,3,2534.0713,-0.5407891500738176,-6644.051617811805,254839.0,-0.026071565254187173,170.6367346298176,,-0.0002134072352557,5.104394125290821e-05
ES,atlantic_to_iberia,2019-06-26,2019-07-05,10,2506.8449899999996,-0.5349788585305029,-21908.890923751715,1053637.0,-0.02079358538448414,170.6367346298176,,-0.0002134072352557,5.104394125290821e-05
ES,atlantic_to_iberia,2019-07-22,2019-07-25,4,2523.542125,-0.5385421479475441,-8821.927064284517,448127.0,-0.019686220790723425,170.6367346298176,,-0.0002134072352557,5.104394125290821e-05
ES,atlantic_to_iberia,2019-09-29,2020-05-04,6,2638.49905,-0.5630747874852909,-13835.699004797068,34560734.47368421,-0.0004003300050041491,170.6367346298176,,-0.0002134072352557,5.104394125290821e-05
ES,atlantic_to_iberia,2020-07-27,2020-07-31,5,2568.3568400000004,-0.5481059323744664,-11223.240783793266,546238.0,-0.020546429914786717,170.6367346298176,,-0.0002134072352557,5.104394125290821e-05
ES,atlantic_to_iberia,2020-08-06,2020-08-08,3,2485.402,-0.5304027693189873,-6516.446154854717,300030.0,-0.021719315251323923,170.6367346298176,,-0.0002134072352557,5.104394125290821e-05
ES,atlantic_to_iberia,2020-09-13,2020-09-16,4,2647.977575,-0.565097573299843,-9256.934846891445,381048.0,-0.02429335634064854,170.6367346298176,,-0.0002134072352557,5.104394125290821e-05
ES,atlantic_to_iberia,2015-05-10,2015-05-14,5,2624.93286,-0.5601796643844374,-11470.467448390504,633339.0,-0.018111102345490335,170.6367346298176,,-0.0002134072352557,5.104394125290821e-05
ES,atlantic_to_iberia,2015-06-28,2015-07-07,10,2472.5204000000003,-0.5276537426773176,-21608.90679975828,1056311.0,-0.020456955195731444,170.6367346298176,,-0.0002134072352557,5.104394125290821e-05
ES,atlantic_to_iberia,2015-07-13,2015-07-16,4,2996.264525,-0.6394245283749832,-10474.494102155355,349144.0,-0.03000049865429552,170.6367346298176,,-0.0002134072352557,5.104394125290821e-05
ES,atlantic_to_iberia,2016-09-02,2016-09-06,5,3113.6904799999998,-0.6644840767787934,-13606.247169005077,295284.0,-0.046078511429691674,170.6367346298176,,-0.0002134072352557,5.104394125290821e-05
ES,atlantic_to_iberia,2017-06-11,2017-06-22,12,2836.010941666666,-0.6052252542159975,-29742.81439533669,1085897.0,-0.02739008800589438,170.6367346298176,,-0.0002134072352557,5.104394125290821e-05
ES,atlantic_to_iberia,2017-08-03,2017-08-05,3,2827.1038000000003,-0.6033244057388835,-7412.350069278595,263974.0,-0.028079849035429986,170.6367346298176,,-0.0002134072352557,5.104394125290821e-05
ES,atlantic_to_iberia,2018-08-02,2018-08-04,3,3825.9961333333335,-0.8164952569136652,-10031.334082594694,261094.0,-0.03842039297185954,170.6367346298176,,-0.0002134072352557,5.104394125290821e-05
ES,atlantic_to_iberia,2018-09-20,2018-09-28,9,3308.3297555555555,-0.7060215064472769,-26022.21215873502,874286.0,-0.02976395842863207,170.6367346298176,,-0.0002134072352557,5.104394125290821e-05
ES,atlantic_to_iberia,2019-06-27,2019-06-30,4,2322.33205,-0.495602462136202,-8118.526638088255,401926.0,-0.020199058130323133,170.6367346298176,,-0.0002134072352557,5.104394125290821e-05
ES,atlantic_to_iberia,2019-07-22,2019-07-25,4,2523.542125,-0.5385421479475441,-8821.927064284517,448127.0,-0.019686220790723425,170.6367346298176,,-0.0002134072352557,5.104394125290821e-05
ES,atlantic_to_iberia,2019-09-29,2020-05-07,9,2675.882944444444,-0.5710527810417707,-21047.597681380696,34867453.47368421,-0.000603645967356524,170.6367346298176,,-0.0002134072352557,5.104394125290821e-05
ES,atlantic_to_iberia,2020-09-13,2020-09-16,4,2647.977575,-0.565097573299843,-9256.934846891445,381048.0,-0.02429335634064854,170.6367346298176,,-0.0002134072352557,5.104394125290821e-05
ES,atlantic_to_iberia,2015-05-03,2015-05-14,12,2629.050133333333,-0.561058320303296,-27572.30199747208,1608432.0,-0.017142348571448515,170.6367346298176,,-0.0002134072352557,5.104394125290821e-05
ES,atlantic_to_iberia,2015-06-04,2015-06-07,4,2879.631175,-0.6145341276128728,-10066.761298026648,467544.0,-0.02153115278567717,170.6367346298176,,-0.0002134072352557,5.104394125290821e-05
ES,atlantic_to_iberia,2015-06-30,2015-07-07,8,2366.66205,-0.5050628048750873,-16546.995418917428,919471.0,-0.017996212407914363,170.6367346298176,,-0.0002134072352557,5.104394125290821e-05
ES,atlantic_to_iberia,2015-07-14,2015-07-21,8,2589.772575,-0.552676205171785,-18106.917687957597,605256.0,-0.029916130840433795,170.6367346298176,,-0.0002134072352557,5.104394125290821e-05
ES,atlantic_to_iberia,2016-09-03,2016-09-06,4,3139.17695,-0.6699230738779208,-10974.094634851053,242382.0,-0.045276029716938775,170.6367346298176,,-0.0002134072352557,5.104394125290821e-05
ES,atlantic_to_iberia,2017-06-11,2017-06-22,12,2836.010941666666,-0.6052252542159975,-29742.81439533669,1085897.0,-0.02739008800589438,170.6367346298176,,-0.0002134072352557,5.104394125290821e-05
ES,atlantic_to_iberia,2017-08-03,2017-08-05,3,2827.1038000000003,-0.6033244057388835,-7412.350069278595,263974.0,-0.028079849035429986,170.6367346298176,,-0.0002134072352557,5.104394125290821e-05
ES,atlantic_to_iberia,2018-08-01,2018-08-05,5,3845.12834,-0.8205782082427392,-16802.4943155513,449802.0,-0.03735531259432217,170.6367346298176,,-0.0002134072352557,5.104394125290821e-05
ES,atlantic_to_iberia,2018-09-20,2018-09-23,4,3272.8566499999997,-0.6984512890647321,-11441.4189373433,211661.0,-0.05405539488778424,170.6367346298176,,-0.0002134072352557,5.104394125290821e-05
ES,atlantic_to_iberia,2019-06-26,2019-06-30,5,2252.84774,-0.4807740076454521,-9844.524811141308,544049.0,-0.01809492308806984,170.6367346298176,,-0.0002134072352557,5.104394125290821e-05
ES,atlantic_to_iberia,2019-07-22,2019-07-25,4,2523.542125,-0.5385421479475441,-8821.927064284517,448127.0,-0.019686220790723425,170.6367346298176,,-0.0002134072352557,5.104394125290821e-05
ES,atlantic_to_iberia,2019-09-24,2020-05-04,11,2765.589272727273,-0.5901967605455494,-26587.241474267466,34965844.47368421,-0.0007603775019441445,170.6367346298176,,-0.0002134072352557,5.104394125290821e-05
ES,atlantic_to_iberia,2015-05-09,2015-05-14,6,2685.6308833333333,-0.5731330617294901,-14082.84779931502,684128.0,-0.020585106587239554,170.6367346298176,,-0.0002134072352557,5.104394125290821e-05
ES,atlantic_to_iberia,2015-06-05,2015-06-08,4,3087.45965,-0.6588862278700311,-10793.298663964802,471898.0,-0.022872100886133874,170.6367346298176,,-0.0002134072352557,5.104394125290821e-05
ES,atlantic_to_iberia,2015-06-29,2015-07-07,9,2406.5986666666668,-0.5135855678233873,-18929.49787721884,997409.0,-0.018978671615374275,170.6367346298176,,-0.0002134072352557,5.104394125290821e-05
ES,atlantic_to_iberia,2016-09-03,2016-09-13,11,2852.5132727272726,-0.6087469710629158,-27422.89317450355,871262.0,-0.03147491015848683,170.6367346298176,,-0.0002134072352557,5.104394125290821e-05
ES,atlantic_to_iberia,2017-06-13,2017-06-17,5,3011.0203599999995,-0.6425735303262224,-13157.597876930482,471009.0,-0.027934918179759797,170.6367346298176,,-0.0002134072352557,5.104394125290821e-05
ES,atlantic_to_iberia,2018-08-01,2018-08-05,5,3845.12834,-0.8205782082427392,-16802.4943155513,449802.0,-0.03735531259432217,170.6367346298176,,-0.0002134072352557,5.104394125290821e-05
ES,atlantic_to_iberia,2018-09-20,2018-09-23,4,3272.8566499999997,-0.6984512890647321,-11441.4189373433,211661.0,-0.05405539488778424,170.6367346298176,,-0.0002134072352557,5.104394125290821e-05
ES,atlantic_to_iberia,2019-06-27,2019-06-29,3,2326.165966666667,-0.4964206476922362,-6098.947079401605,312726.0,-0.01950252642697315,170.6367346298176,,-0.0002134072352557,5.104394125290821e-05
ES,atlantic_to_iberia,2019-07-05,2019-07-07,3,2483.0792333333334,-0.5299070741065098,-6510.356120359845,218762.0,-0.029759995430467104,170.6367346298176,,-0.0002134072352557,5.104394125290821e-05
ES,atlantic_to_iberia,2020-05-01,2020-05-08,8,2585.7177375,-0.5518108735114988,-18078.567473132058,1103117.0,-0.016388621944120215,170.6367346298176,,-0.0002134072352557,5.104394125290821e-05
ES,atlantic_to_iberia,2020-05-19,2020-05-22,4,3487.7678499999997,-0.744314894082217,-12192.716454002693,241877.0,-0.050408746817608506,170.6367346298176,,-0.0002134072352557,5.104394125290821e-05
ES,atlantic_to_iberia,2020-09-12,2020-09-17,6,2756.7446,-0.5883092433920806,-14455.752227274705,615590.0,-0.023482759998172006,170.6367346298176,,-0.0002134072352557,5.104394125290821e-05
ES,atlantic_to_iberia,2016-07-16,2016-07-18,3,3127.7513,-0.6674847575004215,-8200.614199323423,311964.0,-0.026287052991125333,170.6367346298176,,-0.0002134072352557,5.104394125290821e-05
ES,atlantic_to_iberia,2016-08-06,2016-08-12,7,3646.8199142857147,-0.7782577553831432,-22310.292829257036,1286375.0,-0.017343537327184556,170.6367346298176,,-0.0002134072352557,5.104394125290821e-05
ES,atlantic_to_iberia,2017-05-04,2017-05-08,5,3106.0927,-0.6628626555549124,-13573.046286232773,641153.0,-0.02116974620134784,170.6367346298176,,-0.0002134072352557,5.104394125290821e-05
ES,atlantic_to_iberia,2017-05-21,2017-05-25,5,3015.3939600000003,-0.6435068882103369,-13176.709693920835,542292.0,-0.024298181964552003,170.6367346298176,,-0.0002134072352557,5.104394125290821e-05
ES,atlantic_to_iberia,2017-06-17,2017-06-20,4,2913.1938999999998,-0.6216966559627701,-10184.091581161365,414312.0,-0.024580730418528464,170.6367346298176,,-0.0002134072352557,5.104394125290821e-05
ES,atlantic_to_iberia,2018-08-02,2018-08-05,4,3968.0251749999998,-0.8468052820217651,-13871.624466381672,339968.0,-0.040802735746839916,170.6367346298176,,-0.0002134072352557,5.104394125290821e-05
ES,atlantic_to_iberia,2018-08-19,2018-08-21,3,3689.596666666667,-0.7873866238419799,-9673.709931618618,341459.0,-0.028330516787135843,170.6367346298176,,-0.0002134072352557,5.104394125290821e-05
ES,atlantic_to_iberia,2019-05-12,2019-05-14,3,3988.7289333333333,-0.851223613847084,-10458.001289279462,468297.0,-0.022331984380167848,170.6367346298176,,-0.0002134072352557,5.104394125290821e-05
ES,atlantic_to_iberia,2019-05-30,2019-06-01,3,3441.061866666667,-0.7343474993091516,-9022.079474329383,265535.0,-0.0339769878710128,170.6367346298176,,-0.0002134072352557,5.104394125290821e-05
ES,atlantic_to_iberia,2020-05-26,2020-06-02,8,2857.1011124999995,-0.6097260492646096,-19975.999116528437,826762.0,-0.024161728667413885,170.6367346298176,,-0.0002134072352557,5.104394125290821e-05
ES,atlantic_to_iberia,2016-07-16,2016-07-19,4,2903.947325,-0.6197233699564357,-10151.76693342265,434780.0,-0.02334920404209635,170.6367346298176,,-0.0002134072352557,5.104394125290821e-05
ES,atlantic_to_iberia,2016-09-03,2016-09-06,4,3139.17695,-0.6699230738779208,-10974.094634851053,242382.0,-0.045276029716938775,170.6367346298176,,-0.0002134072352557,5.104394125290821e-05
ES,atlantic_to_iberia,2017-05-16,2017-05-25,10,3076.485449999999,-0.656544254188888,-26887.33624194259,1034687.0,-0.02598596120560381,170.6367346298176,,-0.0002134072352557,5.104394125290821e-05
ES,atlantic_to_iberia,2017-06-17,2017-06-21,5,2881.035,-0.6148337140249056,-12589.586076183958,452147.0,-0.027844011076450705,170.6367346298176,,-0.0002134072352557,5.104394125290821e-05
ES,atlantic_to_iberia,2018-08-02,2018-08-05,4,3968.0251749999998,-0.8468052820217651,-13871.624466381672,339968.0,-0.040802735746839916,170.6367346298176,,-0.0002134072352557,5.104394125290821e-05
ES,atlantic_to_iberia,2019-05-30,2019-06-01,3,3441.061866666667,-0.7343474993091516,-9022.079474329383,265535.0,-0.0339769878710128,170.6367346298176,,-0.0002134072352557,5.104394125290821e-05
ES,atlantic_to_iberia,2020-05-03,2020-05-06,4,2586.174425,-0.5519083339282497,-9040.88024798395,445551.0,-0.020291459895688597,170.6367346298176,,-0.0002134072352557,5.104394125290821e-05
ES,atlantic_to_iberia,2020-05-27,2020-05-30,4,3020.0195750000003,-0.6444940279188441,-10557.538215599045,449124.0,-0.023506956242817227,170.6367346298176,,-0.0002134072352557,5.104394125290821e-05
ES,atlantic_to_iberia,2020-07-27,2020-07-30,4,2636.2090500000004,-0.5625860849165555,-9215.793837920093,491290.0,-0.018758358277025978,170.6367346298176,,-0.0002134072352557,5.104394125290821e-05
ES,atlantic_to_iberia,2015-05-10,2015-05-13,4,2572.74365,-0.5490421093681582,-8993.928260817573,419737.0,-0.021427532623565643,170.6367346298176,,-0.0002134072352557,5.104394125290821e-05
ES,atlantic_to_iberia,2016-07-17,2016-07-19,3,2667.5764333333336,-0.5692801114709278,-6994.087150399033,337028.0,-0.020752243583319584,170.6367346298176,,-0.0002134072352557,5.104394125290821e-05
ES,atlantic_to_iberia,2016-09-03,2016-09-12,10,2894.4975299999996,-0.6177067153317525,-25296.829647148923,700584.0,-0.03610820350899952,170.6367346298176,,-0.0002134072352557,5.104394125290821e-05
ES,atlantic_to_iberia,2017-06-17,2017-06-21,5,2881.035,-0.6148337140249056,-12589.586076183958,452147.0,-0.027844011076450705,170.6367346298176,,-0.0002134072352557,5.104394125290821e-05
ES,atlantic_to_iberia,2018-08-02,2018-08-06,5,3690.7058399999996,-0.7876233294564657,-16127.696766805962,402620.0,-0.04005686942229885,170.6367346298176,,-0.0002134072352557,5.104394125290821e-05
ES,atlantic_to_iberia,2018-09-17,2018-09-27,11,3073.185418181818,-0.655840003522314,-29544.344713133112,943798.0,-0.031303673787328554,170.6367346298176,,-0.0002134072352557,5.104394125290821e-05
ES,atlantic_to_iberia,2019-07-22,2019-07-25,4,2523.542125,-0.5385421479475441,-8821.927064284517,448127.0,-0.019686220790723425,170.6367346298176,,-0.0002134072352557,5.104394125290821e-05
ES,atlantic_to_iberia,2019-09-29,2020-05-07,9,2675.882944444444,-0.5710527810417707,-21047.597681380696,34867453.47368421,-0.000603645967356524,170.6367346298176,,-0.0002134072352557,5.104394125290821e-05
ES,atlantic_to_iberia,2020-05-20,2020-05-30,11,3173.1375363636366,-0.6771705087214469,-30505.24340050179,1268546.0,-0.024047408135378447,170.6367346298176,,-0.0002134072352557,5.104394125290821e-05
ES,atlantic_to_iberia,2020-07-27,2020-07-30,4,2636.2090500000004,-0.5625860849165555,-9215.793837920093,491290.0,-0.018758358277025978,170.6367346298176,,-0.0002134072352557,5.104394125290821e-05
ES,atlantic_to_iberia,2015-05-10,2015-05-13,4,2572.74365,-0.5490421093681582,-8993.928260817573,419737.0,-0.021427532623565643,170.6367346298176,,-0.0002134072352557,5.104394125290821e-05
ES,atlantic_to_iberia,2015-06-29,2015-07-10,12,2553.513416666666,-0.5449382384391696,-26780.10669566923,1366938.0,-0.019591310429345903,170.6367346298176,,-0.0002134072352557,5.104394125290821e-05
ES,atlantic_to_iberia,2016-08-22,2016-08-25,4,2597.2771000000002,-0.5542777251039422,-9079.693544618916,433540.0,-0.020943150677259114,170.6367346298176,,-0.0002134072352557,5.104394125290821e-05
ES,atlantic_to_iberia,2016-09-03,2016-09-12,10,2894.4975299999996,-0.6177067153317525,-25296.829647148923,700584.0,-0.03610820350899952,170.6367346298176,,-0.0002134072352557,5.104394125290821e-05
ES,atlantic_to_iberia,2017-05-16,2017-05-25,10,3076.485449999999,-0.656544254188888,-26887.33624194259,1034687.0,-0.02598596120560381,170.6367346298176,,-0.0002134072352557,5.104394125290821e-05
ES,atlantic_to_iberia,2017-06-18,2017-06-21,4,2641.47295,-0.5637094392622178,-9234.195647588193,347955.0,-0.026538476663902494,170.6367346298176,,-0.0002134072352557,5.104394125290821e-05
ES,atlantic_to_iberia,2018-08-03,2018-08-06,4,3739.7955500000003,-0.7980994287470701,-13073.767721406988,317865.0,-0.04112993793405058,170.6367346298176,,-0.0002134072352557,5.104394125290821e-05
ES,atlantic_to_iberia,2018-09-17,2018-09-27,11,3073.185418181818,-0.655840003522314,-29544.344713133112,943798.0,-0.031303673787328554,170.6367346298176,,-0.0002134072352557,5.104394125290821e-05
ES,atlantic_to_iberia,2019-05-31,2019-06-02,3,3001.072066666666,-0.6404504925504431,-7868.475413342347,248126.0,-0.031711611896142876,170.6367346298176,,-0.0002134072352557,5.104394125290821e-05
ES,atlantic_to_iberia,2019-07-22,2019-07-25,4,2523.542125,-0.5385421479475441,-8821.927064284517,448127.0,-0.019686220790723425,170.6367346298176,,-0.0002134072352557,5.104394125290821e-05
ES,atlantic_to_iberia,2019-09-29,2020-05-07,9,2675.882944444444,-0.5710527810417707,-21047.597681380696,34867453.47368421,-0.000603645967356524,170.6367346298176,,-0.0002134072352557,5.104394125290821e-05
ES,atlantic_to_iberia,2020-05-28,2020-05-30,3,3021.7625999999996,-0.6448660020650756,-7922.72367836422,282338.0,-0.028061131262402582,170.6367346298176,,-0.0002134072352557,5.104394125290821e-05
ES,atlantic_to_iberia,2020-09-13,2020-09-17,5,2658.69226,-0.5673841646023287,-11617.989735408995,516203.0,-0.022506629630995936,170.6367346298176,,-0.0002134072352557,5.104394125290821e-05
ES,atlantic_to_iberia,2015-05-04,2015-05-10,7,2691.414528571429,-0.5743673334694518,-16465.37193189215,962665.0,-0.017103947823897358,170.6367346298176,,-0.0002134072352557,5.104394125290821e-05
ES,atlantic_to_iberia,2015-06-30,2015-07-10,11,2537.8244909090904,-0.5415901081691133,-24397.60423736782,1289000.0,-0.018927544016577053,170.6367346298176,,-0.0002134072352557,5.104394125290821e-05
ES,atlantic_to_iberia,2015-08-27,2015-08-30,4,2534.6652249999997,-0.5409158979660167,-8860.811763674561,519260.0,-0.01706430644315865,170.6367346298176,,-0.0002134072352557,5.104394125290821e-05
ES,atlantic_to_iberia,2016-08-22,2016-08-27,6,2541.9491833333336,-0.5424703473756513,-13329.41309419449,618047.0,-0.02156698939432517,170.6367346298176,,-0.0002134072352557,5.104394125290821e-05
ES,atlantic_to_iberia,2016-09-07,2016-09-12,6,2731.377916666667,-0.5828958096343071,-14322.735012297879,458202.0,-0.031258560661668607,170.6367346298176,,-0.0002134072352557,5.104394125290821e-05
ES,atlantic_to_iberia,2017-05-15,2017-05-28,14,2922.509114285714,-0.6236845900892988,-35758.29663563614,1447718.0,-0.02469976655373225,170.6367346298176,,-0.0002134072352557,5.104394125290821e-05
ES,atlantic_to_iberia,2017-06-19,2017-06-21,3,2469.106266666666,-0.5269251419218564,-6473.720564056712,256798.0,-0.025209388562437058,170.6367346298176,,-0.0002134072352557,5.104394125290821e-05
ES,atlantic_to_iberia,2019-07-23,2019-07-25,3,2430.1083333333336,-0.5186027007885038,-6371.472343158333,314965.0,-0.02022914401015457,170.6367346298176,,-0.0002134072352557,5.104394125290821e-05
ES,atlantic_to_iberia,2020-05-04,2020-05-08,5,2589.3385599999997,-0.5525835832305754,-11314.926990301134,641543.0,-0.01763705159326987,170.6367346298176,,-0.0002134072352557,5.104394125290821e-05
ES,atlantic_to_iberia,2020-05-28,2020-05-31,4,2942.1164499999995,-0.6278689373948149,-10285.20050424428,370390.0,-0.02776856962726931,170.6367346298176,,-0.0002134072352557,5.104394125290821e-05
ES,atlantic_to_iberia,2020-09-13,2020-09-17,5,2658.69226,-0.5673841646023287,-11617.989735408995,516203.0,-0.022506629630995936,170.6367346298176,,-0.0002134072352557,5.104394125290821e-05
ES,atlantic_to_iberia,2015-05-04,2015-05-10,7,2691.414528571429,-0.5743673334694518,-16465.37193189215,962665.0,-0.017103947823897358,170.6367346298176,,-0.0002134072352557,5.104394125290821e-05
ES,atlantic_to_iberia,2015-06-30,2015-07-10,11,2537.8244909090904,-0.5415901081691133,-24397.60423736782,1289000.0,-0.018927544016577053,170.6367346298176,,-0.0002134072352557,5.104394125290821e-05
ES,atlantic_to_iberia,2016-08-23,2016-08-27,5,2419.98858,-0.5164430722081674,-10574.899135655134,542734.0,-0.01948449725953254,170.6367346298176,,-0.0002134072352557,5.104394125290821e-05
ES,atlantic_to_iberia,2016-09-07,2016-09-12,6,2731.377916666667,-0.5828958096343071,-14322.735012297879,458202.0,-0.031258560661668607,170.6367346298176,,-0.0002134072352557,5.104394125290821e-05
ES,atlantic_to_iberia,2017-05-25,2017-05-28,4,2461.6557249999996,-0.5253351424236157,-8605.581435787772,408470.0,-0.021067842034391195,170.6367346298176,,-0.0002134072352557,5.104394125290821e-05
ES,atlantic_to_iberia,2017-06-19,2017-06-21,3,2469.106266666666,-0.5269251419218564,-6473.720564056712,256798.0,-0.025209388562437058,170.6367346298176,,-0.0002134072352557,5.104394125290821e-05
ES,atlantic_to_iberia,2019-07-22,2019-07-25,4,2523.542125,-0.5385421479475441,-8821.927064284517,448127.0,-0.019686220790723425,170.6367346298176,,-0.0002134072352557,5.104394125290821e-05
ES,atlantic_to_iberia,2020-05-04,2020-05-07,4,2665.5858,-0.5688552959148533,-9318.490576491762,533052.0,-0.017481391264814242,170.6367346298176,,-0.0002134072352557,5.104394125290821e-05
ES,atlantic_to_iberia,2020-09-13,2020-09-17,5,2658.69226,-0.5673841646023287,-11617.989735408995,516203.0,-0.022506629630995936,170.6367346298176,,-0.0002134072352557,5.104394125290821e-05
ES,atlantic_to_iberia,2015-06-30,2015-07-16,17,2714.192017647059,-0.579228214439149,-40325.745335881315,1804849.0,-0.02234300228766025,170.6367346298176,,-0.0002134072352557,5.104394125290821e-05
ES,atlantic_to_iberia,2016-08-23,2016-08-27,5,2419.98858,-0.5164430722081674,-10574.899135655134,542734.0,-0.01948449725953254,170.6367346298176,,-0.0002134072352557,5.104394125290821e-05
ES,atlantic_to_iberia,2016-09-07,2016-09-13,7,2688.705457142857,-0.5737891980257701,-16448.798539652504,628880.0,-0.026155703058854635,170.6367346298176,,-0.0002134072352557,5.104394125290821e-05
ES,atlantic_to_iberia,2017-05-15,2017-05-17,3,2912.5278999999996,-0.6215545267440898,-7636.322508335505,248213.0,-0.030765199680659373,170.6367346298176,,-0.0002134072352557,5.104394125290821e-05
ES,atlantic_to_iberia,2017-05-25,2017-05-28,4,2461.6557249999996,-0.5253351424236157,-8605.581435787772,408470.0,-0.021067842034391195,170.6367346298176,,-0.0002134072352557,5.104394125290821e-05
ES,atlantic_to_iberia,2017-06-08,2017-06-21,14,2801.197557142857,-0.5977958260748778,-34273.99171954851,1262221.0,-0.027153716916093546,170.6367346298176,,-0.0002134072352557,5.104394125290821e-05
ES,atlantic_to_iberia,2018-09-17,2018-09-20,4,2448.04555,-0.5224306326055195,-8558.002292965994,184603.0,-0.046358955666841783,170.6367346298176,,-0.0002134072352557,5.104394125290821e-05
ES,atlantic_to_iberia,2019-06-26,2019-07-05,10,2506.8449899999996,-0.5349788585305029,-21908.890923751715,1053637.0,-0.02079358538448414,170.6367346298176,,-0.0002134072352557,5.104394125290821e-05
ES,atlantic_to_iberia,2019-07-22,2019-07-25,4,2523.542125,-0.5385421479475441,-8821.927064284517,448127.0,-0.019686220790723425,170.6367346298176,,-0.0002134072352557,5.104394125290821e-05
ES,atlantic_to_iberia,2020-05-04,2020-05-07,4,2665.5858,-0.5688552959148533,-9318.490576491762,533052.0,-0.017481391264814242,170.6367346298176,,-0.0002134072352557,5.104394125290821e-05
ES,atlantic_to_iberia,2020-07-27,2020-07-31,5,2568.3568400000004,-0.5481059323744664,-11223.240783793266,546238.0,-0.020546429914786717,170.6367346298176,,-0.0002134072352557,5.104394125290821e-05
ES,atlantic_to_iberia,2020-08-06,2020-08-09,4,2351.692375,-0.5018681679206609,-8221.165957308534,380771.0,-0.021590840576904583,170.6367346298176,,-0.0002134072352557,5.104394125290821e-05
ES,atlantic_to_iberia,2020-09-13,2020-09-17,5,2658.69226,-0.5673841646023287,-11617.989735408995,516203.0,-0.022506629630995936,170.6367346298176,,-0.0002134072352557,5.104394125290821e-05
ES,atlantic_to_iberia,2015-05-11,2015-05-13,3,2500.425533333333,-0.5336089000314257,-6555.83617949553,310491.0,-0.02111441613282037,170.6367346298176,,-0.0002134072352557,5.104394125290821e-05
ES,atlantic_to_iberia,2015-06-30,2015-07-06,7,2318.5166,-0.49478821750044566,-14184.079688954116,833832.0,-0.017010716414042778,170.6367346298176,,-0.0002134072352557,5.104394125290821e-05
ES,atlantic_to_iberia,2016-09-04,2016-09-13,10,2849.6184299999995,-0.6081291906799884,-24904.603039369656,813978.0,-0.030596162352507877,170.6367346298176,,-0.0002134072352557,5.104394125290821e-05
ES,atlantic_to_iberia,2017-05-25,2017-05-28,4,2461.6557249999996,-0.5253351424236157,-8605.581435787772,408470.0,-0.021067842034391195,170.6367346298176,,-0.0002134072352557,5.104394125290821e-05
ES,atlantic_to_iberia,2017-06-11,2017-06-22,12,2836.010941666666,-0.6052252542159975,-29742.81439533669,1085897.0,-0.02739008800589438,170.6367346298176,,-0.0002134072352557,5.104394125290821e-05
ES,atlantic_to_iberia,2018-09-17,2018-09-20,4,2448.04555,-0.5224306326055195,-8558.002292965994,184603.0,-0.046358955666841783,170.6367346298176,,-0.0002134072352557,5.104394125290821e-05
ES,atlantic_to_iberia,2019-06-26,2019-07-05,10,2506.8449899999996,-0.5349788585305029,-21908.890923751715,1053637.0,-0.02079358538448414,170.6367346298176,,-0.0002134072352557,5.104394125290821e-05
ES,atlantic_to_iberia,2019-07-22,2019-07-25,4,2523.542125,-0.5385421479475441,-8821.927064284517,448127.0,-0.019686220790723425,170.6367346298176,,-0.0002134072352557,5.104394125290821e-05
ES,atlantic_to_iberia,2019-09-29,2020-05-07,9,2675.882944444444,-0.5710527810417707,-21047.597681380696,34867453.47368421,-0.000603645967356524,170.6367346298176,,-0.0002134072352557,5.104394125290821e-05
ES,atlantic_to_iberia,2020-07-27,2020-07-31,5,2568.3568400000004,-0.5481059323744664,-11223.240783793266,546238.0,-0.020546429914786717,170.6367346298176,,-0.0002134072352557,5.104394125290821e-05
ES,atlantic_to_iberia,2020-08-06,2020-08-09,4,2351.692375,-0.5018681679206609,-8221.165957308534,380771.0,-0.021590840576904583,170.6367346298176,,-0.0002134072352557,5.104394125290821e-05
ES,atlantic_to_iberia,2020-09-13,2020-09-17,5,2658.69226,-0.5673841646023287,-11617.989735408995,516203.0,-0.022506629630995936,170.6367346298176,,-0.0002134072352557,5.104394125290821e-05
ES,atlantic_to_iberia,2015-06-04,2015-06-08,5,2984.1861799999997,-0.6368469221620686,-13040.337510814203,576812.0,-0.022607604402845646,170.6367346298176,,-0.0002134072352557,5.104394125290821e-05
ES,atlantic_to_iberia,2016-09-02,2016-09-13,12,2865.78255,-0.6115787308395298,-30055.045708657584,924164.0,-0.0325213335605559,170.6367346298176,,-0.0002134072352557,5.104394125290821e-05
ES,atlantic_to_iberia,2017-06-13,2017-06-22,10,2797.47216,-0.5970007993703912,-24448.86407422906,867520.0,-0.028182478875679016,170.6367346298176,,-0.0002134072352557,5.104394125290821e-05
ES,atlantic_to_iberia,2018-08-02,2018-08-05,4,3968.0251749999998,-0.8468052820217651,-13871.624466381672,339968.0,-0.040802735746839916,170.6367346298176,,-0.0002134072352557,5.104394125290821e-05
ES,atlantic_to_iberia,2018-09-19,2018-09-28,10,3220.81328,-0.6873448573596427,-28148.70768586732,891601.0,-0.03157096917328191,170.6367346298176,,-0.0002134072352557,5.104394125290821e-05
ES,atlantic_to_iberia,2019-06-26,2019-07-04,9,2518.6427111111107,-0.5374965775751428,-19810.79874837896,999676.0,-0.01981721952750587,170.6367346298176,,-0.0002134072352557,5.104394125290821e-05
ES,atlantic_to_iberia,2019-07-22,2019-07-24,3,2512.7181,-0.5362322226979556,-6588.065914881718,330324.0,-0.019944254474036756,170.6367346298176,,-0.0002134072352557,5.104394125290821e-05
ES,atlantic_to_iberia,2019-09-13,2019-09-17,5,3396.3548800000003,-0.7248067048880048,-14841.437923186439,490129.0,-0.030280676971137066,170.6367346298176,,-0.0002134072352557,5.104394125290821e-05
ES,atlantic_to_iberia,2020-05-04,2020-05-06,3,2645.7904999999996,-0.5646308356707961,-6936.966869052223,375297.0,-0.018483939037754693,170.6367346298176,,-0.0002134072352557,5.104394125290821e-05
ES,atlantic_to_iberia,2020-05-20,2020-05-22,3,3193.9867,-0.6816198710904768,-8374.276012440685,144324.0,-0.05802414021535354,170.6367346298176,,-0.0002134072352557,5.104394125290821e-05
ES,atlantic_to_iberia,2020-09-12,2020-09-17,6,2756.7446,-0.5883092433920806,-14455.752227274705,615590.0,-0.023482759998172006,170.6367346298176,,-0.0002134072352557,5.104394125290821e-05
IT,domain,2017-06-26,2017-06-28,3,477.3434066666667,-1.846338329089721,-3637.0692456965116,147484.0,-0.024660771647748308,27.359476775623527,,-0.0038679455991293,0.0005004505101141
IT,domain,2017-07-30,2017-08-08,10,488.889225,-1.890996926300484,-12416.804757094455,198030.0,-0.0627016348891302,27.359476775623527,,-0.0038679455991293,0.0005004505101141
IT,domain,2019-08-07,2019-08-11,5,515.016432,-1.9920555416336743,-6540.1916792494385,126286.0,-0.05178873096977843,27.359476775623527,,-0.0038679455991293,0.0005004505101141
IT,domain,2020-05-05,2020-05-13,9,548.1105433333333,-2.120061763922536,-12528.816608072031,526176.0,-0.023811075777063248,27.359476775623527,,-0.0038679455991293,0.0005004505101141
IT,domain,2020-09-19,2020-09-24,6,528.176165,-2.0429566729767408,-8048.768493299363,214920.0,-0.0374500674357871,27.359476775623527,,-0.0038679455991293,0.0005004505101141
IT,domain,2017-07-30,2017-08-04,6,485.4557616666666,-1.8777164769105452,-7397.761009138515,96562.0,-0.07661151394066522,27.359476775623527,,-0.0038679455991293,0.0005004505101141
IT,domain,2019-06-07,2019-06-09,3,517.60763,-2.0020781545342468,-3943.8583755813315,94447.0,-0.041757370542011195,27.359476775623527,,-0.0038679455991293,0.0005004505101141
IT,domain,2019-07-07,2019-07-09,3,543.92135,-2.1038581920049673,-4144.353072722294,181588.0,-0.022822835609854694,27.359476775623527,,-0.0038679455991293,0.0005004505101141
IT,domain,2019-08-01,2019-08-07,7,522.38962,-2.0205746317098274,-9287.353271226086,228189.0,-0.04070026719616671,27.359476775623527,,-0.0038679455991293,0.0005004505101141
IT,domain,2020-05-12,2020-05-14,3,547.0187233333332,-2.1158386635584945,-4167.953191914837,249056.0,-0.016735004143304463,27.359476775623527,,-0.0038679455991293,0.0005004505101141
IT,domain,2017-06-25,2017-06-28,4,481.500085,-1.8624161347561339,-4891.654174599071,193094.0,-0.02533302005551219,27.359476775623527,,-0.0038679455991293,0.0005004505101141
IT,domain,2017-07-09,2017-07-11,3,495.66981333333325,-1.917223873103908,-3776.705426149729,111347.0,-0.03391834019910486,27.359476775623527,,-0.0038679455991293,0.0005004505101141
IT,domain,2017-08-02,2017-08-09,8,494.88631875,-1.9141933586783624,-10055.295118236183,170094.0,-0.059116107083354984,27.359476775623527,,-0.0038679455991293,0.0005004505101141
IT,domain,2019-07-04,2019-07-09,6,538.370625,-2.0823882896692405,-8204.119783061182,240578.0,-0.034101704158573026,27.359476775623527,,-0.0038679455991293,0.0005004505101141
IT,domain,2019-08-01,2019-08-07,7,522.38962,-2.0205746317098274,-9287.353271226086,228189.0,-0.04070026719616671,27.359476775623527,,-0.0038679455991293,0.0005004505101141
IT,domain,2020-05-12,2020-05-14,3,547.0187233333332,-2.1158386635584945,-4167.953191914837,249056.0,-0.016735004143304463,27.359476775623527,,-0.0038679455991293,0.0005004505101141
IT,domain,2020-08-14,2020-08-16,3,502.9527166666667,-1.945393747000959,-3832.1967629171504,100157.0,-0.03826189645174227,27.359476775623527,,-0.0038679455991293,0.0005004505101141
IT,domain,2017-06-26,2017-06-28,3,477.3434066666667,-1.846338329089721,-3637.0692456965116,147484.0,-0.024660771647748308,27.359476775623527,,-0.0038679455991293,0.0005004505101141
IT,domain,2017-08-02,2017-08-10,9,499.05359444444446,-1.9303121543610473,-11407.463400300097,208203.0,-0.054790101008631464,27.359476775623527,,-0.0038679455991293,0.0005004505101141
IT,domain,2018-09-19,2018-09-24,6,527.2137966666667,-2.039234284617083,-8034.103159205232,166569.0,-0.048232883424918396,27.359476775623527,,-0.0038679455991293,0.0005004505101141
IT,domain,2019-07-06,2019-07-10,5,546.2373500000001,-2.1128163540125513,-6936.665996251677,289208.0,-0.023985041894593776,27.359476775623527,,-0.0038679455991293,0.0005004505101141
IT,domain,2020-05-13,2020-05-16,4,562.16028,-2.1744053810312947,-5711.096978219187,305733.0,-0.018680014843733543,27.359476775623527,,-0.0038679455991293,0.0005004505101141
IT,domain,2020-09-15,2020-09-25,11,535.4792872727273,-2.0712047526314397,-14960.10867837577,567466.0,-0.02636300444145688,27.359476775623527,,-0.0038679455991293,0.0005004505101141
IT,domain,2017-06-28,2017-06-30,3,476.5246466666667,-1.843171409950978,-3630.8307876513877,190764.0,-0.019033102617115324,27.359476775623527,,-0.0038679455991293,0.0005004505101141
IT,domain,2017-07-11,2017-07-13,3,495.36087333333336,-1.9160289099905132,-3774.351489430227,130659.0,-0.028887037934089706,27.359476775623527,,-0.0038679455991293,0.0005004505101141
IT,domain,2017-08-02,2017-08-10,9,499.05359444444446,-1.9303121543610473,-11407.463400300097,208203.0,-0.054790101008631464,27.359476775623527,,-0.0038679455991293,0.0005004505101141
IT,domain,2018-06-01,2018-06-07,7,499.5516214285714,-1.932238495642549,-8881.325753411673,186968.0,-0.047501849265177316,27.359476775623527,,-0.0038679455991293,0.0005004505101141
IT,domain,2019-06-08,2019-06-14,7,497.5992985714286,-1.9246870170391839,-8846.616196828649,184590.0,-0.04792576085827319,27.359476775623527,,-0.0038679455991293,0.0005004505101141
IT,domain,2020-05-13,2020-05-17,5,570.374924,-2.2061791771395085,-7243.188955177513,335258.0,-0.021604820631207944,27.359476775623527,,-0.0038679455991293,0.0005004505101141
IT,domain,2017-06-28,2017-06-30,3,476.5246466666667,-1.843171409950978,-3630.8307876513877,190764.0,-0.019033102617115324,27.359476775623527,,-0.0038679455991293,0.0005004505101141
IT,domain,2017-07-09,2017-07-12,4,487.80207999999993,-1.8867919085821183,-4955.677382715538,151500.0,-0.03271074180010256,27.359476775623527,,-0.0038679455991293,0.0005004505101141
IT,domain,2017-08-03,2017-08-10,8,496.1840725,-1.9192129995844285,-10081.663390004147,191544.0,-0.05263366845217886,27.359476775623527,,-0.0038679455991293,0.0005004505101141
IT,domain,2018-06-01,2018-06-04,4,485.95398750000004,-1.87964358732996,-4936.902247104358,69718.0,-0.07081244796328579,27.359476775623527,,-0.0038679455991293,0.0005004505101141
IT,domain,2019-06-08,2019-06-15,8,494.47604875,-1.9126064566374077,-10046.959090805522,220230.0,-0.04562030191529547,27.359476775623527,,-0.0038679455991293,0.0005004505101141
IT,domain,2019-07-08,2019-07-10,3,564.2305500000001,-2.182413072766805,-4299.096944101001,185365.0,-0.023192603480166163,27.359476775623527,,-0.0038679455991293,0.0005004505101141
IT,domain,2020-05-14,2020-05-17,4,582.7087799999999,-2.2538858611750032,-5919.853235877479,250850.0,-0.023599175745973606,27.359476775623527,,-0.0038679455991293,0.0005004505101141
IT,domain,2017-08-04,2017-08-11,8,502.770795,-1.9446900838909895,-10215.495011712172,275091.0,-0.03713496629010826,27.359476775623527,,-0.0038679455991293,0.0005004505101141
IT,domain,2018-05-27,2018-06-03,8,481.00835,-1.860514130526946,-9773.317083815306,118515.0,-0.08246481106877024,27.359476775623527,,-0.0038679455991293,0.0005004505101141
IT,domain,2019-07-08,2019-07-10,3,564.2305500000001,-2.182413072766805,-4299.096944101001,185365.0,-0.023192603480166163,27.359476775623527,,-0.0038679455991293,0.0005004505101141
IT,domain,2020-09-15,2020-09-18,4,551.986105,-2.1350522256152735,-5607.735531020582,217129.0,-0.025826745994411534,27.359476775623527,,-0.0038679455991293,0.0005004505101141
IT,domain,2017-08-04,2017-08-11,8,502.770795,-1.9446900838909895,-10215.495011712172,275091.0,-0.03713496629010826,27.359476775623527,,-0.0038679455991293,0.0005004505101141
IT,domain,2018-05-28,2018-06-08,12,491.126,-1.8996486503179764,-14968.337221503145,300899.0,-0.04974538706178201,27.359476775623527,,-0.0038679455991293,0.0005004505101141
IT,domain,2019-07-07,2019-07-10,4,554.3716625,-2.1442794322488683,-5631.970879397772,260123.0,-0.021651183783816776,27.359476775623527,,-0.0038679455991293,0.0005004505101141
IT,domain,2020-05-14,2020-05-17,4,582.7087799999999,-2.2538858611750032,-5919.853235877479,250850.0,-0.023599175745973606,27.359476775623527,,-0.0038679455991293,0.0005004505101141
IT,domain,2017-06-26,2017-06-28,3,477.3434066666667,-1.846338329089721,-3637.0692456965116,147484.0,-0.024660771647748308,27.359476775623527,,-0.0038679455991293,0.0005004505101141
IT,domain,2017-07-31,2017-08-03,4,485.67292249999997,-1.8785564432001405,-4934.046852425489,73289.0,-0.06732315698707159,27.359476775623527,,-0.0038679455991293,0.0005004505101141
IT,domain,2018-09-17,2018-09-24,8,521.0708775,-2.015473807460568,-10587.323294802227,177417.0,-0.05967479607254224,27.359476775623527,,-0.0038679455991293,0.0005004505101141
IT,domain,2019-07-04,2019-07-09,6,538.370625,-2.0823882896692405,-8204.119783061182,240578.0,-0.034101704158573026,27.359476775623527,,-0.0038679455991293,0.0005004505101141
IT,domain,2020-05-05,2020-05-13,9,548.1105433333333,-2.120061763922536,-12528.816608072031,526176.0,-0.023811075777063248,27.359476775623527,,-0.0038679455991293,0.0005004505101141
IT,domain,2020-07-30,2020-08-01,3,540.9693166666667,-2.0924398876648183,-4121.86035678868,64188.0,-0.06421543523382377,27.359476775623527,,-0.0038679455991293,0.0005004505101141
IT,domain,2020-09-19,2020-09-25,7,526.0468199999999,-2.0347204823549627,-9352.373147355185,350337.0,-0.02669536231501436,27.359476775623527,,-0.0038679455991293,0.0005004505101141
IT,domain,2017-06-24,2017-06-27,4,489.57194,-1.8936376307801936,-4973.657738954637,144555.0,-0.03440668077171068,27.359476775623527,,-0.0038679455991293,0.0005004505101141
IT,domain,2017-08-02,2017-08-06,5,501.94037799999995,-1.9414780761103971,-6374.138920046958,100441.0,-0.06346152388015809,27.359476775623527,,-0.0038679455991293,0.0005004505101141
IT,domain,2019-06-28,2019-07-09,12,539.0663875,-2.0850794611691548,-16429.444730837888,394727.0,-0.04162229776741365,27.359476775623527,,-0.0038679455991293,0.0005004505101141
IT,domain,2020-07-31,2020-08-02,3,532.88315,-2.0611630348926586,-4060.2486372421963,80488.0,-0.05044539107993982,27.359476775623527,,-0.0038679455991293,0.0005004505101141
IT,domain,2020-09-14,2020-09-24,11,538.3055036363637,-2.0821364037773544,-15039.066921866279,474629.0,-0.031685941908029806,27.359476775623527,,-0.0038679455991293,0.0005004505101141
IT,domain,2017-06-25,2017-06-28,4,481.500085,-1.8624161347561339,-4891.654174599071,193094.0,-0.02533302005551219,27.359476775623527,,-0.0038679455991293,0.0005004505101141
IT,domain,2017-08-03,2017-08-07,5,492.46586400000007,-1.9048311713802086,-6253.822103383269,119163.0,-0.05248124084978784,27.359476775623527,,-0.0038679455991293,0.0005004505101141
IT,domain,2019-07-05,2019-07-13,9,532.0165611111111,-2.0578111162136263,-12160.937255615994,441396.0,-0.027551081694478414,27.359476775623527,,-0.0038679455991293,0.0005004505101141
IT,domain,2019-09-22,2019-09-26,5,511.114526,-1.9769631814927582,-6490.64139003767,264470.0,-0.02454207051853772,27.359476775623527,,-0.0038679455991293,0.0005004505101141
IT,domain,2020-09-14,2020-09-25,12,536.2192741666667,-2.074066981681266,-16342.6715759221,610046.0,-0.02678924470600922,27.359476775623527,,-0.0038679455991293,0.0005004505101141
IT,domain,2017-08-04,2017-08-09,6,495.27602666666667,-1.915700727699579,-7547.410017870007,135807.0,-0.05557452869049465,27.359476775623527,,-0.0038679455991293,0.0005004505101141
IT,domain,2019-06-29,2019-07-10,12,541.0618916666666,-2.0927979627286573,-16490.262890115915,435259.0,-0.03788609285532502,27.359476775623527,,-0.0038679455991293,0.0005004505101141
IT,domain,2020-05-13,2020-05-16,4,562.16028,-2.1744053810312947,-5711.096978219187,305733.0,-0.018680014843733543,27.359476775623527,,-0.0038679455991293,0.0005004505101141
IT,domain,2020-09-09,2020-09-25,17,546.67675,-2.1145159293088085,-23603.63617952102,767549.0,-0.030751960043620696,27.359476775623527,,-0.0038679455991293,0.0005004505101141
IT,domain,2017-08-05,2017-08-10,6,500.9932733333333,-1.937814726783049,-7634.53396985502,159640.0,-0.04782344005171022,27.359476775623527,,-0.0038679455991293,0.0005004505101141
IT,domain,2018-05-29,2018-06-03,6,473.9694083333333,-1.8332878870848346,-7222.722821241043,97301.0,-0.07423071521609277,27.359476775623527,,-0.0038679455991293,0.0005004505101141
IT,domain,2019-06-27,2019-06-29,3,539.61395,-2.0871974031312783,-4111.53327915206,139780.0,-0.02941431734977865,27.359476775623527,,-0.0038679455991293,0.0005004505101141
IT,domain,2019-07-05,2019-07-10,6,542.0145916666667,-2.0964829545009476,-8259.649445398934,302385.0,-0.02731501048464353,27.359476775623527,,-0.0038679455991293,0.0005004505101141
IT,domain,2020-05-13,2020-05-16,4,562.16028,-2.1744053810312947,-5711.096978219187,305733.0,-0.018680014843733543,27.359476775623527,,-0.0038679455991293,0.0005004505101141
IT,domain,2020-09-09,2020-09-18,10,561.1177009999999,-2.1703727421765,-14251.263032165833,417212.0,-0.03415832486161911,27.359476775623527,,-0.0038679455991293,0.0005004505101141
IT,domain,2017-06-27,2017-06-30,4,477.4404525,-1.8467136970936764,-4850.411568658588,243790.0,-0.019895859422694073,27.359476775623527,,-0.0038679455991293,0.0005004505101141
IT,domain,2017-08-06,2017-08-10,5,504.43747199999996,-1.9511366998583093,-6405.849507100818,141156.0,-0.04538134763737155,27.359476775623527,,-0.0038679455991293,0.0005004505101141
IT,domain,2018-05-29,2018-06-07,10,491.65463500000004,-1.9016933817397723,-12487.040618895902,237128.0,-0.052659494529941224,27.359476775623527,,-0.0038679455991293,0.0005004505101141
IT,domain,2019-06-10,2019-06-12,3,497.82696333333337,-1.92556761195307,-3793.141609856847,78070.0,-0.04858641744404825,27.359476775623527,,-0.0038679455991293,0.0005004505101141
IT,domain,2019-07-08,2019-07-10,3,564.2305500000001,-2.182413072766805,-4299.096944101001,185365.0,-0.023192603480166163,27.359476775623527,,-0.0038679455991293,0.0005004505101141
IT,domain,2020-05-13,2020-05-18,6,572.1926699999999,-2.2132101197805434,-8719.527005526346,384901.0,-0.022653947393034432,27.359476775623527,,-0.0038679455991293,0.0005004505101141
IT,domain,2020-09-08,2020-09-17,10,558.7806449999999,-2.1613331367063813,-14191.906501944908,379276.0,-0.037418414299731355,27.359476775623527,,-0.0038679455991293,0.0005004505101141
IT,domain,2017-06-27,2017-06-30,4,477.4404525,-1.8467136970936764,-4850.411568658588,243790.0,-0.019895859422694073,27.359476775623527,,-0.0038679455991293,0.0005004505101141
IT,domain,2017-07-22,2017-07-24,3,478.6404733333333,-1.8513553123948316,-3646.952112448342,148048.0,-0.024633579058469836,27.359476775623527,,-0.0038679455991293,0.0005004505101141
IT,domain,2017-08-03,2017-08-10,8,496.1840725,-1.9192129995844285,-10081.663390004147,191544.0,-0.05263366845217886,27.359476775623527,,-0.0038679455991293,0.0005004505101141
IT,domain,2018-05-28,2018-06-04,8,484.57500625,-1.8743097628727405,-9845.785810107107,129044.0,-0.07629789691971038,27.359476775623527,,-0.0038679455991293,0.0005004505101141
IT,domain,2019-06-08,2019-06-15,8,494.47604875,-1.9126064566374077,-10046.959090805522,220230.0,-0.04562030191529547,27.359476775623527,,-0.0038679455991293,0.0005004505101141
IT,domain,2020-05-13,2020-05-17,5,570.374924,-2.2061791771395085,-7243.188955177513,335258.0,-0.021604820631207944,27.359476775623527,,-0.0038679455991293,0.0005004505101141
IT,domain,2017-08-07,2017-08-11,5,499.97977199999997,-1.9338945587610705,-6349.241192031386,208937.0,-0.030388304570427384,27.359476775623527,,-0.0038679455991293,0.0005004505101141
IT,domain,2018-05-27,2018-06-08,13,491.12794230769225,-1.899656163058467,-16215.762786558886,312947.0,-0.05181632284878553,27.359476775623527,,-0.0038679455991293,0.0005004505101141
IT,domain,2019-07-07,2019-07-10,4,554.3716625,-2.1442794322488683,-5631.970879397772,260123.0,-0.021651183783816776,27.359476775623527,,-0.0038679455991293,0.0005004505101141
IT,domain,2020-09-14,2020-09-18,5,550.4607100000001,-2.12915208073809,-6990.298428566914,259709.0,-0.02691588827713677,27.359476775623527,,-0.0038679455991293,0.0005004505101141
IT,domain,2018-08-02,2018-08-09,8,527.19064875,-2.039144749734683,-10711.667217120135,99731.0,-0.10740559321695496,27.359476775623527,,-0.0038679455991293,0.0005004505101141
IT,domain,2018-09-11,2018-09-24,14,527.7148114285715,-2.041172182460491,-18764.05538148174,272215.0,-0.06893101181596069,27.359476775623527,,-0.0038679455991293,0.0005004505101141
IT,domain,2019-06-30,2019-07-09,10,537.9395199999999,-2.080720798981728,-13662.583770311378,295185.0,-0.046284817217376824,27.359476775623527,,-0.0038679455991293,0.0005004505101141
IT,domain,2020-05-05,2020-05-13,9,548.1105433333333,-2.120061763922536,-12528.816608072031,526176.0,-0.023811075777063248,27.359476775623527,,-0.0038679455991293,0.0005004505101141
IT,domain,2020-07-30,2020-08-01,3,540.9693166666667,-2.0924398876648183,-4121.86035678868,64188.0,-0.06421543523382377,27.359476775623527,,-0.0038679455991293,0.0005004505101141
IT,domain,2020-09-13,2020-09-25,13,538.2854707692306,-2.082058917737089,-17772.781292856016,669428.0,-0.02654920513162882,27.359476775623527,,-0.0038679455991293,0.0005004505101141
IT,domain,2017-07-31,2017-08-08,9,490.7708544444444,-1.8982749666293148,-11218.134930460328,189033.0,-0.05934484947316251,27.359476775623527,,-0.0038679455991293,0.0005004505101141
IT,domain,2019-06-25,2019-06-28,4,515.5748975,-1.9942156558066648,-5237.826904380219,208399.0,-0.02513364701548577,27.359476775623527,,-0.0038679455991293,0.0005004505101141
IT,domain,2019-07-07,2019-07-09,3,543.92135,-2.1038581920049673,-4144.353072722294,181588.0,-0.022822835609854694,27.359476775623527,,-0.0038679455991293,0.0005004505101141
IT,domain,2020-07-30,2020-08-01,3,540.9693166666667,-2.0924398876648183,-4121.86035678868,64188.0,-0.06421543523382377,27.359476775623527,,-0.0038679455991293,0.0005004505101141
IT,domain,2017-08-03,2017-08-07,5,492.46586400000007,-1.9048311713802086,-6253.822103383269,119163.0,-0.05248124084978784,27.359476775623527,,-0.0038679455991293,0.0005004505101141
IT,domain,2019-06-28,2019-07-13,16,536.9112968750001,-2.0767436878704615,-21818.350347730426,612273.0,-0.03563500325464364,27.359476775623527,,-0.0038679455991293,0.0005004505101141
IT,domain,2020-05-11,2020-05-16,6,559.4613766666666,-2.163966169760653,-8525.517431731429,464938.0,-0.018336891008546147,27.359476775623527,,-0.0038679455991293,0.0005004505101141
IT,domain,2020-07-31,2020-08-02,3,532.88315,-2.0611630348926586,-4060.2486372421963,80488.0,-0.05044539107993982,27.359476775623527,,-0.0038679455991293,0.0005004505101141
IT,domain,2020-09-09,2020-09-25,17,546.67675,-2.1145159293088085,-23603.63617952102,767549.0,-0.030751960043620696,27.359476775623527,,-0.0038679455991293,0.0005004505101141
IT,domain,2017-08-04,2017-08-09,6,495.27602666666667,-1.915700727699579,-7547.410017870007,135807.0,-0.05557452869049465,27.359476775623527,,-0.0038679455991293,0.0005004505101141
IT,domain,2019-06-27,2019-07-10,14,541.7114035714286,-2.0953102394422634,-19261.73485613892,513500.0,-0.03751068131672623,27.359476775623527,,-0.0038679455991293,0.0005004505101141
IT,domain,2019-09-13,2019-09-23,11,558.3360636363636,-2.1596135201774493,-15598.676530699016,432789.0,-0.036042220413871465,27.359476775623527,,-0.0038679455991293,0.0005004505101141
IT,domain,2020-05-14,2020-05-16,3,575.8672066666667,-2.227423027709216,-4387.761258919152,221325.0,-0.019824968977382364,27.359476775623527,,-0.0038679455991293,0.0005004505101141
IT,domain,2020-09-08,2020-09-25,18,546.7996305555555,-2.1149912246128877,-24997.70302147175,816606.0,-0.030611706283656684,27.359476775623527,,-0.0038679455991293,0.0005004505101141
IT,domain,2018-09-22,2018-09-24,3,549.7032333333333,-2.126222202198813,-4188.407541182895,128650.0,-0.03255660739357089,27.359476775623527,,-0.0038679455991293,0.0005004505101141
IT,domain,2019-06-26,2019-06-30,5,524.544786,-2.0289106965549206,-6661.192209865021,220608.0,-0.030194699239669553,27.359476775623527,,-0.0038679455991293,0.0005004505101141
IT,domain,2019-07-07,2019-07-09,3,543.92135,-2.1038581920049673,-4144.353072722294,181588.0,-0.022822835609854694,27.359476775623527,,-0.0038679455991293,0.0005004505101141
IT,domain,2020-05-14,2020-05-18,5,582.4233039999999,-2.252781655537146,-7396.1912862263125,300493.0,-0.024613522731731896,27.359476775623527,,-0.0038679455991293,0.0005004505101141
IT,domain,2020-09-08,2020-09-25,18,546.7996305555555,-2.1149912246128877,-24997.70302147175,816606.0,-0.030611706283656684,27.359476775623527,,-0.0038679455991293,0.0005004505101141
IT,domain,2017-08-01,2017-08-10,10,496.5675010000001,-1.9206960801635846,-12611.817551584018,231655.0,-0.054442241918301,27.359476775623527,,-0.0038679455991293,0.0005004505101141
IT,domain,2019-06-09,2019-06-14,6,494.717465,-1.9135402415591534,-7538.898210934851,143215.0,-0.05264042321638691,27.359476775623527,,-0.0038679455991293,0.0005004505101141
IT,domain,2020-05-13,2020-05-18,6,572.1926699999999,-2.2132101197805434,-8719.527005526346,384901.0,-0.022653947393034432,27.359476775623527,,-0.0038679455991293,0.0005004505101141
IT,domain,2020-09-08,2020-09-18,11,560.0059645454544,-2.166072606049749,-15645.329874116564,466269.0,-0.033554299930118804,27.359476775623527,,-0.0038679455991293,0.0005004505101141
IT,domain,2017-07-10,2017-07-12,3,479.3153733333333,-1.8539657888796839,-3652.0944439431064,136027.0,-0.02684830543894305,27.359476775623527,,-0.0038679455991293,0.0005004505101141
IT,domain,2017-08-02,2017-08-11,10,500.9600750000001,-1.9376863174357342,-12723.380112078348,309378.0,-0.04112567833549363,27.359476775623527,,-0.0038679455991293,0.0005004505101141
IT,domain,2019-06-08,2019-06-15,8,494.47604875,-1.9126064566374077,-10046.959090805522,220230.0,-0.04562030191529547,27.359476775623527,,-0.0038679455991293,0.0005004505101141
IT,domain,2020-05-14,2020-05-17,4,582.7087799999999,-2.2538858611750032,-5919.853235877479,250850.0,-0.023599175745973606,27.359476775623527,,-0.0038679455991293,0.0005004505101141
IT,domain,2017-08-03,2017-08-11,9,498.62122,-1.9286397535314823,-11397.580101782398,292719.0,-0.03893693303742633,27.359476775623527,,-0.0038679455991293,0.0005004505101141
IT,domain,2018-05-28,2018-06-08,12,491.126,-1.8996486503179764,-14968.337221503145,300899.0,-0.04974538706178201,27.359476775623527,,-0.0038679455991293,0.0005004505101141
IT,domain,2019-07-07,2019-07-09,3,543.92135,-2.1038581920049673,-4144.353072722294,181588.0,-0.022822835609854694,27.359476775623527,,-0.0038679455991293,0.0005004505101141
IT,domain,2020-09-13,2020-09-18,6,552.5638966666667,-2.1372870923495704,-8420.408145500833,319091.0,-0.026388735957770144,27.359476775623527,,-0.0038679455991293,0.0005004505101141
IT,domain,2016-09-05,2016-09-14,10,488.13469599999996,-1.8880784491755185,-12397.641235385492,329015.0,-0.03768108212508698,27.359476775623527,,-0.0038679455991293,0.0005004505101141
IT,domain,2017-06-16,2017-06-18,3,542.5623533333334,-2.098601666828903,-4133.998336672094,115421.0,-0.035816691387807194,27.359476775623527,,-0.0038679455991293,0.0005004505101141
IT,domain,2018-08-03,2018-08-09,7,526.3294214285714,-2.0358135693069133,-9357.397403583891,71459.0,-0.1309477798959388,27.359476775623527,,-0.0038679455991293,0.0005004505101141
IT,domain,2018-09-20,2018-09-25,6,538.1129999999999,-2.0813918101842646,-8200.193888406153,258267.0,-0.0317508388156681,27.359476775623527,,-0.0038679455991293,0.0005004505101141
IT,domain,2019-06-26,2019-07-09,14,535.382825,-2.0708316418081623,-19036.708390652988,493822.0,-0.03854973733582746,27.359476775623527,,-0.0038679455991293,0.0005004505101141
IT,domain,2020-09-12,2020-09-24,13,540.9113592307692,-2.0922157114557014,-17859.481276156075,565286.0,-0.031593708806084135,27.359476775623527,,-0.0038679455991293,0.0005004505101141
IT,domain,2016-09-05,2016-09-13,9,486.45946666666663,-1.8815987532481195,-11119.584396355367,323484.0,-0.034374449420544344,27.359476775623527,,-0.0038679455991293,0.0005004505101141
IT,domain,2017-08-01,2017-08-06,6,497.31575833333335,-1.923590298823067,-7578.493071330877,123893.0,-0.061169663107123705,27.359476775623527,,-0.0038679455991293,0.0005004505101141
IT,domain,2018-09-12,2018-09-15,4,543.6980249999999,-2.1029943830540416,-5523.535294313643,48297.0,-0.11436601226398416,27.359476775623527,,-0.0038679455991293,0.0005004505101141
IT,domain,2018-09-21,2018-09-24,4,538.939025,-2.084586829947786,-5475.187676229803,145894.0,-0.037528532196182185,27.359476775623527,,-0.0038679455991293,0.0005004505101141
IT,domain,2019-06-26,2019-07-09,14,535.382825,-2.0708316418081623,-19036.708390652988,493822.0,-0.03854973733582746,27.359476775623527,,-0.0038679455991293,0.0005004505101141
IT,domain,2020-07-30,2020-08-01,3,540.9693166666667,-2.0924398876648183,-4121.86035678868,64188.0,-0.06421543523382377,27.359476775623527,,-0.0038679455991293,0.0005004505101141
IT,domain,2020-09-09,2020-09-19,11,557.7536099999999,-2.1573606211979794,-15582.40406245007,443951.0,-0.035099378225187175,27.359476775623527,,-0.0038679455991293,0.0005004505101141
IT,domain,2017-08-03,2017-08-07,5,492.46586400000007,-1.9048311713802086,-6253.822103383269,119163.0,-0.05248124084978784,27.359476775623527,,-0.0038679455991293,0.0005004505101141
IT,domain,2018-09-21,2018-09-24,4,538.939025,-2.084586829947786,-5475.187676229803,145894.0,-0.037528532196182185,27.359476775623527,,-0.0038679455991293,0.0005004505101141
IT,domain,2019-06-26,2019-06-29,4,528.9910875,-2.0461087488742473,-5374.124620341608,198637.0,-0.027055002946790415,27.359476775623527,,-0.0038679455991293,0.0005004505101141
IT,domain,2019-07-05,2019-07-09,5,533.27299,-2.062670914805023,-6772.03163872346,223850.0,-0.030252542500439846,27.359476775623527,,-0.0038679455991293,0.0005004505101141
IT,domain,2020-09-08,2020-09-25,18,546.7996305555555,-2.1149912246128877,-24997.70302147175,816606.0,-0.030611706283656684,27.359476775623527,,-0.0038679455991293,0.0005004505101141
IT,domain,2017-08-01,2017-08-07,7,494.0759642857143,-1.9110589516944938,-8783.976264963136,159274.0,-0.055150095213048804,27.359476775623527,,-0.0038679455991293,0.0005004505101141
IT,domain,2018-09-22,2018-09-24,3,549.7032333333333,-2.126222202198813,-4188.407541182895,128650.0,-0.03255660739357089,27.359476775623527,,-0.0038679455991293,0.0005004505101141
IT,domain,2019-06-26,2019-07-08,13,531.8754923076923,-2.0572654697562682,-17561.14053441972,437212.0,-0.04016619062244339,27.359476775623527,,-0.0038679455991293,0.0005004505101141
IT,domain,2020-09-08,2020-09-19,12,557.0148591666665,-2.1545031731633344,-16976.470904400798,493008.0,-0.034434473486030244,27.359476775623527,,-0.0038679455991293,0.0005004505101141
IT,domain,2017-08-01,2017-08-10,10,496.5675010000001,-1.9206960801635846,-12611.817551584018,231655.0,-0.054442241918301,27.359476775623527,,-0.0038679455991293,0.0005004505101141
IT,domain,2019-06-09,2019-06-14,6,494.717465,-1.9135402415591534,-7538.898210934851,143215.0,-0.05264042321638691,27.359476775623527,,-0.0038679455991293,0.0005004505101141
IT,domain,2017-08-02,2017-08-10,9,499.05359444444446,-1.9303121543610473,-11407.463400300097,208203.0,-0.054790101008631464,27.359476775623527,,-0.0038679455991293,0.0005004505101141
IT,domain,2019-06-10,2019-06-15,6,488.845525,-1.890827897077802,-7449.416918899374,159819.0,-0.04661158509876406,27.359476775623527,,-0.0038679455991293,0.0005004505101141
IT,domain,2017-08-03,2017-08-10,8,496.1840725,-1.9192129995844285,-10081.663390004147,191544.0,-0.05263366845217886,27.359476775623527,,-0.0038679455991293,0.0005004505101141
IT,domain,2018-05-27,2018-06-08,13,491.12794230769225,-1.899656163058467,-16215.762786558886,312947.0,-0.05181632284878553,27.359476775623527,,-0.0038679455991293,0.0005004505101141
IT,domain,2020-09-14,2020-09-18,5,550.4607100000001,-2.12915208073809,-6990.298428566914,259709.0,-0.02691588827713677,27.359476775623527,,-0.0038679455991293,0.0005004505101141
IT,domain,2017-08-04,2017-08-11,8,502.770795,-1.9446900838909895,-10215.495011712172,275091.0,-0.03713496629010826,27.359476775623527,,-0.0038679455991293,0.0005004505101141
IT,domain,2018-05-26,2018-06-08,14,489.4633207142857,-1.8932174972920344,-17403.939889850808,329997.0,-0.05273969123916523,27.359476775623527,,-0.0038679455991293,0.0005004505101141
IT,domain,2019-06-26,2019-06-28,3,529.4464833333333,-2.0478701951836507,-4034.0633072125474,137098.0,-0.029424669267331015,27.359476775623527,,-0.0038679455991293,0.0005004505101141
IT,domain,2020-09-08,2020-09-18,11,560.0059645454544,-2.166072606049749,-15645.329874116564,466269.0,-0.033554299930118804,27.359476775623527,,-0.0038679455991293,0.0005004505101141
IT,domain,2016-09-05,2016-09-13,9,486.45946666666663,-1.8815987532481195,-11119.584396355367,323484.0,-0.034374449420544344,27.359476775623527,,-0.0038679455991293,0.0005004505101141
IT,domain,2018-08-01,2018-08-06,6,546.3506533333333,-2.1132546051420844,-8325.725801812463,107464.0,-0.07747455707783503,27.359476775623527,,-0.0038679455991293,0.0005004505101141
IT,domain,2018-08-19,2018-08-22,4,540.9882075,-2.0925129563804736,-5496.005724747158,73322.0,-0.07495711689188998,27.359476775623527,,-0.0038679455991293,0.0005004505101141
IT,domain,2018-09-19,2018-09-24,6,527.2137966666667,-2.039234284617083,-8034.103159205232,166569.0,-0.048232883424918396,27.359476775623527,,-0.0038679455991293,0.0005004505101141
IT,domain,2019-06-25,2019-07-08,14,527.7386814285715,-2.0412645103219424,-18764.904131587395,508513.0,-0.03690152293370552,27.359476775623527,,-0.0038679455991293,0.0005004505101141
IT,domain,2019-07-23,2019-07-26,4,514.92471,-1.991700765927431,-5231.221521540781,124053.0,-0.04216924638292328,27.359476775623527,,-0.0038679455991293,0.0005004505101141
IT,domain,2019-08-30,2019-09-03,5,547.83147,-2.1189823234510348,-6956.909719969844,92744.0,-0.07501196540983615,27.359476775623527,,-0.0038679455991293,0.0005004505101141
IT,domain,2019-09-28,2020-05-02,5,514.331362,-1.9894057281420787,-6531.491977967473,13004321.0,-0.0005022555178365309,27.359476775623527,,-0.0038679455991293,0.0005004505101141
IT,domain,2020-09-12,2020-09-19,8,548.3629225,-2.121037952809556,-11141.853813140951,377105.0,-0.029545759969082753,27.359476775623527,,-0.0038679455991293,0.0005004505101141
IT,domain,2016-09-06,2016-09-13,8,487.20473749999996,-1.8844814202880706,-9899.217725273378,248589.0,-0.039821624147783605,27.359476775623527,,-0.0038679455991293,0.0005004505101141
IT,domain,2018-07-31,2018-08-06,7,539.28986,-2.0859438406420563,-9587.815786634614,149324.0,-0.06420813657975016,27.359476775623527,,-0.0038679455991293,0.0005004505101141
IT,domain,2018-08-19,2018-08-22,4,540.9882075,-2.0925129563804736,-5496.005724747158,73322.0,-0.07495711689188998,27.359476775623527,,-0.0038679455991293,0.0005004505101141
IT,domain,2018-09-10,2018-09-12,3,525.5056933333333,-2.032627433846058,-4004.036861026066,72801.0,-0.054999750841692646,27.359476775623527,,-0.0038679455991293,0.0005004505101141
IT,domain,2018-09-19,2018-09-29,11,539.3977172727274,-2.086361026705436,-15069.580958708348,566248.0,-0.026613040502939257,27.359476775623527,,-0.0038679455991293,0.0005004505101141
IT,domain,2019-06-26,2019-07-05,10,534.98954,-2.0693104368232085,-13587.660201076787,283149.0,-0.04798766798073378,27.359476775623527,,-0.0038679455991293,0.0005004505101141
IT,domain,2019-08-30,2019-09-03,5,547.83147,-2.1189823234510348,-6956.909719969844,92744.0,-0.07501196540983615,27.359476775623527,,-0.0038679455991293,0.0005004505101141
IT,domain,2020-09-08,2020-09-20,13,556.3307238461538,-2.1518569749611483,-18368.588450444866,506286.0,-0.03628105152116564,27.359476775623527,,-0.0038679455991293,0.0005004505101141
IT,domain,2016-09-10,2016-09-13,4,473.6067825,-1.8318852700886625,-4811.464560249369,45357.0,-0.10607986772161672,27.359476775623527,,-0.0038679455991293,0.0005004505101141
IT,domain,2017-08-01,2017-08-05,5,488.69753000000003,-1.890255460468859,-6205.968044483197,90499.0,-0.06857499027042506,27.359476775623527,,-0.0038679455991293,0.0005004505101141
IT,domain,2018-09-20,2018-09-29,10,542.434431,-2.0981068702026557,-13776.745485140573,558832.0,-0.02465274981593855,27.359476775623527,,-0.0038679455991293,0.0005004505101141
IT,domain,2019-06-25,2019-07-03,9,526.5662155555556,-2.0367294761082815,-12036.352204759478,324545.0,-0.03708685145283236,27.359476775623527,,-0.0038679455991293,0.0005004505101141
IT,domain,2019-07-23,2019-07-25,3,521.1508133333333,-2.015782994915322,-3970.855298453946,104120.0,-0.038137296373933406,27.359476775623527,,-0.0038679455991293,0.0005004505101141
IT,domain,2020-09-08,2020-09-18,11,560.0059645454544,-2.166072606049749,-15645.329874116564,466269.0,-0.033554299930118804,27.359476775623527,,-0.0038679455991293,0.0005004505101141
IT,domain,2017-08-01,2017-08-09,9,492.5870233333334,-1.9052998090903686,-11259.649269520103,193546.0,-0.05817557205790925,27.359476775623527,,-0.0038679455991293,0.0005004505101141
IT,domain,2018-09-21,2018-09-23,3,531.2660666666667,-2.0549082445300666,-4047.927436242552,60117.0,-0.06733415566715824,27.359476775623527,,-0.0038679455991293,0.0005004505101141
IT,domain,2019-06-10,2019-06-14,5,492.09197000000006,-1.9033849697283676,-6249.0740249225,124179.0,-0.05032311441485678,27.359476775623527,,-0.0038679455991293,0.0005004505101141
IT,domain,2019-06-27,2019-07-01,5,529.619896,-2.0485409459445174,-6725.641012137945,168882.0,-0.03982449883432186,27.359476775623527,,-0.0038679455991293,0.0005004505101141
IT,domain,2020-09-13,2020-09-17,5,548.6248439999999,-2.1220510509227983,-6966.984773329176,232098.0,-0.0300174270063903,27.359476775623527,,-0.0038679455991293,0.0005004505101141
IT,domain,2017-08-02,2017-08-09,8,494.88631875,-1.9141933586783624,-10055.295118236183,170094.0,-0.059116107083354984,27.359476775623527,,-0.0038679455991293,0.0005004505101141
IT,domain,2018-05-31,2018-06-04,5,484.238166,-1.8730068831101432,-6149.3385982841955,85807.0,-0.07166476625781341,27.359476775623527,,-0.0038679455991293,0.0005004505101141
IT,domain,2018-09-21,2018-09-23,3,531.2660666666667,-2.0549082445300666,-4047.927436242552,60117.0,-0.06733415566715824,27.359476775623527,,-0.0038679455991293,0.0005004505101141
IT,domain,2019-09-28,2019-09-30,3,510.09216999999995,-1.9730087641018144,-3886.595097087259,135158.0,-0.02875593821369996,27.359476775623527,,-0.0038679455991293,0.0005004505101141
IT,domain,2017-08-02,2017-08-10,9,499.05359444444446,-1.9303121543610473,-11407.463400300097,208203.0,-0.054790101008631464,27.359476775623527,,-0.0038679455991293,0.0005004505101141
IT,domain,2018-05-02,2018-05-11,10,550.773848,-2.13036328148711,-13988.54993363705,387219.0,-0.03612568064489875,27.359476775623527,,-0.0038679455991293,0.0005004505101141
IT,domain,2018-05-27,2018-06-04,9,485.3057,-1.8771360465473643,-11093.21137516285,141092.0,-0.07862395724181988,27.359476775623527,,-0.0038679455991293,0.0005004505101141
IT,domain,2018-09-21,2018-09-23,3,531.2660666666667,-2.0549082445300666,-4047.927436242552,60117.0,-0.06733415566715824,27.359476775623527,,-0.0038679455991293,0.0005004505101141
IT,domain,2019-06-28,2019-07-03,6,539.76215,-2.087770632669069,-8225.324947776706,154149.0,-0.05335957383944564,27.359476775623527,,-0.0038679455991293,0.0005004505101141
IT,domain,2020-09-13,2020-09-17,5,548.6248439999999,-2.1220510509227983,-6966.984773329176,232098.0,-0.0300174270063903,27.359476775623527,,-0.0038679455991293,0.0005004505101141
IT,domain,2017-08-02,2017-08-10,9,499.05359444444446,-1.9303121543610473,-11407.463400300097,208203.0,-0.054790101008631464,27.359476775623527,,-0.0038679455991293,0.0005004505101141
IT,domain,2018-05-02,2018-05-07,6,566.3786166666666,-2.1907216777767737,-8630.927836558367,306274.0,-0.028180413082920415,27.359476775623527,,-0.0038679455991293,0.0005004505101141
IT,domain,2018-05-27,2018-06-02,7,476.44945,-1.8428805533350754,-8470.60161346883,106951.0,-0.07920077057221372,27.359476775623527,,-0.0038679455991293,0.0005004505101141
IT,domain,2018-09-21,2018-09-23,3,531.2660666666667,-2.0549082445300666,-4047.927436242552,60117.0,-0.06733415566715824,27.359476775623527,,-0.0038679455991293,0.0005004505101141
IT,domain,2019-06-26,2019-07-02,7,529.7109628571428,-2.0488931875938294,-9417.516457726715,238598.0,-0.0394702237978806,27.359476775623527,,-0.0038679455991293,0.0005004505101141
IT,domain,2020-09-12,2020-09-15,4,545.805255,-2.1111450340588953,-5544.943058813499,159791.0,-0.034701222589592025,27.359476775623527,,-0.0038679455991293,0.0005004505101141
IT,domain,2017-08-02,2017-08-10,9,499.05359444444446,-1.9303121543610473,-11407.463400300097,208203.0,-0.054790101008631464,27.359476775623527,,-0.0038679455991293,0.0005004505101141
IT,domain,2018-05-29,2018-06-02,5,466.17915999999997,-1.8031556303277936,-5920.007350894568,85737.0,-0.06904845458663783,27.359476775623527,,-0.0038679455991293,0.0005004505101141
IT,domain,2018-09-21,2018-09-23,3,531.2660666666667,-2.0549082445300666,-4047.927436242552,60117.0,-0.06733415566715824,27.359476775623527,,-0.0038679455991293,0.0005004505101141
IT,domain,2019-06-08,2019-06-15,8,494.47604875,-1.9126064566374077,-10046.959090805522,220230.0,-0.04562030191529547,27.359476775623527,,-0.0038679455991293,0.0005004505101141
IT,domain,2017-06-12,2017-06-16,5,512.831578,-1.9836046452196343,-6512.446226748663,79495.0,-0.08192271497262298,27.359476775623527,,-0.0038679455991293,0.0005004505101141
IT,domain,2017-08-02,2017-08-05,4,492.32374749999997,-1.9042814724894694,-5001.613893199277,67047.0,-0.07459862325233459,27.359476775623527,,-0.0038679455991293,0.0005004505101141
IT,domain,2018-09-21,2018-09-28,8,539.98315125,-2.0886254534814084,-10971.590320800144,490084.0,-0.02238716285534754,27.359476775623527,,-0.0038679455991293,0.0005004505101141
IT,domain,2019-06-25,2019-07-05,11,529.4414127272728,-2.047850582355254,-14791.423798244463,354450.0,-0.041730635627717484,27.359476775623527,,-0.0038679455991293,0.0005004505101141
IT,domain,2019-07-23,2019-07-26,4,514.92471,-1.991700765927431,-5231.221521540781,124053.0,-0.04216924638292328,27.359476775623527,,-0.0038679455991293,0.0005004505101141
IT,domain,2020-07-28,2020-08-01,5,540.57313,-2.090907459191051,-6864.736088365867,83723.0,-0.08199343177341789,27.359476775623527,,-0.0038679455991293,0.0005004505101141
IT,domain,2020-09-13,2020-09-17,5,548.6248439999999,-2.1220510509227983,-6966.984773329176,232098.0,-0.0300174270063903,27.359476775623527,,-0.0038679455991293,0.0005004505101141
IT,domain,2016-09-09,2016-09-14,6,485.79209833333334,-1.8790174088402047,-7402.886374774447,87679.0,-0.08443169259200546,27.359476775623527,,-0.0038679455991293,0.0005004505101141
IT,domain,2017-05-28,2017-05-30,3,479.0867166666667,-1.8530813573321392,-3650.35221786741,68896.0,-0.05298351454173552,27.359476775623527,,-0.0038679455991293,0.0005004505101141
IT,domain,2017-08-03,2017-08-05,3,482.4284066666667,-1.8660068324612937,-3675.8138829033305,50388.0,-0.07295018422845381,27.359476775623527,,-0.0038679455991293,0.0005004505101141
IT,domain,2018-09-20,2018-09-24,5,530.8504399999999,-2.053300623193852,-6741.267685637462,159153.0,-0.04235715120442255,27.359476775623527,,-0.0038679455991293,0.0005004505101141
IT,domain,2019-06-25,2019-07-02,8,522.74211,-2.0219380438540644,-10621.280054894389,309899.0,-0.03427336020733977,27.359476775623527,,-0.0038679455991293,0.0005004505101141
IT,domain,2019-07-23,2019-07-26,4,514.92471,-1.991700765927431,-5231.221521540781,124053.0,-0.04216924638292328,27.359476775623527,,-0.0038679455991293,0.0005004505101141
IT,domain,2020-09-13,2020-09-18,6,552.5638966666667,-2.1372870923495704,-8420.408145500833,319091.0,-0.026388735957770144,27.359476775623527,,-0.0038679455991293,0.0005004505101141
IT,domain,2016-09-10,2016-09-14,5,479.527778,-1.8547873585753518,-6089.521399279493,50888.0,-0.11966517448670597,27.359476775623527,,-0.0038679455991293,0.0005004505101141
IT,domain,2017-05-28,2017-05-30,3,479.0867166666667,-1.8530813573321392,-3650.35221786741,68896.0,-0.05298351454173552,27.359476775623527,,-0.0038679455991293,0.0005004505101141
IT,domain,2017-08-01,2017-08-05,5,488.69753000000003,-1.890255460468859,-6205.968044483197,90499.0,-0.06857499027042506,27.359476775623527,,-0.0038679455991293,0.0005004505101141
IT,domain,2019-06-26,2019-07-01,6,524.2036633333333,-2.027591252637624,-7988.232353327494,227739.0,-0.03507625989983048,27.359476775623527,,-0.0038679455991293,0.0005004505101141
IT,domain,2019-07-24,2019-07-26,3,505.7240133333333,-1.9561129717466739,-3853.3123743119313,68553.0,-0.05620924502664991,27.359476775623527,,-0.0038679455991293,0.0005004505101141
IT,domain,2020-09-13,2020-09-17,5,548.6248439999999,-2.1220510509227983,-6966.984773329176,232098.0,-0.0300174270063903,27.359476775623527,,-0.0038679455991293,0.0005004505101141
IT,domain,2016-09-10,2016-09-14,5,479.527778,-1.8547873585753518,-6089.521399279493,50888.0,-0.11966517448670597,27.359476775623527,,-0.0038679455991293,0.0005004505101141
IT,domain,2017-08-02,2017-08-05,4,492.32374749999997,-1.9042814724894694,-5001.613893199277,67047.0,-0.07459862325233459,27.359476775623527,,-0.0038679455991293,0.0005004505101141
IT,domain,2018-09-20,2018-09-22,3,518.5340666666667,-2.0056615611619524,-3950.9172649707307,42238.0,-0.09353940207800394,27.359476775623527,,-0.0038679455991293,0.0005004505101141
IT,domain,2019-06-26,2019-06-28,3,529.4464833333333,-2.0478701951836507,-4034.0633072125474,137098.0,-0.029424669267331015,27.359476775623527,,-0.0038679455991293,0.0005004505101141
IT,domain,2019-07-24,2019-07-26,3,505.7240133333333,-1.9561129717466739,-3853.3123743119313,68553.0,-0.05620924502664991,27.359476775623527,,-0.0038679455991293,0.0005004505101141
IT,domain,2020-09-13,2020-09-17,5,548.6248439999999,-2.1220510509227983,-6966.984773329176,232098.0,-0.0300174270063903,27.359476775623527,,-0.0038679455991293,0.0005004505101141
IT,domain,2016-07-10,2016-07-12,3,477.2953,-1.8461522551200988,-3636.7027018720805,24351.0,-0.1493451070540052,27.359476775623527,,-0.0038679455991293,0.0005004505101141
IT,domain,2016-09-09,2016-09-12,4,492.2255075,-1.9039014855138112,-5000.615853695064,76128.0,-0.06568694637577585,27.359476775623527,,-0.0038679455991293,0.0005004505101141
IT,domain,2017-08-03,2017-08-06,4,496.92303000000004,-1.9220712469944972,-5048.338909751011,83782.0,-0.0602556504947484,27.359476775623527,,-0.0038679455991293,0.0005004505101141
IT,domain,2018-05-06,2018-05-11,6,538.74598,-2.083840142389602,-8209.839741094129,141414.0,-0.058055353367376133,27.359476775623527,,-0.0038679455991293,0.0005004505101141
IT,domain,2018-05-27,2018-05-31,5,484.78706999999997,-1.8751300139212876,-6156.309128058491,71374.0,-0.0862542260214993,27.359476775623527,,-0.0038679455991293,0.0005004505101141
IT,domain,2018-08-19,2018-08-22,4,540.9882075,-2.0925129563804736,-5496.005724747158,73322.0,-0.07495711689188998,27.359476775623527,,-0.0038679455991293,0.0005004505101141
IT,domain,2018-09-20,2018-09-24,5,530.8504399999999,-2.053300623193852,-6741.267685637462,159153.0,-0.04235715120442255,27.359476775623527,,-0.0038679455991293,0.0005004505101141
IT,domain,2019-06-25,2019-07-03,9,526.5662155555556,-2.0367294761082815,-12036.352204759478,324545.0,-0.03708685145283236,27.359476775623527,,-0.0038679455991293,0.0005004505101141
IT,domain,2020-09-11,2020-09-17,7,553.33847,-2.14028309986544,-9837.580328356711,290329.0,-0.03388424969037441,27.359476775623527,,-0.0038679455991293,0.0005004505101141
IT,domain,2017-08-01,2017-08-10,10,496.5675010000001,-1.9206960801635846,-12611.817551584018,231655.0,-0.054442241918301,27.359476775623527,,-0.0038679455991293,0.0005004505101141
IT,domain,2019-06-12,2019-06-14,3,483.8810266666667,-1.8716254875975007,-3686.881972362399,85089.0,-0.04332971326919342,27.359476775623527,,-0.0038679455991293,0.0005004505101141
IT,domain,2019-06-27,2019-07-01,5,529.619896,-2.0485409459445174,-6725.641012137945,168882.0,-0.03982449883432186,27.359476775623527,,-0.0038679455991293,0.0005004505101141
IT,domain,2020-09-13,2020-09-15,3,545.27124,-2.1090794930897765,-4154.638421457617,128516.0,-0.03232779125912429,27.359476775623527,,-0.0038679455991293,0.0005004505101141
IT,domain,2017-07-07,2017-07-10,4,492.01395750000006,-1.9030832216223157,-4998.466675589237,94273.0,-0.05302119032585403,27.359476775623527,,-0.0038679455991293,0.0005004505101141
IT,domain,2017-08-02,2017-08-10,9,499.05359444444446,-1.9303121543610473,-11407.463400300097,208203.0,-0.054790101008631464,27.359476775623527,,-0.0038679455991293,0.0005004505101141
IT,domain,2017-08-02,2017-08-11,10,500.9600750000001,-1.9376863174357342,-12723.380112078348,309378.0,-0.04112567833549363,27.359476775623527,,-0.0038679455991293,0.0005004505101141
IT,domain,2016-08-25,2016-08-28,4,440.96185749999995,-1.7056164761010062,-4479.8183391366065,98686.0,-0.045394669346580124,27.359476775623527,,-0.0038679455991293,0.0005004505101141
IT,domain,2017-05-27,2017-05-29,3,474.9953766666667,-1.8372562767845975,-3619.1786713600854,103755.0,-0.034881968785697895,27.359476775623527,,-0.0038679455991293,0.0005004505101141
IT,domain,2017-06-11,2017-06-13,3,510.5818133333334,-1.9749026778781247,-3890.325884365675,78665.0,-0.04945434290174379,27.359476775623527,,-0.0038679455991293,0.0005004505101141
IT,domain,2017-06-20,2017-06-23,4,501.9715875,-1.9415987927585732,-5099.628199493458,72629.0,-0.07021476544484238,27.359476775623527,,-0.0038679455991293,0.0005004505101141
IT,domain,2018-08-03,2018-08-06,4,553.78342,-2.1420041422597724,-5625.994808010781,48875.0,-0.11510986819459397,27.359476775623527,,-0.0038679455991293,0.0005004505101141
IT,domain,2018-09-20,2018-09-28,9,535.3734788888889,-2.070795491558821,-12237.670330207806,503343.0,-0.024312785377382434,27.359476775623527,,-0.0038679455991293,0.0005004505101141
IT,domain,2019-06-25,2019-07-01,7,517.0260171428572,-1.9998285076430644,-9191.995950495168,299040.0,-0.030738349219151844,27.359476775623527,,-0.0038679455991293,0.0005004505101141
IT,domain,2019-07-22,2019-07-26,5,522.405014,-2.0206341748643806,-6634.019253507988,153873.0,-0.04311360182428358,27.359476775623527,,-0.0038679455991293,0.0005004505101141
IT,domain,2019-09-13,2019-09-16,4,561.5388125000001,-2.1720015785496685,-5704.78336751494,148613.0,-0.03838683942531905,27.359476775623527,,-0.0038679455991293,0.0005004505101141
IT,domain,2020-09-13,2020-09-18,6,552.5638966666667,-2.1372870923495704,-8420.408145500833,319091.0,-0.026388735957770144,27.359476775623527,,-0.0038679455991293,0.0005004505101141
IT,domain,2016-08-26,2016-08-28,3,437.83259666666663,-1.693512665432187,-3336.020671616368,45325.0,-0.07360222110571137,27.359476775623527,,-0.0038679455991293,0.0005004505101141
IT,domain,2016-09-09,2016-09-13,5,482.30816599999997,-1.8655417481038237,-6124.829535744321,82148.0,-0.07455847416546138,27.359476775623527,,-0.0038679455991293,0.0005004505101141
IT,domain,2017-06-21,2017-06-23,3,502.49203333333327,-1.9436118489291998,-3828.6866333955704,58375.0,-0.06558777958707615,27.359476775623527,,-0.0038679455991293,0.0005004505101141
IT,domain,2018-07-31,2018-08-05,6,541.26038,-2.093565704804053,-8248.156168151287,144621.0,-0.05703290786366632,27.359476775623527,,-0.0038679455991293,0.0005004505101141
IT,domain,2018-09-20,2018-09-28,9,535.3734788888889,-2.070795491558821,-12237.670330207806,503343.0,-0.024312785377382434,27.359476775623527,,-0.0038679455991293,0.0005004505101141
IT,domain,2019-06-25,2019-06-30,6,516.1140116666667,-1.9963009200750514,-7864.955807032691,291909.0,-0.026943176836043737,27.359476775623527,,-0.0038679455991293,0.0005004505101141
IT,domain,2019-07-23,2019-07-26,4,514.92471,-1.991700765927431,-5231.221521540781,124053.0,-0.04216924638292328,27.359476775623527,,-0.0038679455991293,0.0005004505101141
IT,domain,2019-09-13,2019-09-16,4,561.5388125000001,-2.1720015785496685,-5704.78336751494,148613.0,-0.03838683942531905,27.359476775623527,,-0.0038679455991293,0.0005004505101141
IT,domain,2020-09-13,2020-09-17,5,548.6248439999999,-2.1220510509227983,-6966.984773329176,232098.0,-0.0300174270063903,27.359476775623527,,-0.0038679455991293,0.0005004505101141
IT,domain,2016-08-25,2016-08-27,3,449.7189433333333,-1.7394884077112456,-3426.587473841436,86267.0,-0.03972072140959389,27.359476775623527,,-0.0038679455991293,0.0005004505101141
IT,domain,2018-09-20,2018-09-28,9,535.3734788888889,-2.070795491558821,-12237.670330207806,503343.0,-0.024312785377382434,27.359476775623527,,-0.0038679455991293,0.0005004505101141
IT,domain,2019-06-25,2019-06-30,6,516.1140116666667,-1.9963009200750514,-7864.955807032691,291909.0,-0.026943176836043737,27.359476775623527,,-0.0038679455991293,0.0005004505101141
IT,domain,2019-07-23,2019-07-25,3,521.1508133333333,-2.015782994915322,-3970.855298453946,104120.0,-0.038137296373933406,27.359476775623527,,-0.0038679455991293,0.0005004505101141
IT,domain,2019-09-13,2019-09-16,4,561.5388125000001,-2.1720015785496685,-5704.78336751494,148613.0,-0.03838683942531905,27.359476775623527,,-0.0038679455991293,0.0005004505101141
IT,domain,2020-07-28,2020-08-01,5,540.57313,-2.090907459191051,-6864.736088365867,83723.0,-0.08199343177341789,27.359476775623527,,-0.0038679455991293,0.0005004505101141
IT,domain,2020-09-13,2020-09-15,3,545.27124,-2.1090794930897765,-4154.638421457617,128516.0,-0.03232779125912429,27.359476775623527,,-0.0038679455991293,0.0005004505101141
IT,domain,2017-08-01,2017-08-04,4,489.92884250000003,-1.895018110234387,-4977.283581728995,72015.0,-0.06911453977267229,27.359476775623527,,-0.0038679455991293,0.0005004505101141
IT,domain,2018-07-30,2018-08-01,3,507.6970866666666,-1.9637447120631,-3868.346004691961,109299.0,-0.03539232751161457,27.359476775623527,,-0.0038679455991293,0.0005004505101141
IT,domain,2019-06-25,2019-06-30,6,516.1140116666667,-1.9963009200750514,-7864.955807032691,291909.0,-0.026943176836043737,27.359476775623527,,-0.0038679455991293,0.0005004505101141
IT,domain,2020-09-13,2020-09-16,4,544.47218,-2.105988772479336,-5531.40008739574,160553.0,-0.03445217521563434,27.359476775623527,,-0.0038679455991293,0.0005004505101141
IT,domain,2016-09-09,2016-09-14,6,485.79209833333334,-1.8790174088402047,-7402.886374774447,87679.0,-0.08443169259200546,27.359476775623527,,-0.0038679455991293,0.0005004505101141
IT,domain,2017-08-01,2017-08-04,4,489.92884250000003,-1.895018110234387,-4977.283581728995,72015.0,-0.06911453977267229,27.359476775623527,,-0.0038679455991293,0.0005004505101141
IT,domain,2019-06-26,2019-07-06,11,533.0541363636364,-2.061824400845397,-14892.355317930693,312234.0,-0.04769613596831444,27.359476775623527,,-0.0038679455991293,0.0005004505101141
IT,domain,2019-07-24,2019-07-26,3,505.7240133333333,-1.9561129717466739,-3853.3123743119313,68553.0,-0.05620924502664991,27.359476775623527,,-0.0038679455991293,0.0005004505101141
IT,domain,2020-09-13,2020-09-16,4,544.47218,-2.105988772479336,-5531.40008739574,160553.0,-0.03445217521563434,27.359476775623527,,-0.0038679455991293,0.0005004505101141
IT,domain,2016-09-09,2016-09-13,5,482.30816599999997,-1.8655417481038237,-6124.829535744321,82148.0,-0.07455847416546138,27.359476775623527,,-0.0038679455991293,0.0005004505101141
IT,domain,2017-07-07,2017-07-10,4,492.01395750000006,-1.9030832216223157,-4998.466675589237,94273.0,-0.05302119032585403,27.359476775623527,,-0.0038679455991293,0.0005004505101141
IT,domain,2017-08-01,2017-08-04,4,489.92884250000003,-1.895018110234387,-4977.283581728995,72015.0,-0.06911453977267229,27.359476775623527,,-0.0038679455991293,0.0005004505101141
IT,domain,2019-06-27,2019-07-01,5,529.619896,-2.0485409459445174,-6725.641012137945,168882.0,-0.03982449883432186,27.359476775623527,,-0.0038679455991293,0.0005004505101141
IT,domain,2020-09-13,2020-09-15,3,545.27124,-2.1090794930897765,-4154.638421457617,128516.0,-0.03232779125912429,27.359476775623527,,-0.0038679455991293,0.0005004505101141
IT,domain,2017-08-02,2017-08-04,3,495.1742366666667,-1.9153070095170437,-3772.929430445077,48563.0,-0.0776914406120931,27.359476775623527,,-0.0038679455991293,0.0005004505101141
IT,domain,2019-06-27,2019-07-01,5,529.619896,-2.0485409459445174,-6725.641012137945,168882.0,-0.03982449883432186,27.359476775623527,,-0.0038679455991293,0.0005004505101141
IT,domain,2020-09-13,2020-09-15,3,545.27124,-2.1090794930897765,-4154.638421457617,128516.0,-0.03232779125912429,27.359476775623527,,-0.0038679455991293,0.0005004505101141
IT,domain,2016-09-11,2016-09-13,3,461.06484333333333,-1.7833737316844067,-3513.0363979879144,32135.0,-0.10932118867241059,27.359476775623527,,-0.0038679455991293,0.0005004505101141
IT,domain,2019-06-27,2019-07-01,5,529.619896,-2.0485409459445174,-6725.641012137945,168882.0,-0.03982449883432186,27.359476775623527,,-0.0038679455991293,0.0005004505101141
IT,domain,2020-09-13,2020-09-15,3,545.27124,-2.1090794930897765,-4154.638421457617,128516.0,-0.03232779125912429,27.359476775623527,,-0.0038679455991293,0.0005004505101141
NL,northsea_to_lowcountries,2015-07-01,2015-07-04,4,2845.5021749999996,1.0487193066411338,11501.916497651797,56645.0,0.20305263478951005,114.2456608028022,,0.0003685533315894,9.917209989964715e-05
NL,northsea_to_lowcountries,2016-08-24,2016-08-27,4,2979.913125,1.0982569100657302,12045.224296483495,48126.0,0.2502851742609711,114.2456608028022,,0.0003685533315894,9.917209989964715e-05
NL,northsea_to_lowcountries,2016-09-08,2016-09-15,8,3174.1992499999997,1.1698617087160748,25661.111800351347,104387.0,0.24582670064616616,114.2456608028022,,0.0003685533315894,9.917209989964715e-05
NL,northsea_to_lowcountries,2017-05-26,2017-05-29,4,3431.113875,1.2645484496938662,13869.040632233742,60259.0,0.23015716543974746,114.2456608028022,,0.0003685533315894,9.917209989964715e-05
NL,northsea_to_lowcountries,2017-06-19,2017-06-22,4,3576.0713,1.3179729916162368,14454.978753354535,75018.0,0.19268680521147638,114.2456608028022,,0.0003685533315894,9.917209989964715e-05
NL,northsea_to_lowcountries,2018-05-26,2018-05-28,3,3769.1928000000003,1.3891485638427792,11426.7020853227,66633.0,0.17148713228164272,114.2456608028022,,0.0003685533315894,9.917209989964715e-05
NL,northsea_to_lowcountries,2018-08-03,2018-08-07,5,3539.06672,1.3043348303731703,17881.75135249125,40606.0,0.44037214580336037,114.2456608028022,,0.0003685533315894,9.917209989964715e-05
NL,northsea_to_lowcountries,2019-06-25,2019-06-29,5,3667.52178,1.3516773706956866,18530.792928878756,35341.0,0.524342631189801,114.2456608028022,,0.0003685533315894,9.917209989964715e-05
NL,northsea_to_lowcountries,2019-07-23,2019-07-26,4,3958.0814499999997,1.4587641050997031,15999.117037682303,45801.0,0.3493180724805638,114.2456608028022,,0.0003685533315894,9.917209989964715e-05
NL,northsea_to_lowcountries,2019-08-25,2019-08-31,7,4014.9085571428564,1.4797079247617908,28400.43522280506,41189.0,0.689515045832748,114.2456608028022,,0.0003685533315894,9.917209989964715e-05
NL,northsea_to_lowcountries,2020-08-06,2020-08-13,8,4123.9406,1.5198920474067892,33339.085690543216,66155.0,0.5039541333314672,114.2456608028022,,0.0003685533315894,9.917209989964715e-05
NL,northsea_to_lowcountries,2020-09-14,2020-09-19,6,4081.4497333333334,1.5042318969346682,24746.68325749735,75838.0,0.32630980850625474,114.2456608028022,,0.0003685533315894,9.917209989964715e-05
NL,northsea_to_lowcountries,2015-07-01,2015-07-04,4,2845.5021749999996,1.0487193066411338,11501.916497651797,56645.0,0.20305263478951005,114.2456608028022,,0.0003685533315894,9.917209989964715e-05
NL,northsea_to_lowcountries,2015-08-03,2015-08-06,4,2781.0468499999997,1.0249640818737062,11241.379087948706,55352.857142857145,0.20308579661816642,114.2456608028022,,0.0003685533315894,9.917209989964715e-05
NL,northsea_to_lowcountries,2016-08-24,2016-08-27,4,2979.913125,1.0982569100657302,12045.224296483495,48126.0,0.2502851742609711,114.2456608028022,,0.0003685533315894,9.917209989964715e-05
NL,northsea_to_lowcountries,2016-09-08,2016-09-15,8,3174.1992499999997,1.1698617087160748,25661.111800351347,104387.0,0.24582670064616616,114.2456608028022,,0.0003685533315894,9.917209989964715e-05
NL,northsea_to_lowcountries,2017-05-27,2017-05-29,3,3291.129833333334,1.212956864768267,9977.4042149337,45366.0,0.2199313189378323,114.2456608028022,,0.0003685533315894,9.917209989964715e-05
NL,northsea_to_lowcountries,2017-06-15,2017-06-22,8,3353.492325,1.2359407688382331,27110.567011017094,147146.0,0.1842426366399161,114.2456608028022,,0.0003685533315894,9.917209989964715e-05
NL,northsea_to_lowcountries,2018-05-26,2018-05-28,3,3769.1928000000003,1.3891485638427792,11426.7020853227,66633.0,0.17148713228164272,114.2456608028022,,0.0003685533315894,9.917209989964715e-05
NL,northsea_to_lowcountries,2018-07-25,2018-07-27,3,3995.9123999999997,1.472706827759395,12114.026258844291,52004.0,0.23294412466049325,114.2456608028022,,0.0003685533315894,9.917209989964715e-05
NL,northsea_to_lowcountries,2018-08-03,2018-08-07,5,3539.06672,1.3043348303731703,17881.75135249125,40606.0,0.44037214580336037,114.2456608028022,,0.0003685533315894,9.917209989964715e-05
NL,northsea_to_lowcountries,2019-06-02,2019-06-04,3,3763.2147333333337,1.3869453274563157,11408.578951147609,36702.0,0.31084352218264966,114.2456608028022,,0.0003685533315894,9.917209989964715e-05
NL,northsea_to_lowcountries,2019-06-25,2019-06-29,5,3667.52178,1.3516773706956866,18530.792928878756,35341.0,0.524342631189801,114.2456608028022,,0.0003685533315894,9.917209989964715e-05
NL,northsea_to_lowcountries,2019-07-23,2019-07-26,4,3958.0814499999997,1.4587641050997031,15999.117037682303,45801.0,0.3493180724805638,114.2456608028022,,0.0003685533315894,9.917209989964715e-05
NL,northsea_to_lowcountries,2019-08-25,2019-08-31,7,4014.9085571428564,1.4797079247617908,28400.43522280506,41189.0,0.689515045832748,114.2456608028022,,0.0003685533315894,9.917209989964715e-05
NL,northsea_to_lowcountries,2020-08-06,2020-08-20,15,4010.7699999999995,1.4781826457388176,60795.34313387965,110769.0,0.5488479911697285,114.2456608028022,,0.0003685533315894,9.917209989964715e-05
NL,northsea_to_lowcountries,2020-09-14,2020-09-16,3,3907.122566666667,1.4399830388731278,11844.850595103915,20703.0,0.5721320869006383,114.2456608028022,,0.0003685533315894,9.917209989964715e-05
NL,northsea_to_lowcountries,2015-07-01,2015-07-04,4,2845.5021749999996,1.0487193066411338,11501.916497651797,56645.0,0.20305263478951005,114.2456608028022,,0.0003685533315894,9.917209989964715e-05
NL,northsea_to_lowcountries,2016-05-07,2016-05-09,3,3341.4821666666667,1.2315143849715668,10130.05257834479,91126.0,0.11116533786564527,114.2456608028022,,0.0003685533315894,9.917209989964715e-05
NL,northsea_to_lowcountries,2016-09-07,2016-09-15,9,3165.0039111111114,1.1664727359334814,28785.120881437408,108522.0,0.2652468705095502,114.2456608028022,,0.0003685533315894,9.917209989964715e-05
NL,northsea_to_lowcountries,2017-05-26,2017-05-29,4,3431.113875,1.2645484496938662,13869.040632233742,60259.0,0.23015716543974746,114.2456608028022,,0.0003685533315894,9.917209989964715e-05
NL,northsea_to_lowcountries,2017-06-19,2017-06-21,3,3610.9733333333334,1.330836252280481,10947.0432284718,33289.0,0.3288486655793746,114.2456608028022,,0.0003685533315894,9.917209989964715e-05
NL,northsea_to_lowcountries,2018-05-26,2018-05-29,4,3658.7617250000003,1.3484488232405303,14789.224979508039,93023.0,0.1589846057373772,114.2456608028022,,0.0003685533315894,9.917209989964715e-05
NL,northsea_to_lowcountries,2018-08-03,2018-08-07,5,3539.06672,1.3043348303731703,17881.75135249125,40606.0,0.44037214580336037,114.2456608028022,,0.0003685533315894,9.917209989964715e-05
NL,northsea_to_lowcountries,2019-06-23,2019-06-29,7,3774.1070571428572,1.3909597296850662,26697.067062616858,67304.0,0.39666389906419913,114.2456608028022,,0.0003685533315894,9.917209989964715e-05
NL,northsea_to_lowcountries,2019-07-23,2019-07-26,4,3958.0814499999997,1.4587641050997031,15999.117037682303,45801.0,0.3493180724805638,114.2456608028022,,0.0003685533315894,9.917209989964715e-05
NL,northsea_to_lowcountries,2019-08-24,2019-08-31,8,4052.676825,1.4936275457089019,32762.96946293398,48770.0,0.6717853078313303,114.2456608028022,,0.0003685533315894,9.917209989964715e-05
NL,northsea_to_lowcountries,2020-06-24,2020-06-26,3,4337.766966666667,1.598698467223446,13150.394122490612,34078.0,0.38589101832533046,114.2456608028022,,0.0003685533315894,9.917209989964715e-05
NL,northsea_to_lowcountries,2020-08-07,2020-08-20,14,4019.513264285714,1.4814050049202843,56866.015484441974,107518.0,0.5288976309496268,114.2456608028022,,0.0003685533315894,9.917209989964715e-05
NL,northsea_to_lowcountries,2015-07-01,2015-07-04,4,2845.5021749999996,1.0487193066411338,11501.916497651797,56645.0,0.20305263478951005,114.2456608028022,,0.0003685533315894,9.917209989964715e-05
NL,northsea_to_lowcountries,2016-09-08,2016-09-15,8,3174.1992499999997,1.1698617087160748,25661.111800351347,104387.0,0.24582670064616616,114.2456608028022,,0.0003685533315894,9.917209989964715e-05
NL,northsea_to_lowcountries,2017-05-27,2017-05-29,3,3291.129833333334,1.212956864768267,9977.4042149337,45366.0,0.2199313189378323,114.2456608028022,,0.0003685533315894,9.917209989964715e-05
NL,northsea_to_lowcountries,2017-06-11,2017-06-22,12,3256.3542749999997,1.200140216886635,39487.913894658814,255862.0,0.1543328587076581,114.2456608028022,,0.0003685533315894,9.917209989964715e-05
NL,northsea_to_lowcountries,2018-05-26,2018-05-29,4,3658.7617250000003,1.3484488232405303,14789.224979508039,93023.0,0.1589846057373772,114.2456608028022,,0.0003685533315894,9.917209989964715e-05
NL,northsea_to_lowcountries,2018-07-24,2018-08-07,15,3687.772453333333,1.359140823819615,55899.33895488128,190281.0,0.29377257295726467,114.2456608028022,,0.0003685533315894,9.917209989964715e-05
NL,northsea_to_lowcountries,2019-06-24,2019-06-29,6,3722.454816666667,1.3719231243735093,22570.022003716305,53358.0,0.42299227864080935,114.2456608028022,,0.0003685533315894,9.917209989964715e-05
NL,northsea_to_lowcountries,2019-07-24,2019-07-27,4,4120.318875,1.5185572485919385,16654.903327898035,61701.0,0.26992922850355805,114.2456608028022,,0.0003685533315894,9.917209989964715e-05
NL,northsea_to_lowcountries,2019-08-24,2019-08-31,8,4052.676825,1.4936275457089019,32762.96946293398,48770.0,0.6717853078313303,114.2456608028022,,0.0003685533315894,9.917209989964715e-05
NL,northsea_to_lowcountries,2020-08-07,2020-08-21,15,4018.539086666666,1.4810459685132245,60913.10712676303,136542.0,0.44611260364402916,114.2456608028022,,0.0003685533315894,9.917209989964715e-05
BE,northsea_to_lowcountries,2015-06-30,2015-07-03,4,2842.60045,1.0476498662250278,3403.6096557305264,32128.716,0.10593668466958114,33.84171409761594,,0.0003685533315894,9.917209989964715e-05
BE,northsea_to_lowcountries,2016-08-24,2016-08-27,4,2979.913125,1.0982569100657302,3568.0220501928525,24199.845542857147,0.14743986873279832,33.84171409761594,,0.0003685533315894,9.917209989964715e-05
BE,northsea_to_lowcountries,2016-09-12,2016-09-14,3,3302.777,1.2172494668468439,2965.9542078604554,18128.895,0.16360369497757338,33.84171409761594,,0.0003685533315894,9.917209989964715e-05
BE,northsea_to_lowcountries,2017-05-26,2017-06-02,8,3331.9194875000003,1.2279900277057714,7978.999187009701,73235.67190196078,0.10894962768541315,33.84171409761594,,0.0003685533315894,9.917209989964715e-05
BE,northsea_to_lowcountries,2017-06-19,2017-06-22,4,3576.0713,1.3179729916162368,4281.836656383,42234.888,0.10138150849087135,33.84171409761594,,0.0003685533315894,9.917209989964715e-05
BE,northsea_to_lowcountries,2018-05-06,2018-05-08,3,4154.026466666667,1.530980293800544,3730.3918122155083,19159.181428571428,0.194705177051693,33.84171409761594,,0.0003685533315894,9.917209989964715e-05
BE,northsea_to_lowcountries,2018-08-03,2018-08-07,5,3539.06672,1.3043348303731703,5296.911170046146,38037.48885714285,0.1392550173314469,33.84171409761594,,0.0003685533315894,9.917209989964715e-05
BE,northsea_to_lowcountries,2019-06-25,2019-06-29,5,3667.52178,1.3516773706956866,5489.169495756079,98691.13,0.05561968431971626,33.84171409761594,,0.0003685533315894,9.917209989964715e-05
BE,northsea_to_lowcountries,2019-07-23,2019-07-25,3,3871.5569333333333,1.4268752062180405,3476.729000290156,41528.619554815894,0.08371886755592806,33.84171409761594,,0.0003685533315894,9.917209989964715e-05
BE,northsea_to_lowcountries,2019-08-25,2019-08-31,7,4014.9085571428564,1.4797079247617908,8412.74322634454,64156.53810526316,0.13112838495963658,33.84171409761594,,0.0003685533315894,9.917209989964715e-05
BE,northsea_to_lowcountries,2020-08-06,2020-08-12,7,4138.658357142857,1.525316325835313,8672.045593233903,58053.97962406015,0.14937900294504222,33.84171409761594,,0.0003685533315894,9.917209989964715e-05
BE,northsea_to_lowcountries,2020-09-14,2020-09-20,7,4088.4957714285715,1.506828737749174,8566.936112612482,156687.56500782608,0.054675277595797656,33.84171409761594,,0.0003685533315894,9.917209989964715e-05
BE,northsea_to_lowcountries,2015-07-01,2015-07-04,4,2845.5021749999996,1.0487193066411338,3407.08405862393,36383.31,0.09364414778710156,33.84171409761594,,0.0003685533315894,9.917209989964715e-05
BE,northsea_to_lowcountries,2016-08-24,2016-08-27,4,2979.913125,1.0982569100657302,3568.0220501928525,24199.845542857147,0.14743986873279832,33.84171409761594,,0.0003685533315894,9.917209989964715e-05
BE,northsea_to_lowcountries,2016-09-08,2016-09-14,7,3141.7536,1.1579037563129913,6583.155242781568,41618.205,0.15817970147394794,33.84171409761594,,0.0003685533315894,9.917209989964715e-05
BE,northsea_to_lowcountries,2017-05-26,2017-05-29,4,3431.113875,1.2645484496938662,4108.270761323836,44746.977,0.09181113533823383,33.84171409761594,,0.0003685533315894,9.917209989964715e-05
BE,northsea_to_lowcountries,2017-06-19,2017-06-22,4,3576.0713,1.3179729916162368,4281.836656383,42234.888,0.10138150849087135,33.84171409761594,,0.0003685533315894,9.917209989964715e-05
BE,northsea_to_lowcountries,2018-05-06,2018-05-08,3,4154.026466666667,1.530980293800544,3730.3918122155083,19159.181428571428,0.194705177051693,33.84171409761594,,0.0003685533315894,9.917209989964715e-05
BE,northsea_to_lowcountries,2018-07-25,2018-07-27,3,3995.9123999999997,1.472706827759395,3588.4024858541075,20330.808376623376,0.17650072832224903,33.84171409761594,,0.0003685533315894,9.917209989964715e-05
BE,northsea_to_lowcountries,2018-08-03,2018-08-07,5,3539.06672,1.3043348303731703,5296.911170046146,38037.48885714285,0.1392550173314469,33.84171409761594,,0.0003685533315894,9.917209989964715e-05
BE,northsea_to_lowcountries,2019-06-25,2019-06-29,5,3667.52178,1.3516773706956866,5489.169495756079,98691.13,0.05561968431971626,33.84171409761594,,0.0003685533315894,9.917209989964715e-05
BE,northsea_to_lowcountries,2019-07-23,2019-07-26,4,3958.0814499999997,1.4587641050997031,4739.239466942277,55217.21955481589,0.08582901321638413,33.84171409761594,,0.0003685533315894,9.917209989964715e-05
BE,northsea_to_lowcountries,2019-08-25,2019-08-31,7,4014.9085571428564,1.4797079247617908,8412.74322634454,64156.53810526316,0.13112838495963658,33.84171409761594,,0.0003685533315894,9.917209989964715e-05
BE,northsea_to_lowcountries,2020-08-06,2020-08-13,8,4123.9406,1.5198920474067892,9875.664408495493,62100.49295739348,0.15902714999816647,33.84171409761594,,0.0003685533315894,9.917209989964715e-05
BE,northsea_to_lowcountries,2020-09-14,2020-09-22,9,4149.8301,1.529433708884973,11179.870194385792,169001.0210078261,0.06615267841410305,33.84171409761594,,0.0003685533315894,9.917209989964715e-05
BE,northsea_to_lowcountries,2015-07-01,2015-07-07,7,2783.1984428571423,1.0257570585894302,5831.847354546357,63918.47390909091,0.09123883906929312,33.84171409761594,,0.0003685533315894,9.917209989964715e-05
BE,northsea_to_lowcountries,2016-08-25,2016-08-27,3,2898.4129,1.0682197306166945,2602.8278436212995,17525.625542857146,0.14851554583637241,33.84171409761594,,0.0003685533315894,9.917209989964715e-05
BE,northsea_to_lowcountries,2016-09-12,2016-09-14,3,3302.777,1.2172494668468439,2965.9542078604554,18128.895,0.16360369497757338,33.84171409761594,,0.0003685533315894,9.917209989964715e-05
BE,northsea_to_lowcountries,2017-05-27,2017-05-29,3,3291.129833333334,1.212956864768267,2955.4948389764368,29460.406999999996,0.10032090999205942,33.84171409761594,,0.0003685533315894,9.917209989964715e-05
BE,northsea_to_lowcountries,2017-06-15,2017-06-22,8,3353.492325,1.2359407688382331,8030.659994997334,83565.69200000001,0.0960999640258748,33.84171409761594,,0.0003685533315894,9.917209989964715e-05
BE,northsea_to_lowcountries,2018-05-06,2018-05-09,4,3949.023825,1.455425887229666,4728.394249525956,28396.848095238092,0.16651123510847907,33.84171409761594,,0.0003685533315894,9.917209989964715e-05
BE,northsea_to_lowcountries,2018-07-25,2018-07-27,3,3995.9123999999997,1.472706827759395,3588.4024858541075,20330.808376623376,0.17650072832224903,33.84171409761594,,0.0003685533315894,9.917209989964715e-05
BE,northsea_to_lowcountries,2018-08-03,2018-08-07,5,3539.06672,1.3043348303731703,5296.911170046146,38037.48885714285,0.1392550173314469,33.84171409761594,,0.0003685533315894,9.917209989964715e-05
BE,northsea_to_lowcountries,2019-06-02,2019-06-04,3,3763.2147333333337,1.3869453274563157,3379.4357213376693,54384.009999999995,0.06214024529154194,33.84171409761594,,0.0003685533315894,9.917209989964715e-05
BE,northsea_to_lowcountries,2019-06-25,2019-06-30,6,3648.6386666666663,1.3447179363659063,6553.08863199808,120945.43000000001,0.054182193010501346,33.84171409761594,,0.0003685533315894,9.917209989964715e-05
BE,northsea_to_lowcountries,2019-07-23,2019-07-26,4,3958.0814499999997,1.4587641050997031,4739.239466942277,55217.21955481589,0.08582901321638413,33.84171409761594,,0.0003685533315894,9.917209989964715e-05
BE,northsea_to_lowcountries,2019-08-26,2019-08-31,6,3943.12015,1.4532500681397948,7081.988157839207,59122.73010526315,0.1197845252617785,33.84171409761594,,0.0003685533315894,9.917209989964715e-05
BE,northsea_to_lowcountries,2020-08-08,2020-08-12,5,4138.10364,1.5251118829842232,6193.488037299454,47904.60839598998,0.12928793793913784,33.84171409761594,,0.0003685533315894,9.917209989964715e-05
BE,northsea_to_lowcountries,2020-09-14,2020-09-22,9,4149.8301,1.529433708884973,11179.870194385792,169001.0210078261,0.06615267841410305,33.84171409761594,,0.0003685533315894,9.917209989964715e-05
BE,northsea_to_lowcountries,2015-07-01,2015-07-04,4,2845.5021749999996,1.0487193066411338,3407.08405862393,36383.31,0.09364414778710156,33.84171409761594,,0.0003685533315894,9.917209989964715e-05
BE,northsea_to_lowcountries,2016-08-24,2016-08-27,4,2979.913125,1.0982569100657302,3568.0220501928525,24199.845542857147,0.14743986873279832,33.84171409761594,,0.0003685533315894,9.917209989964715e-05
BE,northsea_to_lowcountries,2016-09-07,2016-09-15,9,3165.0039111111114,1.1664727359334814,8526.694355738944,54203.333823529414,0.1573094080061464,33.84171409761594,,0.0003685533315894,9.917209989964715e-05
BE,northsea_to_lowcountries,2017-05-26,2017-06-02,8,3331.9194875000003,1.2279900277057714,7978.999187009701,73235.67190196078,0.10894962768541315,33.84171409761594,,0.0003685533315894,9.917209989964715e-05
BE,northsea_to_lowcountries,2017-06-19,2017-06-21,3,3610.9733333333334,1.330836252280481,3242.720157150148,20911.557999999997,0.15506831949824823,33.84171409761594,,0.0003685533315894,9.917209989964715e-05
BE,northsea_to_lowcountries,2018-05-26,2018-05-28,3,3769.1928000000003,1.3891485638427792,3384.804134641041,37061.13144927536,0.09133029679014894,33.84171409761594,,0.0003685533315894,9.917209989964715e-05
BE,northsea_to_lowcountries,2018-08-03,2018-08-07,5,3539.06672,1.3043348303731703,5296.911170046146,38037.48885714285,0.1392550173314469,33.84171409761594,,0.0003685533315894,9.917209989964715e-05
BE,northsea_to_lowcountries,2019-06-25,2019-06-29,5,3667.52178,1.3516773706956866,5489.169495756079,98691.13,0.05561968431971626,33.84171409761594,,0.0003685533315894,9.917209989964715e-05
BE,northsea_to_lowcountries,2019-07-23,2019-07-25,3,3871.5569333333333,1.4268752062180405,3476.729000290156,41528.619554815894,0.08371886755592806,33.84171409761594,,0.0003685533315894,9.917209989964715e-05
BE,northsea_to_lowcountries,2019-08-25,2019-08-31,7,4014.9085571428564,1.4797079247617908,8412.74322634454,64156.53810526316,0.13112838495963658,33.84171409761594,,0.0003685533315894,9.917209989964715e-05
BE,northsea_to_lowcountries,2020-08-07,2020-08-13,7,4157.594357142857,1.5322952517222899,8711.723634082591,56573.79962406015,0.15398866068697994,33.84171409761594,,0.0003685533315894,9.917209989964715e-05
BE,northsea_to_lowcountries,2020-09-14,2020-09-19,6,4081.4497333333334,1.5042318969346682,7330.433154131164,140827.44500782609,0.052052589278487556,33.84171409761594,,0.0003685533315894,9.917209989964715e-05
BE,northsea_to_lowcountries,2015-07-01,2015-07-04,4,2845.5021749999996,1.0487193066411338,3407.08405862393,36383.31,0.09364414778710156,33.84171409761594,,0.0003685533315894,9.917209989964715e-05
BE,northsea_to_lowcountries,2016-08-24,2016-08-27,4,2979.913125,1.0982569100657302,3568.0220501928525,24199.845542857147,0.14743986873279832,33.84171409761594,,0.0003685533315894,9.917209989964715e-05
BE,northsea_to_lowcountries,2016-09-08,2016-09-15,8,3174.1992499999997,1.1698617087160748,7601.30409218263,49433.715,0.15376760763747233,33.84171409761594,,0.0003685533315894,9.917209989964715e-05
BE,northsea_to_lowcountries,2017-05-26,2017-05-29,4,3431.113875,1.2645484496938662,4108.270761323836,44746.977,0.09181113533823383,33.84171409761594,,0.0003685533315894,9.917209989964715e-05
BE,northsea_to_lowcountries,2017-06-19,2017-06-22,4,3576.0713,1.3179729916162368,4281.836656383,42234.888,0.10138150849087135,33.84171409761594,,0.0003685533315894,9.917209989964715e-05
BE,northsea_to_lowcountries,2018-05-26,2018-05-28,3,3769.1928000000003,1.3891485638427792,3384.804134641041,37061.13144927536,0.09133029679014894,33.84171409761594,,0.0003685533315894,9.917209989964715e-05
BE,northsea_to_lowcountries,2018-08-03,2018-08-07,5,3539.06672,1.3043348303731703,5296.911170046146,38037.48885714285,0.1392550173314469,33.84171409761594,,0.0003685533315894,9.917209989964715e-05
BE,northsea_to_lowcountries,2019-06-25,2019-06-29,5,3667.52178,1.3516773706956866,5489.169495756079,98691.13,0.05561968431971626,33.84171409761594,,0.0003685533315894,9.917209989964715e-05
BE,northsea_to_lowcountries,2019-07-23,2019-07-26,4,3958.0814499999997,1.4587641050997031,4739.239466942277,55217.21955481589,0.08582901321638413,33.84171409761594,,0.0003685533315894,9.917209989964715e-05
BE,northsea_to_lowcountries,2019-08-25,2019-08-31,7,4014.9085571428564,1.4797079247617908,8412.74322634454,64156.53810526316,0.13112838495963658,33.84171409761594,,0.0003685533315894,9.917209989964715e-05
BE,northsea_to_lowcountries,2020-08-06,2020-08-13,8,4123.9406,1.5198920474067892,9875.664408495493,62100.49295739348,0.15902714999816647,33.84171409761594,,0.0003685533315894,9.917209989964715e-05
BE,northsea_to_lowcountries,2020-09-14,2020-09-19,6,4081.4497333333334,1.5042318969346682,7330.433154131164,140827.44500782609,0.052052589278487556,33.84171409761594,,0.0003685533315894,9.917209989964715e-05
BE,northsea_to_lowcountries,2015-07-01,2015-07-04,4,2845.5021749999996,1.0487193066411338,3407.08405862393,36383.31,0.09364414778710156,33.84171409761594,,0.0003685533315894,9.917209989964715e-05
BE,northsea_to_lowcountries,2015-08-03,2015-08-06,4,2781.0468499999997,1.0249640818737062,3329.9079762331567,41685.5007204969,0.07988168352733327,33.84171409761594,,0.0003685533315894,9.917209989964715e-05
BE,northsea_to_lowcountries,2016-08-24,2016-08-27,4,2979.913125,1.0982569100657302,3568.0220501928525,24199.845542857147,0.14743986873279832,33.84171409761594,,0.0003685533315894,9.917209989964715e-05
BE,northsea_to_lowcountries,2016-09-08,2016-09-15,8,3174.1992499999997,1.1698617087160748,7601.30409218263,49433.715,0.15376760763747233,33.84171409761594,,0.0003685533315894,9.917209989964715e-05
BE,northsea_to_lowcountries,2017-05-27,2017-05-29,3,3291.129833333334,1.212956864768267,2955.4948389764368,29460.406999999996,0.10032090999205942,33.84171409761594,,0.0003685533315894,9.917209989964715e-05
BE,northsea_to_lowcountries,2017-06-15,2017-06-22,8,3353.492325,1.2359407688382331,8030.659994997334,83565.69200000001,0.0960999640258748,33.84171409761594,,0.0003685533315894,9.917209989964715e-05
BE,northsea_to_lowcountries,2018-05-26,2018-05-28,3,3769.1928000000003,1.3891485638427792,3384.804134641041,37061.13144927536,0.09133029679014894,33.84171409761594,,0.0003685533315894,9.917209989964715e-05
BE,northsea_to_lowcountries,2018-07-25,2018-07-27,3,3995.9123999999997,1.472706827759395,3588.4024858541075,20330.808376623376,0.17650072832224903,33.84171409761594,,0.0003685533315894,9.917209989964715e-05
BE,northsea_to_lowcountries,2018-08-03,2018-08-07,5,3539.06672,1.3043348303731703,5296.911170046146,38037.48885714285,0.1392550173314469,33.84171409761594,,0.0003685533315894,9.917209989964715e-05
BE,northsea_to_lowcountries,2019-06-02,2019-06-04,3,3763.2147333333337,1.3869453274563157,3379.4357213376693,54384.009999999995,0.06214024529154194,33.84171409761594,,0.0003685533315894,9.917209989964715e-05
BE,northsea_to_lowcountries,2019-06-25,2019-06-29,5,3667.52178,1.3516773706956866,5489.169495756079,98691.13,0.05561968431971626,33.84171409761594,,0.0003685533315894,9.917209989964715e-05
BE,northsea_to_lowcountries,2019-07-23,2019-07-26,4,3958.0814499999997,1.4587641050997031,4739.239466942277,55217.21955481589,0.08582901321638413,33.84171409761594,,0.0003685533315894,9.917209989964715e-05
BE,northsea_to_lowcountries,2019-08-25,2019-08-31,7,4014.9085571428564,1.4797079247617908,8412.74322634454,64156.53810526316,0.13112838495963658,33.84171409761594,,0.0003685533315894,9.917209989964715e-05
BE,northsea_to_lowcountries,2020-08-06,2020-08-20,15,4010.7699999999995,1.4781826457388176,18008.724413214208,136500.1362907268,0.1319319152536087,33.84171409761594,,0.0003685533315894,9.917209989964715e-05
BE,northsea_to_lowcountries,2020-09-14,2020-09-16,3,3907.122566666667,1.4399830388731278,3508.6675901011617,38525.42500782609,0.09107407872563139,33.84171409761594,,0.0003685533315894,9.917209989964715e-05
DK,northsea_to_denmark_germany,2016-05-07,2016-05-11,5,3117.78148,1.5707638026821347,4098.601188296949,162897.23,0.025160656128388116,21.74420485381296,,0.0005038081766661,8.009783744532679e-05
DK,northsea_to_denmark_germany,2016-06-01,2016-06-04,4,2665.346,1.3428231084442828,2803.067592234853,64408.03999999999,0.043520460989572934,21.74420485381296,,0.0005038081766661,8.009783744532679e-05
DK,northsea_to_denmark_germany,2016-09-08,2016-09-16,9,3315.2814555555556,1.6702659052583784,7844.818464923946,163963.85,0.047844805211172736,21.74420485381296,,0.0005038081766661,8.009783744532679e-05
DK,northsea_to_denmark_germany,2018-05-07,2018-05-15,9,3660.445488888889,1.844162367542762,8661.566369565186,229802.55999999997,0.037691339772564704,21.74420485381296,,0.0005038081766661,8.009783744532679e-05
DK,northsea_to_denmark_germany,2018-05-23,2018-06-08,17,3487.323847058823,1.7569422688309149,15586.95154479119,370969.24,0.04201683014147262,21.74420485381296,,0.0005038081766661,8.009783744532679e-05
DK,northsea_to_denmark_germany,2018-07-26,2018-07-28,3,3564.7265666666667,1.7959383918655398,2811.6901654237236,83863.72,0.03352689536576393,21.74420485381296,,0.0005038081766661,8.009783744532679e-05
DK,northsea_to_denmark_germany,2019-07-24,2019-07-26,3,3938.286066666667,1.9841407224368401,3106.3364875770544,55963.97,0.055506006589186835,21.74420485381296,,0.0005038081766661,8.009783744532679e-05
DK,northsea_to_denmark_germany,2019-08-25,2019-08-31,7,4147.516028571428,2.089552488047995,7633.190435288907,126033.26999999999,0.06056488445700812,21.74420485381296,,0.0005038081766661,8.009783744532679e-05
DK,northsea_to_denmark_germany,2020-06-24,2020-06-27,4,3971.569775,2.0009093268449427,4176.785500494857,69056.08,0.06048396463417641,21.74420485381296,,0.0005038081766661,8.009783744532679e-05
DK,northsea_to_denmark_germany,2020-08-07,2020-08-21,15,3953.229073333333,1.9916691313794823,15590.614173743224,251382.69999999998,0.06201943957855185,21.74420485381296,,0.0005038081766661,8.009783744532679e-05
DK,northsea_to_denmark_germany,2016-05-08,2016-05-11,4,3076.463,1.54994721461072,3235.427495720861,118402.65000000001,0.027325634145188984,21.74420485381296,,0.0005038081766661,8.009783744532679e-05
DK,northsea_to_denmark_germany,2016-09-08,2016-09-16,9,3315.2814555555556,1.6702659052583784,7844.818464923946,163963.85,0.047844805211172736,21.74420485381296,,0.0005038081766661,8.009783744532679e-05
DK,northsea_to_denmark_germany,2018-05-08,2018-05-16,9,3534.7475222222224,1.7808347041457924,8364.132277428707,242634.06,0.034472210032790565,21.74420485381296,,0.0005038081766661,8.009783744532679e-05
DK,northsea_to_denmark_germany,2018-05-24,2018-06-08,16,3512.0119937500003,1.769380359000662,14773.92729232263,365891.88,0.04037784957764745,21.74420485381296,,0.0005038081766661,8.009783744532679e-05
DK,northsea_to_denmark_germany,2018-07-24,2018-08-08,16,3744.22760625,1.8863724833276885,15750.785167900081,338833.8,0.046485283250667676,21.74420485381296,,0.0005038081766661,8.009783744532679e-05
DK,northsea_to_denmark_germany,2019-06-25,2019-06-30,6,3918.23065,1.9740366395337277,6181.035419369362,244161.99,0.025315305709006395,21.74420485381296,,0.0005038081766661,8.009783744532679e-05
DK,northsea_to_denmark_germany,2019-08-25,2019-08-31,7,4147.516028571428,2.089552488047995,7633.190435288907,126033.26999999999,0.06056488445700812,21.74420485381296,,0.0005038081766661,8.009783744532679e-05
DK,northsea_to_denmark_germany,2020-06-25,2020-06-27,3,4019.9891000000002,2.025303378688596,3170.7800321273535,65166.5,0.048656595522658934,21.74420485381296,,0.0005038081766661,8.009783744532679e-05
DK,northsea_to_denmark_germany,2020-08-06,2020-08-17,12,3784.092633333333,1.9064568099352872,11938.863577011736,177280.56000000003,0.06734445997356808,21.74420485381296,,0.0005038081766661,8.009783744532679e-05
DK,northsea_to_denmark_germany,2016-05-08,2016-05-10,3,3112.346266666667,1.5680254977628767,2454.873670033778,86967.3,0.028227548400764173,21.74420485381296,,0.0005038081766661,8.009783744532679e-05
DK,northsea_to_denmark_germany,2016-09-08,2016-09-16,9,3315.2814555555556,1.6702659052583784,7844.818464923946,163963.85,0.047844805211172736,21.74420485381296,,0.0005038081766661,8.009783744532679e-05
DK,northsea_to_denmark_germany,2018-05-08,2018-05-16,9,3534.7475222222224,1.7808347041457924,8364.132277428707,242634.06,0.034472210032790565,21.74420485381296,,0.0005038081766661,8.009783744532679e-05
DK,northsea_to_denmark_germany,2018-05-23,2018-06-09,18,3473.2158777777777,1.74983455855097,16437.0647958107,375269.02999999997,0.04380074954709346,21.74420485381296,,0.0005038081766661,8.009783744532679e-05
DK,northsea_to_denmark_germany,2018-07-24,2018-08-08,16,3744.22760625,1.8863724833276885,15750.785167900081,338833.8,0.046485283250667676,21.74420485381296,,0.0005038081766661,8.009783744532679e-05
DK,northsea_to_denmark_germany,2019-06-25,2019-06-30,6,3918.23065,1.9740366395337277,6181.035419369362,244161.99,0.025315305709006395,21.74420485381296,,0.0005038081766661,8.009783744532679e-05
DK,northsea_to_denmark_germany,2019-07-26,2019-07-29,4,3766.22345,1.8974541692616085,3960.8286870860065,121531.59000000001,0.03259093941818754,21.74420485381296,,0.0005038081766661,8.009783744532679e-05
DK,northsea_to_denmark_germany,2019-08-25,2019-08-31,7,4147.516028571428,2.089552488047995,7633.190435288907,126033.26999999999,0.06056488445700812,21.74420485381296,,0.0005038081766661,8.009783744532679e-05
DK,northsea_to_denmark_germany,2020-06-25,2020-06-27,3,4019.9891000000002,2.025303378688596,3170.7800321273535,65166.5,0.048656595522658934,21.74420485381296,,0.0005038081766661,8.009783744532679e-05
DK,northsea_to_denmark_germany,2020-08-06,2020-08-17,12,3784.092633333333,1.9064568099352872,11938.863577011736,177280.56000000003,0.06734445997356808,21.74420485381296,,0.0005038081766661,8.009783744532679e-05
DK,northsea_to_denmark_germany,2020-09-23,2020-09-27,5,4002.6729399999995,2.016579355692137,5261.8697536967975,252600.25,0.020830817680096505,21.74420485381296,,0.0005038081766661,8.009783744532679e-05
DK,northsea_to_denmark_germany,2016-05-07,2016-05-10,4,3155.02355,1.5895266620641058,3318.0473626098665,131461.88,0.02523961594501666,21.74420485381296,,0.0005038081766661,8.009783744532679e-05
DK,northsea_to_denmark_germany,2016-09-08,2016-09-16,9,3315.2814555555556,1.6702659052583784,7844.818464923946,163963.85,0.047844805211172736,21.74420485381296,,0.0005038081766661,8.009783744532679e-05
DK,northsea_to_denmark_germany,2018-05-08,2018-05-15,8,3584.1037125000003,1.8057007563768248,7538.597213057796,211030.68,0.03572275468693839,21.74420485381296,,0.0005038081766661,8.009783744532679e-05
DK,northsea_to_denmark_germany,2018-05-24,2018-06-09,17,3495.6219000000006,1.7611228957530882,15624.040543342138,370191.67,0.042205273131462245,21.74420485381296,,0.0005038081766661,8.009783744532679e-05
DK,northsea_to_denmark_germany,2019-08-25,2019-08-31,7,4147.516028571428,2.089552488047995,7633.190435288907,126033.26999999999,0.06056488445700812,21.74420485381296,,0.0005038081766661,8.009783744532679e-05
DK,northsea_to_denmark_germany,2020-06-16,2020-06-18,3,3487.4355333333333,1.7569985372892345,2750.726600832013,21525.77,0.12778760531363165,21.74420485381296,,0.0005038081766661,8.009783744532679e-05
DK,northsea_to_denmark_germany,2020-06-24,2020-06-27,4,3971.569775,2.0009093268449427,4176.785500494857,69056.08,0.06048396463417641,21.74420485381296,,0.0005038081766661,8.009783744532679e-05
DK,northsea_to_denmark_germany,2020-08-08,2020-08-21,14,3929.1358642857135,1.979530775659166,14462.556427321018,239633.71,0.06035276266983063,21.74420485381296,,0.0005038081766661,8.009783744532679e-05
DK,northsea_to_denmark_germany,2016-09-07,2016-09-16,10,3328.2458099999994,1.6767974530326866,8750.550556102691,174377.16999999998,0.050181744296588206,21.74420485381296,,0.0005038081766661,8.009783744532679e-05
DK,northsea_to_denmark_germany,2016-09-25,2016-09-29,5,3256.8426,1.6408239319944802,4281.409404759221,230297.71000000002,0.01859075978115119,21.74420485381296,,0.0005038081766661,8.009783744532679e-05
DK,northsea_to_denmark_germany,2018-05-07,2018-05-16,10,3608.3907400000003,1.8179367594182392,9487.101433936099,261405.93999999997,0.03629260082588827,21.74420485381296,,0.0005038081766661,8.009783744532679e-05
DK,northsea_to_denmark_germany,2018-05-23,2018-06-09,18,3473.2158777777777,1.74983455855097,16437.0647958107,375269.02999999997,0.04380074954709346,21.74420485381296,,0.0005038081766661,8.009783744532679e-05
DK,northsea_to_denmark_germany,2018-06-26,2018-06-28,3,3344.4929333333334,1.684982886615323,2637.9801404447526,20736.84,0.12721225319020413,21.74420485381296,,0.0005038081766661,8.009783744532679e-05
DK,northsea_to_denmark_germany,2018-07-12,2018-07-17,6,3440.512283333333,1.7333582202634867,5427.431456608785,92440.27,0.05871284729705771,21.74420485381296,,0.0005038081766661,8.009783744532679e-05
DK,northsea_to_denmark_germany,2018-07-25,2018-08-08,15,3698.57354,1.8633715914528826,14586.3120971977,335173.51,0.04351869005756959,21.74420485381296,,0.0005038081766661,8.009783744532679e-05
DK,northsea_to_denmark_germany,2019-08-26,2019-08-31,6,4167.274483333334,2.0995069591153306,6573.903755185391,112149.63999999998,0.05861725240656494,21.74420485381296,,0.0005038081766661,8.009783744532679e-05
DK,northsea_to_denmark_germany,2020-06-16,2020-06-27,12,3777.7543500000006,1.9032635309659278,11918.866207136982,192108.88999999998,0.06204224180951221,21.74420485381296,,0.0005038081766661,8.009783744532679e-05
DK,northsea_to_denmark_germany,2020-08-14,2020-08-21,8,4043.7066499999996,2.037252474309083,8505.299546940292,143662.43999999997,0.05920336273656701,21.74420485381296,,0.0005038081766661,8.009783744532679e-05
DK,northsea_to_denmark_germany,2016-05-30,2016-06-02,4,2680.615475,1.3505159948026815,2819.126059136688,141662.66,0.019900276185246615,21.74420485381296,,0.0005038081766661,8.009783744532679e-05
DK,northsea_to_denmark_germany,2016-09-08,2016-09-16,9,3315.2814555555556,1.6702659052583784,7844.818464923946,163963.85,0.047844805211172736,21.74420485381296,,0.0005038081766661,8.009783744532679e-05
DK,northsea_to_denmark_germany,2018-05-08,2018-05-16,9,3534.7475222222224,1.7808347041457924,8364.132277428707,242634.06,0.034472210032790565,21.74420485381296,,0.0005038081766661,8.009783744532679e-05
DK,northsea_to_denmark_germany,2018-05-23,2018-06-03,12,3387.133816666667,1.7064657122989215,10686.453126979854,288736.29,0.03701111878586462,21.74420485381296,,0.0005038081766661,8.009783744532679e-05
DK,northsea_to_denmark_germany,2018-07-25,2018-07-31,7,3773.0334857142852,1.9008851209378534,6943.983559503935,146552.91,0.04738209264834069,21.74420485381296,,0.0005038081766661,8.009783744532679e-05
DK,northsea_to_denmark_germany,2019-06-25,2019-06-30,6,3918.23065,1.9740366395337277,6181.035419369362,244161.99,0.025315305709006395,21.74420485381296,,0.0005038081766661,8.009783744532679e-05
DK,northsea_to_denmark_germany,2019-07-26,2019-07-29,4,3766.22345,1.8974541692616085,3960.8286870860065,121531.59000000001,0.03259093941818754,21.74420485381296,,0.0005038081766661,8.009783744532679e-05
DK,northsea_to_denmark_germany,2019-08-26,2019-08-31,6,4167.274483333334,2.0995069591153306,6573.903755185391,112149.63999999998,0.05861725240656494,21.74420485381296,,0.0005038081766661,8.009783744532679e-05
DK,northsea_to_denmark_germany,2020-06-13,2020-06-19,7,3551.73,1.7893906153102872,6536.691185269948,151965.65,0.04301426793008781,21.74420485381296,,0.0005038081766661,8.009783744532679e-05
DK,northsea_to_denmark_germany,2020-06-25,2020-06-27,3,4019.9891000000002,2.025303378688596,3170.7800321273535,65166.5,0.048656595522658934,21.74420485381296,,0.0005038081766661,8.009783744532679e-05
DK,northsea_to_denmark_germany,2020-08-16,2020-08-18,3,3905.1428666666666,1.96744290727596,3080.1946762072666,41775.88,0.07373141334682277,21.74420485381296,,0.0005038081766661,8.009783744532679e-05
IE,uk_offshore_to_continent,2016-05-08,2016-05-13,6,3395.4733499999998,1.876022694441327,68347.46080565348,73617.0,0.9284195336084529,253.000747746844,,0.0005525069706235,5.651348887382973e-05
IE,uk_offshore_to_continent,2016-09-05,2016-09-07,3,2826.7070333333336,1.561775339827141,28449.383672797063,51823.0,0.5489721489067994,253.000747746844,,0.0005525069706235,5.651348887382973e-05
IE,uk_offshore_to_continent,2018-06-05,2018-06-08,4,3269.79705,1.806585662649157,43878.48225782058,10320.0,4.251790916455483,253.000747746844,,0.0005525069706235,5.651348887382973e-05
IE,uk_offshore_to_continent,2018-06-26,2018-07-07,12,3290.5752666666663,1.8180657721946154,132471.93594763614,97560.0,1.3578509219724901,253.000747746844,,0.0005525069706235,5.651348887382973e-05
IE,uk_offshore_to_continent,2019-06-26,2019-06-28,3,3242.995733333333,1.7917777483689357,32639.1199296118,96325.0,0.33884370547222215,253.000747746844,,0.0005525069706235,5.651348887382973e-05
IE,uk_offshore_to_continent,2020-05-28,2020-06-01,5,4501.664699999999,2.4872011261597464,75511.649365825,126210.0,0.5983016350988432,253.000747746844,,0.0005525069706235,5.651348887382973e-05
IE,uk_offshore_to_continent,2020-08-12,2020-08-19,8,4229.9394125,2.3370710107213224,113525.89694399369,65120.0,1.7433337982800015,253.000747746844,,0.0005525069706235,5.651348887382973e-05
IE,uk_offshore_to_continent,2020-09-14,2020-09-18,5,4263.5127999999995,2.355620541342516,71516.85100409786,68390.0,1.0457208803055689,253.000747746844,,0.0005525069706235,5.651348887382973e-05
IE,uk_offshore_to_continent,2016-05-09,2016-05-13,5,3330.06518,1.8398842245806002,55859.0501503817,55228.0,1.0114262720066216,253.000747746844,,0.0005525069706235,5.651348887382973e-05
IE,uk_offshore_to_continent,2017-06-18,2017-06-21,4,3423.933625,1.8917471947646889,45946.89166305224,26282.0,1.7482266061582925,253.000747746844,,0.0005525069706235,5.651348887382973e-05
IE,uk_offshore_to_continent,2018-05-28,2018-05-30,3,3924.5795999999996,2.168357585766787,39498.91852187077,14155.0,2.790456977878543,253.000747746844,,0.0005525069706235,5.651348887382973e-05
IE,uk_offshore_to_continent,2018-06-24,2018-07-04,11,3289.1496636363636,1.8172781165830312,121379.99870290357,91928.0,1.3203811537605905,253.000747746844,,0.0005525069706235,5.651348887382973e-05
IE,uk_offshore_to_continent,2020-05-28,2020-06-02,6,4388.315233333334,2.424574755709958,88332.3685674347,138757.0,0.6365975667349013,253.000747746844,,0.0005525069706235,5.651348887382973e-05
IE,uk_offshore_to_continent,2020-08-11,2020-08-18,8,4277.5485,2.3633753634300962,114803.66095762243,40095.882352941175,2.863228197525903,253.000747746844,,0.0005525069706235,5.651348887382973e-05
IE,uk_offshore_to_continent,2016-05-09,2016-05-13,5,3330.06518,1.8398842245806002,55859.0501503817,55228.0,1.0114262720066216,253.000747746844,,0.0005525069706235,5.651348887382973e-05
IE,uk_offshore_to_continent,2017-06-17,2017-06-21,5,3159.59066,1.745695863966905,52999.48307066398,37230.0,1.423569247130378,253.000747746844,,0.0005525069706235,5.651348887382973e-05
IE,uk_offshore_to_continent,2018-05-25,2018-05-29,5,3998.11564,2.208986760458836,67065.03625907568,73091.0,0.9175553249931686,253.000747746844,,0.0005525069706235,5.651348887382973e-05
IE,uk_offshore_to_continent,2018-06-25,2018-07-08,14,3209.9474071428567,1.7735183177812583,150763.69074190478,102146.0,1.475962746871192,253.000747746844,,0.0005525069706235,5.651348887382973e-05
IE,uk_offshore_to_continent,2018-08-18,2018-08-21,4,2993.73685,1.6540604778374393,40173.93962029193,68818.0,0.5837708102573735,253.000747746844,,0.0005525069706235,5.651348887382973e-05
IE,uk_offshore_to_continent,2020-05-28,2020-06-02,6,4388.315233333334,2.424574755709958,88332.3685674347,138757.0,0.6365975667349013,253.000747746844,,0.0005525069706235,5.651348887382973e-05
IE,uk_offshore_to_continent,2020-08-11,2020-08-18,8,4277.5485,2.3633753634300962,114803.66095762243,40095.882352941175,2.863228197525903,253.000747746844,,0.0005525069706235,5.651348887382973e-05
IE,uk_offshore_to_continent,2020-09-14,2020-09-16,3,3897.3903000000005,2.1533353079904143,39225.27190113039,30147.0,1.3011335091760505,253.000747746844,,0.0005525069706235,5.651348887382973e-05
IE,uk_offshore_to_continent,2016-05-08,2016-05-12,5,3556.78892,1.9651506713364302,59662.150713999516,67985.0,0.8775781527395677,253.000747746844,,0.0005525069706235,5.651348887382973e-05
IE,uk_offshore_to_continent,2016-09-05,2016-09-14,10,3050.2877099999996,1.685305222182193,102332.03553450141,182358.0,0.561160111069991,253.000747746844,,0.0005525069706235,5.651348887382973e-05
IE,uk_offshore_to_continent,2017-06-19,2017-06-21,3,3547.2717666666667,1.959892377779271,35701.50506986768,24571.0,1.4529935724987864,253.000747746844,,0.0005525069706235,5.651348887382973e-05
IE,uk_offshore_to_continent,2018-06-25,2018-07-08,14,3209.9474071428567,1.7735183177812583,150763.69074190478,102146.0,1.475962746871192,253.000747746844,,0.0005525069706235,5.651348887382973e-05
IE,uk_offshore_to_continent,2018-07-22,2018-07-26,5,3428.1609,1.8940827936689313,57504.5235711205,70517.0,0.8154703627652977,253.000747746844,,0.0005525069706235,5.651348887382973e-05
IE,uk_offshore_to_continent,2018-08-14,2018-08-21,8,2860.78945,1.5806061126111688,76779.74944970074,206265.0,0.37223837999515547,253.000747746844,,0.0005525069706235,5.651348887382973e-05
IE,uk_offshore_to_continent,2019-09-20,2019-09-22,3,4060.4628,2.2434340009574143,40866.51454293023,103442.0,0.39506694130943165,253.000747746844,,0.0005525069706235,5.651348887382973e-05
IE,uk_offshore_to_continent,2020-05-28,2020-06-02,6,4388.315233333334,2.424574755709958,88332.3685674347,138757.0,0.6365975667349013,253.000747746844,,0.0005525069706235,5.651348887382973e-05
IE,uk_offshore_to_continent,2016-05-08,2016-05-12,5,3556.78892,1.9651506713364302,59662.150713999516,67985.0,0.8775781527395677,253.000747746844,,0.0005525069706235,5.651348887382973e-05
IE,uk_offshore_to_continent,2016-06-05,2016-06-08,4,2365.6610499999997,1.307044220257508,31745.583846080663,14071.0,2.2561000530225757,253.000747746844,,0.0005525069706235,5.651348887382973e-05
IE,uk_offshore_to_continent,2016-08-15,2016-08-19,5,3203.01122,1.769686026035281,53727.82654368803,97592.0,0.5505351518944999,253.000747746844,,0.0005525069706235,5.651348887382973e-05
IE,uk_offshore_to_continent,2018-06-26,2018-07-07,12,3290.5752666666663,1.8180657721946154,132471.93594763614,97560.0,1.3578509219724901,253.000747746844,,0.0005525069706235,5.651348887382973e-05
IE,uk_offshore_to_continent,2019-08-02,2019-08-09,8,3329.9197,1.8398038458665138,89370.5757526555,171605.0,0.5207923764031088,253.000747746844,,0.0005525069706235,5.651348887382973e-05
IE,uk_offshore_to_continent,2020-05-28,2020-06-01,5,4501.664699999999,2.4872011261597464,75511.649365825,126210.0,0.5983016350988432,253.000747746844,,0.0005525069706235,5.651348887382973e-05
IE,uk_offshore_to_continent,2020-08-14,2020-08-20,7,4067.7891999999997,2.2474818880269902,95527.2525006773,95801.0,0.9971425402728291,253.000747746844,,0.0005525069706235,5.651348887382973e-05
IE,uk_offshore_to_continent,2016-05-08,2016-05-12,5,3556.78892,1.9651506713364302,59662.150713999516,67985.0,0.8775781527395677,253.000747746844,,0.0005525069706235,5.651348887382973e-05
IE,uk_offshore_to_continent,2016-06-05,2016-06-08,4,2365.6610499999997,1.307044220257508,31745.583846080663,14071.0,2.2561000530225757,253.000747746844,,0.0005525069706235,5.651348887382973e-05
IE,uk_offshore_to_continent,2018-06-25,2018-07-07,13,3223.5846692307687,1.7810530001450493,140589.61513379868,99355.0,1.415023050010555,253.000747746844,,0.0005525069706235,5.651348887382973e-05
IE,uk_offshore_to_continent,2020-05-28,2020-06-01,5,4501.664699999999,2.4872011261597464,75511.649365825,126210.0,0.5983016350988432,253.000747746844,,0.0005525069706235,5.651348887382973e-05
IE,uk_offshore_to_continent,2020-08-13,2020-08-16,4,4180.232325000001,2.3096074983881807,56095.912713017045,19204.0,2.9210535676430456,253.000747746844,,0.0005525069706235,5.651348887382973e-05
IE,uk_offshore_to_continent,2020-09-15,2020-09-17,3,4197.8374,2.3193344250440298,42249.120754401796,22843.0,1.8495434380073457,253.000747746844,,0.0005525069706235,5.651348887382973e-05
IE,uk_offshore_to_continent,2016-05-08,2016-05-12,5,3556.78892,1.9651506713364302,59662.150713999516,67985.0,0.8775781527395677,253.000747746844,,0.0005525069706235,5.651348887382973e-05
IE,uk_offshore_to_continent,2016-09-05,2016-09-07,3,2826.7070333333336,1.561775339827141,28449.383672797063,51823.0,0.5489721489067994,253.000747746844,,0.0005525069706235,5.651348887382973e-05
IE,uk_offshore_to_continent,2017-06-17,2017-06-21,5,3159.59066,1.745695863966905,52999.48307066398,37230.0,1.423569247130378,253.000747746844,,0.0005525069706235,5.651348887382973e-05
IE,uk_offshore_to_continent,2018-06-24,2018-07-04,11,3289.1496636363636,1.8172781165830312,121379.99870290357,91928.0,1.3203811537605905,253.000747746844,,0.0005525069706235,5.651348887382973e-05
IE,uk_offshore_to_continent,2019-09-19,2019-09-21,3,3548.7325,1.9606994431281597,35716.20661571364,97760.0,0.365345812353863,253.000747746844,,0.0005525069706235,5.651348887382973e-05
IE,uk_offshore_to_continent,2020-05-28,2020-06-02,6,4388.315233333334,2.424574755709958,88332.3685674347,138757.0,0.6365975667349013,253.000747746844,,0.0005525069706235,5.651348887382973e-05
IE,uk_offshore_to_continent,2020-08-08,2020-08-15,8,4469.12895,2.4692248974902835,119945.42312067185,29513.882352941175,4.064034059847054,253.000747746844,,0.0005525069706235,5.651348887382973e-05
IE,uk_offshore_to_continent,2020-09-14,2020-09-16,3,3897.3903000000005,2.1533353079904143,39225.27190113039,30147.0,1.3011335091760505,253.000747746844,,0.0005525069706235,5.651348887382973e-05
IE,uk_offshore_to_continent,2016-05-08,2016-05-12,5,3556.78892,1.9651506713364302,59662.150713999516,67985.0,0.8775781527395677,253.000747746844,,0.0005525069706235,5.651348887382973e-05
IE,uk_offshore_to_continent,2016-09-05,2016-09-12,8,2874.5064249999996,1.5881848369145368,77147.89464951886,164094.0,0.47014451868757456,253.000747746844,,0.0005525069706235,5.651348887382973e-05
IE,uk_offshore_to_continent,2017-06-17,2017-06-21,5,3159.59066,1.745695863966905,52999.48307066398,37230.0,1.423569247130378,253.000747746844,,0.0005525069706235,5.651348887382973e-05
IE,uk_offshore_to_continent,2018-06-25,2018-07-08,14,3209.9474071428567,1.7735183177812583,150763.69074190478,102146.0,1.475962746871192,253.000747746844,,0.0005525069706235,5.651348887382973e-05
IE,uk_offshore_to_continent,2018-08-15,2018-08-22,8,2963.882025,1.6375654789181946,79546.61580493863,191905.0,0.4145103869359247,253.000747746844,,0.0005525069706235,5.651348887382973e-05
IE,uk_offshore_to_continent,2019-08-23,2019-08-25,3,4485.7201,2.478391623515943,45146.51524505147,49668.0,0.9089658380657862,253.000747746844,,0.0005525069706235,5.651348887382973e-05
IE,uk_offshore_to_continent,2020-05-28,2020-06-02,6,4388.315233333334,2.424574755709958,88332.3685674347,138757.0,0.6365975667349013,253.000747746844,,0.0005525069706235,5.651348887382973e-05
IE,uk_offshore_to_continent,2020-09-08,2020-09-15,8,3379.245025,1.8670564317572835,90694.40127746826,213261.0,0.4252742005217469,253.000747746844,,0.0005525069706235,5.651348887382973e-05
PT,atlantic_to_iberia,2020-07-16,2020-07-20,5,3419.2053800000003,-0.7296831669172151,-2991.6386197442303,90196.80000000002,-0.033167901962644235,34.16595443270016,,-0.0002134072352557,5.104394125290821e-05
PT,atlantic_to_iberia,2020-07-15,2020-07-17,3,3811.9778,-0.8135036431541057,-2001.1772450043898,101714.9,-0.01967437656630828,34.16595443270016,,-0.0002134072352557,5.104394125290821e-05
PT,atlantic_to_iberia,2020-09-08,2020-09-13,6,3500.832383333334,-0.7471029600207897,-3675.669939159222,119809.00000000001,-0.030679414227305305,34.16595443270016,,-0.0002134072352557,5.104394125290821e-05
PT,atlantic_to_iberia,2020-07-05,2020-07-07,3,3689.5849999999996,-0.7873841340909018,-1936.9245921394195,44699.600000000006,-0.0433320341152811,34.16595443270016,,-0.0002134072352557,5.104394125290821e-05
PT,atlantic_to_iberia,2020-07-16,2020-07-20,5,3419.2053800000003,-0.7296831669172151,-2991.6386197442303,90196.80000000002,-0.033167901962644235,34.16595443270016,,-0.0002134072352557,5.104394125290821e-05
PT,atlantic_to_iberia,2020-07-16,2020-07-18,3,3935.0333666666666,-0.8397645914192625,-2065.7778310530425,73333.90000000001,-0.028169480022923125,34.16595443270016,,-0.0002134072352557,5.104394125290821e-05
PT,atlantic_to_iberia,2020-07-16,2020-07-18,3,3935.0333666666666,-0.8397645914192625,-2065.7778310530425,73333.90000000001,-0.028169480022923125,34.16595443270016,,-0.0002134072352557,5.104394125290821e-05
PT,atlantic_to_iberia,2020-07-16,2020-07-18,3,3935.0333666666666,-0.8397645914192625,-2065.7778310530425,73333.90000000001,-0.028169480022923125,34.16595443270016,,-0.0002134072352557,5.104394125290821e-05
PT,atlantic_to_iberia,2020-09-11,2020-09-13,3,3427.7730333333334,-0.7315115661277111,-1799.4809401425007,60106.50000000001,-0.02993820868196452,34.16595443270016,,-0.0002134072352557,5.104394125290821e-05
PL,domain,2015-07-03,2015-07-07,5,455.80590600000005,-1.7630324481698434,-16925.552888903985,70430.79,-0.2403146818160635,80.00208630341218,,-0.0038679455991293,0.0005004505101141
PL,domain,2015-07-17,2015-07-22,6,460.33265666666665,-1.7805416734893322,-20512.375002621433,110028.91,-0.18642713994550553,80.00208630341218,,-0.0038679455991293,0.0005004505101141
PL,domain,2015-08-06,2015-08-14,9,470.86665666666664,-1.8212866124305602,-31472.653410198483,132610.08,-0.2373322858277326,80.00208630341218,,-0.0038679455991293,0.0005004505101141
PL,domain,2015-08-29,2015-09-01,4,452.906175,-1.7518164464097346,-13454.30117120721,51651.45,-0.2604825454311004,80.00208630341218,,-0.0038679455991293,0.0005004505101141
PL,domain,2016-09-08,2016-09-14,7,482.05275571428575,-1.864553835013223,-25060.257066782448,66096.42,-0.3791469653996759,80.00208630341218,,-0.0038679455991293,0.0005004505101141
PL,domain,2017-06-20,2017-06-22,3,502.9925166666667,-1.9455476912358043,-11206.646949718883,80314.25,-0.13953497604371431,80.00208630341218,,-0.0038679455991293,0.0005004505101141
PL,domain,2018-07-31,2018-08-09,10,524.420129,-2.0284285300603697,-38946.84343732637,198882.9,-0.19582801456196774,80.00208630341218,,-0.0038679455991293,0.0005004505101141
PL,domain,2018-08-19,2018-08-23,5,536.637666,-2.075685298531719,-19927.098527023016,109045.39000000001,-0.18274132016972944,80.00208630341218,,-0.0038679455991293,0.0005004505101141
PL,domain,2019-06-11,2019-06-15,5,486.536762,-1.8818977273925195,-18066.689328126195,141544.86,-0.12763931751478785,80.00208630341218,,-0.0038679455991293,0.0005004505101141
PL,domain,2019-06-26,2019-07-01,6,524.2036633333333,-2.027591252637624,-23358.460374944465,213283.77000000002,-0.10951822717192435,80.00208630341218,,-0.0038679455991293,0.0005004505101141
PL,domain,2020-09-14,2020-09-16,3,538.26963,-2.0819976465034564,-11992.619188733082,76980.98000000001,-0.15578678251086284,80.00208630341218,,-0.0038679455991293,0.0005004505101141
PL,domain,2015-07-04,2015-07-07,4,455.59672249999994,-1.7622233377716077,-13534.22818121196,57065.70999999999,-0.23716918936454068,80.00208630341218,,-0.0038679455991293,0.0005004505101141
PL,domain,2015-07-17,2015-07-22,6,460.33265666666665,-1.7805416734893322,-20512.375002621433,110028.91,-0.18642713994550553,80.00208630341218,,-0.0038679455991293,0.0005004505101141
PL,domain,2015-08-06,2015-08-14,9,470.86665666666664,-1.8212866124305602,-31472.653410198483,132610.08,-0.2373322858277326,80.00208630341218,,-0.0038679455991293,0.0005004505101141
PL,domain,2015-08-30,2015-09-01,3,445.5933333333333,-1.7235307726680218,-9927.796148753312,45162.27,-0.21982500323286036,80.00208630341218,,-0.0038679455991293,0.0005004505101141
PL,domain,2016-09-08,2016-09-14,7,482.05275571428575,-1.864553835013223,-25060.257066782448,66096.42,-0.3791469653996759,80.00208630341218,,-0.0038679455991293,0.0005004505101141
PL,domain,2017-08-01,2017-08-03,3,487.2090166666667,-1.884497971871947,-10854.991395669942,77262.44999999998,-0.14049504507907715,80.00208630341218,,-0.0038679455991293,0.0005004505101141
PL,domain,2018-08-20,2018-08-23,4,530.5401575000001,-2.052100467363491,-15760.542594555503,102310.85,-0.15404566177053072,80.00208630341218,,-0.0038679455991293,0.0005004505101141
PL,domain,2019-06-11,2019-06-15,5,486.536762,-1.8818977273925195,-18066.689328126195,141544.86,-0.12763931751478785,80.00208630341218,,-0.0038679455991293,0.0005004505101141
PL,domain,2019-06-26,2019-07-01,6,524.2036633333333,-2.027591252637624,-23358.460374944465,213283.77000000002,-0.10951822717192435,80.00208630341218,,-0.0038679455991293,0.0005004505101141
PL,domain,2019-08-29,2019-09-01,4,523.508145,-2.0249010255610935,-15551.645433869418,93555.56,-0.16622898130126545,80.00208630341218,,-0.0038679455991293,0.0005004505101141
PL,domain,2020-09-14,2020-09-16,3,538.26963,-2.0819976465034564,-11992.619188733082,76980.98000000001,-0.15578678251086284,80.00208630341218,,-0.0038679455991293,0.0005004505101141
PL,domain,2015-07-04,2015-07-07,4,455.59672249999994,-1.7622233377716077,-13534.22818121196,57065.70999999999,-0.23716918936454068,80.00208630341218,,-0.0038679455991293,0.0005004505101141
PL,domain,2015-07-17,2015-07-22,6,460.33265666666665,-1.7805416734893322,-20512.375002621433,110028.91,-0.18642713994550553,80.00208630341218,,-0.0038679455991293,0.0005004505101141
PL,domain,2015-08-07,2015-08-14,8,477.47130375,-1.8468330280503416,-28368.095097230493,124380.6,-0.22807491760958293,80.00208630341218,,-0.0038679455991293,0.0005004505101141
PL,domain,2015-08-30,2015-09-01,3,445.5933333333333,-1.7235307726680218,-9927.796148753312,45162.27,-0.21982500323286036,80.00208630341218,,-0.0038679455991293,0.0005004505101141
PL,domain,2016-09-08,2016-09-13,6,478.526255,-1.850913522095075,-21323.079840211605,47607.19,-0.44789620727901824,80.00208630341218,,-0.0038679455991293,0.0005004505101141
PL,domain,2017-08-01,2017-08-03,3,487.2090166666667,-1.884497971871947,-10854.991395669942,77262.44999999998,-0.14049504507907715,80.00208630341218,,-0.0038679455991293,0.0005004505101141
PL,domain,2018-05-28,2018-06-01,5,473.55954,-1.8317025386686958,-17584.802949690267,117274.93,-0.14994511571816985,80.00208630341218,,-0.0038679455991293,0.0005004505101141
PL,domain,2019-06-11,2019-06-15,5,486.536762,-1.8818977273925195,-18066.689328126195,141544.86,-0.12763931751478785,80.00208630341218,,-0.0038679455991293,0.0005004505101141
PL,domain,2019-06-26,2019-07-01,6,524.2036633333333,-2.027591252637624,-23358.460374944465,213283.77000000002,-0.10951822717192435,80.00208630341218,,-0.0038679455991293,0.0005004505101141
PL,domain,2019-08-28,2019-09-01,5,514.980588,-1.9919168989916192,-19122.900919482323,125217.04000000001,-0.15271803996870012,80.00208630341218,,-0.0038679455991293,0.0005004505101141
PL,domain,2020-09-14,2020-09-16,3,538.26963,-2.0819976465034564,-11992.619188733082,76980.98000000001,-0.15578678251086284,80.00208630341218,,-0.0038679455991293,0.0005004505101141
PL,domain,2015-07-05,2015-07-07,3,463.6715033333333,-1.793456150759833,-10330.576830322098,50180.09,-0.20587003391827513,80.00208630341218,,-0.0038679455991293,0.0005004505101141
PL,domain,2015-07-18,2015-07-22,5,466.49578199999996,-1.804380306999281,-17322.50268536806,98301.64000000001,-0.176217840163888,80.00208630341218,,-0.0038679455991293,0.0005004505101141
PL,domain,2015-08-07,2015-08-15,9,475.0161811111111,-1.8373367472439286,-31750.00697263091,152184.61,-0.2086282375900619,80.00208630341218,,-0.0038679455991293,0.0005004505101141
PL,domain,2015-08-28,2015-09-01,5,456.61410000000006,-1.7661584985953862,-16955.563755615956,70047.22,-0.24205905324459637,80.00208630341218,,-0.0038679455991293,0.0005004505101141
PL,domain,2016-09-08,2016-09-13,6,478.526255,-1.850913522095075,-21323.079840211605,47607.19,-0.44789620727901824,80.00208630341218,,-0.0038679455991293,0.0005004505101141
PL,domain,2017-07-31,2017-08-03,4,485.67292249999997,-1.8785564432001405,-14427.689730693952,97333.44,-0.14822952657066216,80.00208630341218,,-0.0038679455991293,0.0005004505101141
PL,domain,2018-05-28,2018-06-01,5,473.55954,-1.8317025386686958,-17584.802949690267,117274.93,-0.14994511571816985,80.00208630341218,,-0.0038679455991293,0.0005004505101141
PL,domain,2019-06-10,2019-06-15,6,488.845525,-1.890827897077802,-21782.905431396146,180749.65999999997,-0.12051422631387605,80.00208630341218,,-0.0038679455991293,0.0005004505101141
PL,domain,2019-06-25,2019-07-01,7,517.0260171428572,-1.9998285076430644,-26878.396080561382,232168.84000000003,-0.11577090224752547,80.00208630341218,,-0.0038679455991293,0.0005004505101141
PL,domain,2019-08-28,2019-09-01,5,514.980588,-1.9919168989916192,-19122.900919482323,125217.04000000001,-0.15271803996870012,80.00208630341218,,-0.0038679455991293,0.0005004505101141
PL,domain,2020-09-14,2020-09-16,3,538.26963,-2.0819976465034564,-11992.619188733082,76980.98000000001,-0.15578678251086284,80.00208630341218,,-0.0038679455991293,0.0005004505101141
PL,domain,2015-07-05,2015-07-08,4,468.473935,-1.8120316951900355,-13916.766342058703,87057.18999999999,-0.15985774801666244,80.00208630341218,,-0.0038679455991293,0.0005004505101141
PL,domain,2015-08-08,2015-08-15,8,477.44349124999997,-1.8467254508133657,-28366.4426677783,138113.65999999997,-0.20538477271385253,80.00208630341218,,-0.0038679455991293,0.0005004505101141
PL,domain,2015-08-28,2015-09-01,5,456.61410000000006,-1.7661584985953862,-16955.563755615956,70047.22,-0.24205905324459637,80.00208630341218,,-0.0038679455991293,0.0005004505101141
PL,domain,2015-09-16,2015-09-18,3,459.14383,-1.7759433566158713,-10229.70050538872,70043.18,-0.14604848759563346,80.00208630341218,,-0.0038679455991293,0.0005004505101141
PL,domain,2016-09-08,2016-09-13,6,478.526255,-1.850913522095075,-21323.079840211605,47607.19,-0.44789620727901824,80.00208630341218,,-0.0038679455991293,0.0005004505101141
PL,domain,2017-07-31,2017-08-03,4,485.67292249999997,-1.8785564432001405,-14427.689730693952,97333.44,-0.14822952657066216,80.00208630341218,,-0.0038679455991293,0.0005004505101141
PL,domain,2019-06-10,2019-06-16,7,497.1388214285715,-1.9229059165009699,-25844.529494322418,216381.02999999997,-0.11943990420196457,80.00208630341218,,-0.0038679455991293,0.0005004505101141
PL,domain,2019-06-26,2019-07-01,6,524.2036633333333,-2.027591252637624,-23358.460374944465,213283.77000000002,-0.10951822717192435,80.00208630341218,,-0.0038679455991293,0.0005004505101141
PL,domain,2019-08-29,2019-09-01,4,523.508145,-2.0249010255610935,-15551.645433869418,93555.56,-0.16622898130126545,80.00208630341218,,-0.0038679455991293,0.0005004505101141
PL,domain,2015-07-05,2015-07-08,4,468.473935,-1.8120316951900355,-13916.766342058703,87057.18999999999,-0.15985774801666244,80.00208630341218,,-0.0038679455991293,0.0005004505101141
PL,domain,2015-07-18,2015-07-25,8,467.9627425,-1.8100544304093527,-27803.161105052663,168212.3,-0.16528613606170692,80.00208630341218,,-0.0038679455991293,0.0005004505101141
PL,domain,2015-08-07,2015-08-13,7,479.9913957142857,-1.8565806066730017,-24953.094083281532,92661.64000000001,-0.2692926013750839,80.00208630341218,,-0.0038679455991293,0.0005004505101141
PL,domain,2015-08-28,2015-09-01,5,456.61410000000006,-1.7661584985953862,-16955.563755615956,70047.22,-0.24205905324459637,80.00208630341218,,-0.0038679455991293,0.0005004505101141
PL,domain,2015-09-16,2015-09-18,3,459.14383,-1.7759433566158713,-10229.70050538872,70043.18,-0.14604848759563346,80.00208630341218,,-0.0038679455991293,0.0005004505101141
PL,domain,2016-06-24,2016-06-26,3,471.27747999999997,-1.8228756547347464,-10500.03759243443,73558.01000000001,-0.14274499259066997,80.00208630341218,,-0.0038679455991293,0.0005004505101141
PL,domain,2016-09-10,2016-09-13,4,473.6067825,-1.8318852700886625,-14069.24577365594,31553.989999999998,-0.44587850137671786,80.00208630341218,,-0.0038679455991293,0.0005004505101141
PL,domain,2017-08-01,2017-08-04,4,489.92884250000003,-1.895018110234387,-14554.118630544048,118943.26999999997,-0.12236185057417752,80.00208630341218,,-0.0038679455991293,0.0005004505101141
PL,domain,2019-06-10,2019-06-16,7,497.1388214285715,-1.9229059165009699,-25844.529494322418,216381.02999999997,-0.11943990420196457,80.00208630341218,,-0.0038679455991293,0.0005004505101141
PL,domain,2019-06-26,2019-07-01,6,524.2036633333333,-2.027591252637624,-23358.460374944465,213283.77000000002,-0.10951822717192435,80.00208630341218,,-0.0038679455991293,0.0005004505101141
PL,domain,2019-08-29,2019-09-01,4,523.508145,-2.0249010255610935,-15551.645433869418,93555.56,-0.16622898130126545,80.00208630341218,,-0.0038679455991293,0.0005004505101141
PL,domain,2015-07-06,2015-07-08,3,474.84242333333333,-1.8366646616120585,-10579.464343347496,81357.21999999999,-0.13003719083994633,80.00208630341218,,-0.0038679455991293,0.0005004505101141
PL,domain,2015-08-07,2015-08-12,6,480.5278183333333,-1.8586554601816203,-21412.269292861194,72737.74,-0.29437633466287505,80.00208630341218,,-0.0038679455991293,0.0005004505101141
PL,domain,2015-08-28,2015-09-02,6,463.8998566666667,-1.7943394090305465,-20671.329061278055,91768.72,-0.22525462991396256,80.00208630341218,,-0.0038679455991293,0.0005004505101141
PL,domain,2015-09-16,2015-09-18,3,459.14383,-1.7759433566158713,-10229.70050538872,70043.18,-0.14604848759563346,80.00208630341218,,-0.0038679455991293,0.0005004505101141
PL,domain,2016-06-24,2016-06-26,3,471.27747999999997,-1.8228756547347464,-10500.03759243443,73558.01000000001,-0.14274499259066997,80.00208630341218,,-0.0038679455991293,0.0005004505101141
PL,domain,2016-09-08,2016-09-13,6,478.526255,-1.850913522095075,-21323.079840211605,47607.19,-0.44789620727901824,80.00208630341218,,-0.0038679455991293,0.0005004505101141
PL,domain,2017-08-01,2017-08-04,4,489.92884250000003,-1.895018110234387,-14554.118630544048,118943.26999999997,-0.12236185057417752,80.00208630341218,,-0.0038679455991293,0.0005004505101141
PL,domain,2018-05-01,2018-05-04,4,557.6175499999999,-2.156834348519762,-16564.91977847441,114866.1,-0.14421069208821757,80.00208630341218,,-0.0038679455991293,0.0005004505101141
PL,domain,2019-06-11,2019-06-16,6,496.5970683333333,-1.9208104450004289,-22128.313391052463,177176.22999999998,-0.12489436868056435,80.00208630341218,,-0.0038679455991293,0.0005004505101141
PL,domain,2019-06-26,2019-07-01,6,524.2036633333333,-2.027591252637624,-23358.460374944465,213283.77000000002,-0.10951822717192435,80.00208630341218,,-0.0038679455991293,0.0005004505101141
PL,domain,2020-09-23,2020-09-25,3,513.2456266666667,-1.985206162937693,-11435.08570397331,92233.06999999998,-0.12398032185173183,80.00208630341218,,-0.0038679455991293,0.0005004505101141
PL,domain,2015-07-03,2015-07-07,5,455.80590600000005,-1.7630324481698434,-16925.552888903985,70430.79,-0.2403146818160635,80.00208630341218,,-0.0038679455991293,0.0005004505101141
PL,domain,2015-08-04,2015-08-14,11,467.60854909090904,-1.8086844295714188,-38200.41134717557,166125.06,-0.22994972189731983,80.00208630341218,,-0.0038679455991293,0.0005004505101141
PL,domain,2015-08-30,2015-09-01,3,445.5933333333333,-1.7235307726680218,-9927.796148753312,45162.27,-0.21982500323286036,80.00208630341218,,-0.0038679455991293,0.0005004505101141
PL,domain,2016-09-08,2016-09-13,6,478.526255,-1.850913522095075,-21323.079840211605,47607.19,-0.44789620727901824,80.00208630341218,,-0.0038679455991293,0.0005004505101141
PL,domain,2018-05-28,2018-05-31,4,483.196025,-1.8689759384155211,-14354.109535115453,99866.59999999999,-0.1437328349529818,80.00208630341218,,-0.0038679455991293,0.0005004505101141
PL,domain,2018-07-31,2018-08-17,18,521.8289016666666,-2.0184058037000594,-69757.92373086151,396107.31999999995,-0.17610864583583438,80.00208630341218,,-0.0038679455991293,0.0005004505101141
PL,domain,2018-09-18,2018-09-21,4,501.26163,-1.9388527157708795,-14890.777180483872,140786.58000000002,-0.1057684417114463,80.00208630341218,,-0.0038679455991293,0.0005004505101141
PL,domain,2019-06-11,2019-06-15,5,486.536762,-1.8818977273925195,-18066.689328126195,141544.86,-0.12763931751478785,80.00208630341218,,-0.0038679455991293,0.0005004505101141
PL,domain,2019-06-25,2019-07-01,7,517.0260171428572,-1.9998285076430644,-26878.396080561382,232168.84000000003,-0.11577090224752547,80.00208630341218,,-0.0038679455991293,0.0005004505101141
PL,domain,2019-08-26,2019-09-01,7,517.2831042857143,-2.0008229067258716,-26891.76115277017,180719.7,-0.148803706252114,80.00208630341218,,-0.0038679455991293,0.0005004505101141
PL,domain,2020-09-14,2020-09-16,3,538.26963,-2.0819976465034564,-11992.619188733082,76980.98000000001,-0.15578678251086284,80.00208630341218,,-0.0038679455991293,0.0005004505101141
PL,domain,2015-06-03,2015-06-06,4,471.8225225,-1.82498384947396,-14016.241481083118,102828.94,-0.13630638885398524,80.00208630341218,,-0.0038679455991293,0.0005004505101141
PL,domain,2015-07-04,2015-07-07,4,455.59672249999994,-1.7622233377716077,-13534.22818121196,57065.70999999999,-0.23716918936454068,80.00208630341218,,-0.0038679455991293,0.0005004505101141
PL,domain,2015-08-06,2015-08-15,10,469.317511,-1.8152946012667668,-34854.5652855989,160414.08999999997,-0.21727870217384837,80.00208630341218,,-0.0038679455991293,0.0005004505101141
PL,domain,2015-08-30,2015-09-01,3,445.5933333333333,-1.7235307726680218,-9927.796148753312,45162.27,-0.21982500323286036,80.00208630341218,,-0.0038679455991293,0.0005004505101141
PL,domain,2016-09-08,2016-09-13,6,478.526255,-1.850913522095075,-21323.079840211605,47607.19,-0.44789620727901824,80.00208630341218,,-0.0038679455991293,0.0005004505101141
PL,domain,2018-05-28,2018-06-01,5,473.55954,-1.8317025386686958,-17584.802949690267,117274.93,-0.14994511571816985,80.00208630341218,,-0.0038679455991293,0.0005004505101141
PL,domain,2018-08-08,2018-08-13,6,497.128255,-1.9228650461300785,-22151.9830133251,196179.93000000002,-0.11291666284785146,80.00208630341218,,-0.0038679455991293,0.0005004505101141
PL,domain,2018-08-20,2018-08-23,4,530.5401575000001,-2.052100467363491,-15760.542594555503,102310.85,-0.15404566177053072,80.00208630341218,,-0.0038679455991293,0.0005004505101141
PL,domain,2018-09-19,2018-09-21,3,504.72436,-1.9522463670353523,-11245.232328558133,112681.58000000002,-0.09979654463984382,80.00208630341218,,-0.0038679455991293,0.0005004505101141
PL,domain,2019-06-11,2019-06-15,5,486.536762,-1.8818977273925195,-18066.689328126195,141544.86,-0.12763931751478785,80.00208630341218,,-0.0038679455991293,0.0005004505101141
PL,domain,2019-06-25,2019-06-30,6,516.1140116666667,-1.9963009200750514,-22997.986343341257,196949.60000000003,-0.11677092181624768,80.00208630341218,,-0.0038679455991293,0.0005004505101141
PL,domain,2019-08-28,2019-09-01,5,514.980588,-1.9919168989916192,-19122.900919482323,125217.04000000001,-0.15271803996870012,80.00208630341218,,-0.0038679455991293,0.0005004505101141
PL,domain,2020-09-14,2020-09-16,3,538.26963,-2.0819976465034564,-11992.619188733082,76980.98000000001,-0.15578678251086284,80.00208630341218,,-0.0038679455991293,0.0005004505101141
PL,domain,2020-09-22,2020-09-24,3,511.41022999999996,-1.9781069484782028,-11394.19316228634,77717.56999999998,-0.14661026023184132,80.00208630341218,,-0.0038679455991293,0.0005004505101141
PL,domain,2015-06-03,2015-06-06,4,471.8225225,-1.82498384947396,-14016.241481083118,102828.94,-0.13630638885398524,80.00208630341218,,-0.0038679455991293,0.0005004505101141
PL,domain,2015-08-06,2015-08-15,10,469.317511,-1.8152946012667668,-34854.5652855989,160414.08999999997,-0.21727870217384837,80.00208630341218,,-0.0038679455991293,0.0005004505101141
PL,domain,2015-08-30,2015-09-01,3,445.5933333333333,-1.7235307726680218,-9927.796148753312,45162.27,-0.21982500323286036,80.00208630341218,,-0.0038679455991293,0.0005004505101141
PL,domain,2016-09-09,2016-09-13,5,482.30816599999997,-1.8655417481038237,-17909.667832130464,39611.979999999996,-0.45212755919119585,80.00208630341218,,-0.0038679455991293,0.0005004505101141
PL,domain,2018-05-28,2018-06-01,5,473.55954,-1.8317025386686958,-17584.802949690267,117274.93,-0.14994511571816985,80.00208630341218,,-0.0038679455991293,0.0005004505101141
PL,domain,2018-08-20,2018-08-23,4,530.5401575000001,-2.052100467363491,-15760.542594555503,102310.85,-0.15404566177053072,80.00208630341218,,-0.0038679455991293,0.0005004505101141
PL,domain,2018-09-19,2018-09-21,3,504.72436,-1.9522463670353523,-11245.232328558133,112681.58000000002,-0.09979654463984382,80.00208630341218,,-0.0038679455991293,0.0005004505101141
PL,domain,2019-06-10,2019-06-15,6,488.845525,-1.890827897077802,-21782.905431396146,180749.65999999997,-0.12051422631387605,80.00208630341218,,-0.0038679455991293,0.0005004505101141
PL,domain,2019-06-25,2019-07-01,7,517.0260171428572,-1.9998285076430644,-26878.396080561382,232168.84000000003,-0.11577090224752547,80.00208630341218,,-0.0038679455991293,0.0005004505101141
PL,domain,2019-08-26,2019-09-01,7,517.2831042857143,-2.0008229067258716,-26891.76115277017,180719.7,-0.148803706252114,80.00208630341218,,-0.0038679455991293,0.0005004505101141
PL,domain,2015-08-07,2015-08-15,9,475.0161811111111,-1.8373367472439286,-31750.00697263091,152184.61,-0.2086282375900619,80.00208630341218,,-0.0038679455991293,0.0005004505101141
PL,domain,2015-08-28,2015-09-01,5,456.61410000000006,-1.7661584985953862,-16955.563755615956,70047.22,-0.24205905324459637,80.00208630341218,,-0.0038679455991293,0.0005004505101141
PL,domain,2016-09-09,2016-09-13,5,482.30816599999997,-1.8655417481038237,-17909.667832130464,39611.979999999996,-0.45212755919119585,80.00208630341218,,-0.0038679455991293,0.0005004505101141
PL,domain,2018-09-19,2018-09-21,3,504.72436,-1.9522463670353523,-11245.232328558133,112681.58000000002,-0.09979654463984382,80.00208630341218,,-0.0038679455991293,0.0005004505101141
PL,domain,2019-06-10,2019-06-15,6,488.845525,-1.890827897077802,-21782.905431396146,180749.65999999997,-0.12051422631387605,80.00208630341218,,-0.0038679455991293,0.0005004505101141
PL,domain,2019-06-25,2019-07-01,7,517.0260171428572,-1.9998285076430644,-26878.396080561382,232168.84000000003,-0.11577090224752547,80.00208630341218,,-0.0038679455991293,0.0005004505101141
PL,domain,2019-08-26,2019-09-01,7,517.2831042857143,-2.0008229067258716,-26891.76115277017,180719.7,-0.148803706252114,80.00208630341218,,-0.0038679455991293,0.0005004505101141
PL,domain,2015-08-07,2015-08-15,9,475.0161811111111,-1.8373367472439286,-31750.00697263091,152184.61,-0.2086282375900619,80.00208630341218,,-0.0038679455991293,0.0005004505101141
PL,domain,2015-08-28,2015-09-01,5,456.61410000000006,-1.7661584985953862,-16955.563755615956,70047.22,-0.24205905324459637,80.00208630341218,,-0.0038679455991293,0.0005004505101141
PL,domain,2016-09-09,2016-09-13,5,482.30816599999997,-1.8655417481038237,-17909.667832130464,39611.979999999996,-0.45212755919119585,80.00208630341218,,-0.0038679455991293,0.0005004505101141
PL,domain,2017-07-31,2017-08-03,4,485.67292249999997,-1.8785564432001405,-14427.689730693952,97333.44,-0.14822952657066216,80.00208630341218,,-0.0038679455991293,0.0005004505101141
PL,domain,2018-09-19,2018-09-21,3,504.72436,-1.9522463670353523,-11245.232328558133,112681.58000000002,-0.09979654463984382,80.00208630341218,,-0.0038679455991293,0.0005004505101141
PL,domain,2019-06-10,2019-06-15,6,488.845525,-1.890827897077802,-21782.905431396146,180749.65999999997,-0.12051422631387605,80.00208630341218,,-0.0038679455991293,0.0005004505101141
PL,domain,2019-06-25,2019-07-01,7,517.0260171428572,-1.9998285076430644,-26878.396080561382,232168.84000000003,-0.11577090224752547,80.00208630341218,,-0.0038679455991293,0.0005004505101141
PL,domain,2019-08-27,2019-09-01,6,516.8334116666666,-1.9990835201390649,-23030.042732048805,156278.53,-0.14736536574824965,80.00208630341218,,-0.0038679455991293,0.0005004505101141
PL,domain,2015-08-07,2015-08-12,6,480.5278183333333,-1.8586554601816203,-21412.269292861194,72737.74,-0.29437633466287505,80.00208630341218,,-0.0038679455991293,0.0005004505101141
PL,domain,2015-08-28,2015-09-01,5,456.61410000000006,-1.7661584985953862,-16955.563755615956,70047.22,-0.24205905324459637,80.00208630341218,,-0.0038679455991293,0.0005004505101141
PL,domain,2016-06-24,2016-06-26,3,471.27747999999997,-1.8228756547347464,-10500.03759243443,73558.01000000001,-0.14274499259066997,80.00208630341218,,-0.0038679455991293,0.0005004505101141
PL,domain,2016-09-09,2016-09-13,5,482.30816599999997,-1.8655417481038237,-17909.667832130464,39611.979999999996,-0.45212755919119585,80.00208630341218,,-0.0038679455991293,0.0005004505101141
PL,domain,2018-05-01,2018-05-03,3,554.8586666666666,-2.1461631378720845,-12362.222057561597,89226.43000000001,-0.13854888128508108,80.00208630341218,,-0.0038679455991293,0.0005004505101141
PL,domain,2018-09-19,2018-09-21,3,504.72436,-1.9522463670353523,-11245.232328558133,112681.58000000002,-0.09979654463984382,80.00208630341218,,-0.0038679455991293,0.0005004505101141
PL,domain,2019-06-11,2019-06-16,6,496.5970683333333,-1.9208104450004289,-22128.313391052463,177176.22999999998,-0.12489436868056435,80.00208630341218,,-0.0038679455991293,0.0005004505101141
PL,domain,2019-06-26,2019-07-01,6,524.2036633333333,-2.027591252637624,-23358.460374944465,213283.77000000002,-0.10951822717192435,80.00208630341218,,-0.0038679455991293,0.0005004505101141
PL,domain,2019-08-27,2019-09-01,6,516.8334116666666,-1.9990835201390649,-23030.042732048805,156278.53,-0.14736536574824965,80.00208630341218,,-0.0038679455991293,0.0005004505101141
PL,domain,2020-09-22,2020-09-25,4,511.87536,-1.979906046014726,-15206.074979128098,119816.91999999997,-0.12691091524576079,80.00208630341218,,-0.0038679455991293,0.0005004505101141
PL,domain,2015-08-07,2015-08-12,6,480.5278183333333,-1.8586554601816203,-21412.269292861194,72737.74,-0.29437633466287505,80.00208630341218,,-0.0038679455991293,0.0005004505101141
PL,domain,2015-08-28,2015-09-01,5,456.61410000000006,-1.7661584985953862,-16955.563755615956,70047.22,-0.24205905324459637,80.00208630341218,,-0.0038679455991293,0.0005004505101141
PL,domain,2016-06-24,2016-06-26,3,471.27747999999997,-1.8228756547347464,-10500.03759243443,73558.01000000001,-0.14274499259066997,80.00208630341218,,-0.0038679455991293,0.0005004505101141
PL,domain,2016-09-10,2016-09-13,4,473.6067825,-1.8318852700886625,-14069.24577365594,31553.989999999998,-0.44587850137671786,80.00208630341218,,-0.0038679455991293,0.0005004505101141
PL,domain,2018-05-01,2018-05-09,9,557.107092222222,-2.1548599256046646,-37236.95058383757,237088.65999999997,-0.15705918024015814,80.00208630341218,,-0.0038679455991293,0.0005004505101141
PL,domain,2018-09-19,2018-09-21,3,504.72436,-1.9522463670353523,-11245.232328558133,112681.58000000002,-0.09979654463984382,80.00208630341218,,-0.0038679455991293,0.0005004505101141
PL,domain,2019-06-11,2019-06-16,6,496.5970683333333,-1.9208104450004289,-22128.313391052463,177176.22999999998,-0.12489436868056435,80.00208630341218,,-0.0038679455991293,0.0005004505101141
PL,domain,2019-06-26,2019-07-01,6,524.2036633333333,-2.027591252637624,-23358.460374944465,213283.77000000002,-0.10951822717192435,80.00208630341218,,-0.0038679455991293,0.0005004505101141
PL,domain,2020-09-23,2020-09-25,3,513.2456266666667,-1.985206162937693,-11435.08570397331,92233.06999999998,-0.12398032185173183,80.00208630341218,,-0.0038679455991293,0.0005004505101141
PL,domain,2015-07-03,2015-07-05,3,445.7944966666667,-1.7243088614978948,-9932.278057293093,25950.67,-0.38273686410767405,80.00208630341218,,-0.0038679455991293,0.0005004505101141
PL,domain,2015-08-04,2015-08-15,12,466.5891033333333,-1.8047412688398525,-41582.32322257598,193929.06999999998,-0.21442026831034658,80.00208630341218,,-0.0038679455991293,0.0005004505101141
PL,domain,2016-06-23,2016-06-25,3,458.84777,-1.7747982126417932,-10223.104304081551,64752.36,-0.15788002636632165,80.00208630341218,,-0.0038679455991293,0.0005004505101141
PL,domain,2016-09-08,2016-09-13,6,478.526255,-1.850913522095075,-21323.079840211605,47607.19,-0.44789620727901824,80.00208630341218,,-0.0038679455991293,0.0005004505101141
PL,domain,2018-05-28,2018-05-31,4,483.196025,-1.8689759384155211,-14354.109535115453,99866.59999999999,-0.1437328349529818,80.00208630341218,,-0.0038679455991293,0.0005004505101141
PL,domain,2018-08-07,2018-08-17,11,510.7173827272727,-1.9754270529187887,-41722.10739145789,298114.0399999999,-0.139953513734066,80.00208630341218,,-0.0038679455991293,0.0005004505101141
PL,domain,2018-09-18,2018-09-21,4,501.26163,-1.9388527157708795,-14890.777180483872,140786.58000000002,-0.1057684417114463,80.00208630341218,,-0.0038679455991293,0.0005004505101141
PL,domain,2019-06-03,2019-06-05,3,477.3458766666667,-1.846347882915351,-10635.241152608372,81748.44,-0.13009717558657233,80.00208630341218,,-0.0038679455991293,0.0005004505101141
PL,domain,2019-06-11,2019-06-15,5,486.536762,-1.8818977273925195,-18066.689328126195,141544.86,-0.12763931751478785,80.00208630341218,,-0.0038679455991293,0.0005004505101141
PL,domain,2019-06-25,2019-06-30,6,516.1140116666667,-1.9963009200750514,-22997.986343341257,196949.60000000003,-0.11677092181624768,80.00208630341218,,-0.0038679455991293,0.0005004505101141
PL,domain,2019-07-25,2019-07-29,5,505.22524599999997,-1.9541837668347177,-18760.653404044584,122621.84999999999,-0.15299600686210968,80.00208630341218,,-0.0038679455991293,0.0005004505101141
PL,domain,2019-08-26,2019-09-01,7,517.2831042857143,-2.0008229067258716,-26891.76115277017,180719.7,-0.148803706252114,80.00208630341218,,-0.0038679455991293,0.0005004505101141
PL,domain,2020-08-07,2020-08-09,3,517.4284566666666,-2.0013851218280987,-11528.27893748568,42271.85,-0.2727176344892802,80.00208630341218,,-0.0038679455991293,0.0005004505101141
PL,domain,2020-09-14,2020-09-16,3,538.26963,-2.0819976465034564,-11992.619188733082,76980.98000000001,-0.15578678251086284,80.00208630341218,,-0.0038679455991293,0.0005004505101141
PL,domain,2015-08-04,2015-08-15,12,466.5891033333333,-1.8047412688398525,-41582.32322257598,193929.06999999998,-0.21442026831034658,80.00208630341218,,-0.0038679455991293,0.0005004505101141
PL,domain,2015-08-27,2015-09-01,6,456.15941000000004,-1.764399782410918,-20326.41556792703,99987.44999999998,-0.2032896685326712,80.00208630341218,,-0.0038679455991293,0.0005004505101141
PL,domain,2016-09-08,2016-09-13,6,478.526255,-1.850913522095075,-21323.079840211605,47607.19,-0.44789620727901824,80.00208630341218,,-0.0038679455991293,0.0005004505101141
PL,domain,2018-05-28,2018-06-01,5,473.55954,-1.8317025386686958,-17584.802949690267,117274.93,-0.14994511571816985,80.00208630341218,,-0.0038679455991293,0.0005004505101141
PL,domain,2018-07-31,2018-08-02,3,519.9651133333333,-2.011196771818434,-11584.795515275688,25429.76,-0.4555605524895118,80.00208630341218,,-0.0038679455991293,0.0005004505101141
PL,domain,2018-09-18,2018-09-21,4,501.26163,-1.9388527157708795,-14890.777180483872,140786.58000000002,-0.1057684417114463,80.00208630341218,,-0.0038679455991293,0.0005004505101141
PL,domain,2019-06-03,2019-06-05,3,477.3458766666667,-1.846347882915351,-10635.241152608372,81748.44,-0.13009717558657233,80.00208630341218,,-0.0038679455991293,0.0005004505101141
PL,domain,2019-06-11,2019-06-15,5,486.536762,-1.8818977273925195,-18066.689328126195,141544.86,-0.12763931751478785,80.00208630341218,,-0.0038679455991293,0.0005004505101141
PL,domain,2019-06-25,2019-06-30,6,516.1140116666667,-1.9963009200750514,-22997.986343341257,196949.60000000003,-0.11677092181624768,80.00208630341218,,-0.0038679455991293,0.0005004505101141
PL,domain,2019-08-26,2019-09-01,7,517.2831042857143,-2.0008229067258716,-26891.76115277017,180719.7,-0.148803706252114,80.00208630341218,,-0.0038679455991293,0.0005004505101141
PL,domain,2020-09-22,2020-09-24,3,511.41022999999996,-1.9781069484782028,-11394.19316228634,77717.56999999998,-0.14661026023184132,80.00208630341218,,-0.0038679455991293,0.0005004505101141
PL,domain,2015-08-04,2015-08-15,12,466.5891033333333,-1.8047412688398525,-41582.32322257598,193929.06999999998,-0.21442026831034658,80.00208630341218,,-0.0038679455991293,0.0005004505101141
PL,domain,2015-08-30,2015-09-01,3,445.5933333333333,-1.7235307726680218,-9927.796148753312,45162.27,-0.21982500323286036,80.00208630341218,,-0.0038679455991293,0.0005004505101141
PL,domain,2016-09-08,2016-09-13,6,478.526255,-1.850913522095075,-21323.079840211605,47607.19,-0.44789620727901824,80.00208630341218,,-0.0038679455991293,0.0005004505101141
PL,domain,2018-05-28,2018-06-01,5,473.55954,-1.8317025386686958,-17584.802949690267,117274.93,-0.14994511571816985,80.00208630341218,,-0.0038679455991293,0.0005004505101141
PL,domain,2018-07-31,2018-08-02,3,519.9651133333333,-2.011196771818434,-11584.795515275688,25429.76,-0.4555605524895118,80.00208630341218,,-0.0038679455991293,0.0005004505101141
PL,domain,2018-09-18,2018-09-21,4,501.26163,-1.9388527157708795,-14890.777180483872,140786.58000000002,-0.1057684417114463,80.00208630341218,,-0.0038679455991293,0.0005004505101141
PL,domain,2019-06-10,2019-06-30,21,509.44969190476195,-1.9705236937808017,-79453.5873328362,538932.6799999999,-0.14742766635127083,80.00208630341218,,-0.0038679455991293,0.0005004505101141
PL,domain,2019-08-26,2019-09-01,7,517.2831042857143,-2.0008229067258716,-26891.76115277017,180719.7,-0.148803706252114,80.00208630341218,,-0.0038679455991293,0.0005004505101141
PL,domain,2020-09-22,2020-09-24,3,511.41022999999996,-1.9781069484782028,-11394.19316228634,77717.56999999998,-0.14661026023184132,80.00208630341218,,-0.0038679455991293,0.0005004505101141
PL,domain,2015-08-04,2015-08-15,12,466.5891033333333,-1.8047412688398525,-41582.32322257598,193929.06999999998,-0.21442026831034658,80.00208630341218,,-0.0038679455991293,0.0005004505101141
PL,domain,2015-08-30,2015-09-01,3,445.5933333333333,-1.7235307726680218,-9927.796148753312,45162.27,-0.21982500323286036,80.00208630341218,,-0.0038679455991293,0.0005004505101141
PL,domain,2016-09-09,2016-09-13,5,482.30816599999997,-1.8655417481038237,-17909.667832130464,39611.979999999996,-0.45212755919119585,80.00208630341218,,-0.0038679455991293,0.0005004505101141
PL,domain,2018-07-31,2018-08-02,3,519.9651133333333,-2.011196771818434,-11584.795515275688,25429.76,-0.4555605524895118,80.00208630341218,,-0.0038679455991293,0.0005004505101141
PL,domain,2018-09-18,2018-09-21,4,501.26163,-1.9388527157708795,-14890.777180483872,140786.58000000002,-0.1057684417114463,80.00208630341218,,-0.0038679455991293,0.0005004505101141
PL,domain,2019-06-10,2019-06-30,21,509.44969190476195,-1.9705236937808017,-79453.5873328362,538932.6799999999,-0.14742766635127083,80.00208630341218,,-0.0038679455991293,0.0005004505101141
PL,domain,2019-08-26,2019-09-01,7,517.2831042857143,-2.0008229067258716,-26891.76115277017,180719.7,-0.148803706252114,80.00208630341218,,-0.0038679455991293,0.0005004505101141
PL,domain,2020-09-22,2020-09-24,3,511.41022999999996,-1.9781069484782028,-11394.19316228634,77717.56999999998,-0.14661026023184132,80.00208630341218,,-0.0038679455991293,0.0005004505101141
PL,domain,2015-08-04,2015-08-15,12,466.5891033333333,-1.8047412688398525,-41582.32322257598,193929.06999999998,-0.21442026831034658,80.00208630341218,,-0.0038679455991293,0.0005004505101141
PL,domain,2016-06-24,2016-06-26,3,471.27747999999997,-1.8228756547347464,-10500.03759243443,73558.01000000001,-0.14274499259066997,80.00208630341218,,-0.0038679455991293,0.0005004505101141
PL,domain,2016-09-09,2016-09-12,4,492.2255075,-1.9039014855138112,-14622.344731897974,23797.47,-0.6144495499688821,80.00208630341218,,-0.0038679455991293,0.0005004505101141
PL,domain,2018-05-09,2018-05-13,5,511.19469799999996,-1.9772732824273314,-18982.318534341895,132755.78000000003,-0.14298675759610535,80.00208630341218,,-0.0038679455991293,0.0005004505101141
PL,domain,2018-05-30,2018-06-01,3,461.47415,-1.7849569076044345,-10281.619913043003,52351.53999999999,-0.19639574906570093,80.00208630341218,,-0.0038679455991293,0.0005004505101141
PL,domain,2018-09-18,2018-09-21,4,501.26163,-1.9388527157708795,-14890.777180483872,140786.58000000002,-0.1057684417114463,80.00208630341218,,-0.0038679455991293,0.0005004505101141
PL,domain,2019-06-10,2019-06-15,6,488.845525,-1.890827897077802,-21782.905431396146,180749.65999999997,-0.12051422631387605,80.00208630341218,,-0.0038679455991293,0.0005004505101141
PL,domain,2019-06-25,2019-06-30,6,516.1140116666667,-1.9963009200750514,-22997.986343341257,196949.60000000003,-0.11677092181624768,80.00208630341218,,-0.0038679455991293,0.0005004505101141
PL,domain,2019-08-26,2019-09-01,7,517.2831042857143,-2.0008229067258716,-26891.76115277017,180719.7,-0.148803706252114,80.00208630341218,,-0.0038679455991293,0.0005004505101141
PL,domain,2020-09-22,2020-09-24,3,511.41022999999996,-1.9781069484782028,-11394.19316228634,77717.56999999998,-0.14661026023184132,80.00208630341218,,-0.0038679455991293,0.0005004505101141
PL,domain,2015-08-05,2015-08-12,8,472.13608625,-1.826196697000819,-28051.11278600943,94789.79999999999,-0.2959296547308828,80.00208630341218,,-0.0038679455991293,0.0005004505101141
PL,domain,2016-06-24,2016-06-26,3,471.27747999999997,-1.8228756547347464,-10500.03759243443,73558.01000000001,-0.14274499259066997,80.00208630341218,,-0.0038679455991293,0.0005004505101141
PL,domain,2016-09-09,2016-09-12,4,492.2255075,-1.9039014855138112,-14622.344731897974,23797.47,-0.6144495499688821,80.00208630341218,,-0.0038679455991293,0.0005004505101141
PL,domain,2018-05-01,2018-05-03,3,554.8586666666666,-2.1461631378720845,-12362.222057561597,89226.43000000001,-0.13854888128508108,80.00208630341218,,-0.0038679455991293,0.0005004505101141
PL,domain,2018-05-29,2018-05-31,3,473.2283333333333,-1.8304214492999598,-10543.502502612877,70959.34,-0.14858512639228152,80.00208630341218,,-0.0038679455991293,0.0005004505101141
PL,domain,2018-08-20,2018-08-24,5,530.074066,-2.050297650797274,-19683.37075281201,124024.41,-0.15870561894075538,80.00208630341218,,-0.0038679455991293,0.0005004505101141
PL,domain,2018-09-19,2018-09-21,3,504.72436,-1.9522463670353523,-11245.232328558133,112681.58000000002,-0.09979654463984382,80.00208630341218,,-0.0038679455991293,0.0005004505101141
PL,domain,2019-06-10,2019-06-15,6,488.845525,-1.890827897077802,-21782.905431396146,180749.65999999997,-0.12051422631387605,80.00208630341218,,-0.0038679455991293,0.0005004505101141
PL,domain,2019-06-25,2019-06-30,6,516.1140116666667,-1.9963009200750514,-22997.986343341257,196949.60000000003,-0.11677092181624768,80.00208630341218,,-0.0038679455991293,0.0005004505101141
PL,domain,2019-08-27,2019-09-01,6,516.8334116666666,-1.9990835201390649,-23030.042732048805,156278.53,-0.14736536574824965,80.00208630341218,,-0.0038679455991293,0.0005004505101141
PL,domain,2020-09-22,2020-09-26,5,514.487888,-1.9900111621949281,-19104.605369120665,165756.25999999995,-0.11525721785180645,80.00208630341218,,-0.0038679455991293,0.0005004505101141
PL,domain,2015-07-04,2015-07-06,3,460.6560833333333,-1.7817926702413065,-10263.393430519121,41915.67999999999,-0.24485809201995823,80.00208630341218,,-0.0038679455991293,0.0005004505101141
PL,domain,2015-08-05,2015-08-12,8,472.13608625,-1.826196697000819,-28051.11278600943,94789.79999999999,-0.2959296547308828,80.00208630341218,,-0.0038679455991293,0.0005004505101141
PL,domain,2015-08-25,2015-09-01,8,460.07264,-1.7795359431677986,-27334.384916224168,146385.69,-0.18672853143107204,80.00208630341218,,-0.0038679455991293,0.0005004505101141
PL,domain,2016-06-24,2016-06-26,3,471.27747999999997,-1.8228756547347464,-10500.03759243443,73558.01000000001,-0.14274499259066997,80.00208630341218,,-0.0038679455991293,0.0005004505101141
PL,domain,2016-09-10,2016-09-12,3,483.9294433333334,-1.8718127606302588,-10781.922673423453,15739.48,-0.6850240715337135,80.00208630341218,,-0.0038679455991293,0.0005004505101141
PL,domain,2018-05-01,2018-05-03,3,554.8586666666666,-2.1461631378720845,-12362.222057561597,89226.43000000001,-0.13854888128508108,80.00208630341218,,-0.0038679455991293,0.0005004505101141
PL,domain,2018-05-29,2018-05-31,3,473.2283333333333,-1.8304214492999598,-10543.502502612877,70959.34,-0.14858512639228152,80.00208630341218,,-0.0038679455991293,0.0005004505101141
PL,domain,2018-09-19,2018-09-21,3,504.72436,-1.9522463670353523,-11245.232328558133,112681.58000000002,-0.09979654463984382,80.00208630341218,,-0.0038679455991293,0.0005004505101141
PL,domain,2019-06-11,2019-06-14,4,490.0176275,-1.8953615257844056,-14556.756130749218,99581.18,-0.14617979151029561,80.00208630341218,,-0.0038679455991293,0.0005004505101141
PL,domain,2019-06-26,2019-07-01,6,524.2036633333333,-2.027591252637624,-23358.460374944465,213283.77000000002,-0.10951822717192435,80.00208630341218,,-0.0038679455991293,0.0005004505101141
PL,domain,2020-09-22,2020-09-26,5,514.487888,-1.9900111621949281,-19104.605369120665,165756.25999999995,-0.11525721785180645,80.00208630341218,,-0.0038679455991293,0.0005004505101141
PL,domain,2015-07-03,2015-07-05,3,445.7944966666667,-1.7243088614978948,-9932.278057293093,25950.67,-0.38273686410767405,80.00208630341218,,-0.0038679455991293,0.0005004505101141
PL,domain,2015-08-04,2015-08-15,12,466.5891033333333,-1.8047412688398525,-41582.32322257598,193929.06999999998,-0.21442026831034658,80.00208630341218,,-0.0038679455991293,0.0005004505101141
PL,domain,2016-06-23,2016-06-25,3,458.84777,-1.7747982126417932,-10223.104304081551,64752.36,-0.15788002636632165,80.00208630341218,,-0.0038679455991293,0.0005004505101141
PL,domain,2016-08-26,2016-08-28,3,437.83259666666663,-1.693512665432187,-9754.887341939575,86713.47999999998,-0.1124956274611465,80.00208630341218,,-0.0038679455991293,0.0005004505101141
PL,domain,2016-09-08,2016-09-14,7,482.05275571428575,-1.864553835013223,-25060.257066782448,66096.42,-0.3791469653996759,80.00208630341218,,-0.0038679455991293,0.0005004505101141
PL,domain,2018-05-09,2018-05-13,5,511.19469799999996,-1.9772732824273314,-18982.318534341895,132755.78000000003,-0.14298675759610535,80.00208630341218,,-0.0038679455991293,0.0005004505101141
PL,domain,2018-05-28,2018-05-30,3,485.1364066666667,-1.8764812291437356,-10808.81375332969,81752.65999999999,-0.1322136032433647,80.00208630341218,,-0.0038679455991293,0.0005004505101141
PL,domain,2018-09-18,2018-09-21,4,501.26163,-1.9388527157708795,-14890.777180483872,140786.58000000002,-0.1057684417114463,80.00208630341218,,-0.0038679455991293,0.0005004505101141
PL,domain,2019-06-03,2019-06-06,4,481.600495,-1.8628045151737425,-14306.711768574301,121244.02,-0.11799931880000598,80.00208630341218,,-0.0038679455991293,0.0005004505101141
PL,domain,2019-06-12,2019-06-19,8,494.9013725,-1.9142515857644251,-29403.67114958768,191032.9,-0.15391940942941076,80.00208630341218,,-0.0038679455991293,0.0005004505101141
PL,domain,2019-06-25,2019-06-30,6,516.1140116666667,-1.9963009200750514,-22997.986343341257,196949.60000000003,-0.11677092181624768,80.00208630341218,,-0.0038679455991293,0.0005004505101141
PL,domain,2019-08-25,2019-09-01,8,516.9713487500001,-1.9996170532735011,-30714.918925394188,209126.5,-0.14687243809557463,80.00208630341218,,-0.0038679455991293,0.0005004505101141
PL,domain,2020-08-08,2020-08-21,14,506.04592499999995,-1.9573581085610656,-52615.15806213609,211543.43,-0.2487203599853519,80.00208630341218,,-0.0038679455991293,0.0005004505101141
PL,domain,2015-08-04,2015-08-16,13,466.69326769230764,-1.8051441709137335,-45057.57352248108,214265.33999999997,-0.2102886706850538,80.00208630341218,,-0.0038679455991293,0.0005004505101141
PL,domain,2015-08-27,2015-09-01,6,456.15941000000004,-1.764399782410918,-20326.41556792703,99987.44999999998,-0.2032896685326712,80.00208630341218,,-0.0038679455991293,0.0005004505101141
PL,domain,2016-06-23,2016-06-25,3,458.84777,-1.7747982126417932,-10223.104304081551,64752.36,-0.15788002636632165,80.00208630341218,,-0.0038679455991293,0.0005004505101141
PL,domain,2016-08-26,2016-08-28,3,437.83259666666663,-1.693512665432187,-9754.887341939575,86713.47999999998,-0.1124956274611465,80.00208630341218,,-0.0038679455991293,0.0005004505101141
PL,domain,2016-09-08,2016-09-13,6,478.526255,-1.850913522095075,-21323.079840211605,47607.19,-0.44789620727901824,80.00208630341218,,-0.0038679455991293,0.0005004505101141
PL,domain,2018-05-09,2018-05-13,5,511.19469799999996,-1.9772732824273314,-18982.318534341895,132755.78000000003,-0.14298675759610535,80.00208630341218,,-0.0038679455991293,0.0005004505101141
PL,domain,2018-05-28,2018-06-01,5,473.55954,-1.8317025386686958,-17584.802949690267,117274.93,-0.14994511571816985,80.00208630341218,,-0.0038679455991293,0.0005004505101141
PL,domain,2018-08-07,2018-08-09,3,489.72409,-1.8942261387031012,-10911.02709792274,100889.62,-0.10814816328897603,80.00208630341218,,-0.0038679455991293,0.0005004505101141
PL,domain,2018-09-18,2018-09-21,4,501.26163,-1.9388527157708795,-14890.777180483872,140786.58000000002,-0.1057684417114463,80.00208630341218,,-0.0038679455991293,0.0005004505101141
PL,domain,2019-06-03,2019-06-19,17,496.8972129411765,-1.9219713880154383,-62734.78210953361,432213.27999999997,-0.14514774305299832,80.00208630341218,,-0.0038679455991293,0.0005004505101141
PL,domain,2019-06-25,2019-06-30,6,516.1140116666667,-1.9963009200750514,-22997.986343341257,196949.60000000003,-0.11677092181624768,80.00208630341218,,-0.0038679455991293,0.0005004505101141
PL,domain,2019-08-25,2019-09-01,8,516.9713487500001,-1.9996170532735011,-30714.918925394188,209126.5,-0.14687243809557463,80.00208630341218,,-0.0038679455991293,0.0005004505101141
PL,domain,2020-08-07,2020-08-21,15,508.824134,-1.9681040698360772,-56682.87539368414,233278.56,-0.24298364750572937,80.00208630341218,,-0.0038679455991293,0.0005004505101141
PL,domain,2020-09-22,2020-09-24,3,511.41022999999996,-1.9781069484782028,-11394.19316228634,77717.56999999998,-0.14661026023184132,80.00208630341218,,-0.0038679455991293,0.0005004505101141
PL,domain,2015-08-04,2015-08-16,13,466.69326769230764,-1.8051441709137335,-45057.57352248108,214265.33999999997,-0.2102886706850538,80.00208630341218,,-0.0038679455991293,0.0005004505101141
PL,domain,2015-08-27,2015-09-01,6,456.15941000000004,-1.764399782410918,-20326.41556792703,99987.44999999998,-0.2032896685326712,80.00208630341218,,-0.0038679455991293,0.0005004505101141
PL,domain,2016-06-23,2016-06-25,3,458.84777,-1.7747982126417932,-10223.104304081551,64752.36,-0.15788002636632165,80.00208630341218,,-0.0038679455991293,0.0005004505101141
PL,domain,2016-09-09,2016-09-12,4,492.2255075,-1.9039014855138112,-14622.344731897974,23797.47,-0.6144495499688821,80.00208630341218,,-0.0038679455991293,0.0005004505101141
PL,domain,2018-05-28,2018-06-01,5,473.55954,-1.8317025386686958,-17584.802949690267,117274.93,-0.14994511571816985,80.00208630341218,,-0.0038679455991293,0.0005004505101141
PL,domain,2018-09-18,2018-09-21,4,501.26163,-1.9388527157708795,-14890.777180483872,140786.58000000002,-0.1057684417114463,80.00208630341218,,-0.0038679455991293,0.0005004505101141
PL,domain,2019-06-03,2019-06-12,10,497.27057600000006,-1.9234155360156922,-36930.54137031629,276887.21,-0.13337756326959374,80.00208630341218,,-0.0038679455991293,0.0005004505101141
PL,domain,2019-06-20,2019-06-30,11,520.9468890909092,-2.0149942270392813,-42557.78790185311,275788.43,-0.15431317369569533,80.00208630341218,,-0.0038679455991293,0.0005004505101141
PL,domain,2019-08-26,2019-09-01,7,517.2831042857143,-2.0008229067258716,-26891.76115277017,180719.7,-0.148803706252114,80.00208630341218,,-0.0038679455991293,0.0005004505101141
PL,domain,2020-08-15,2020-08-21,7,515.6613942857143,-1.9945502206683074,-26807.454053586487,104499.14,-0.25653277197866403,80.00208630341218,,-0.0038679455991293,0.0005004505101141
PL,domain,2020-09-22,2020-09-25,4,511.87536,-1.979906046014726,-15206.074979128098,119816.91999999997,-0.12691091524576079,80.00208630341218,,-0.0038679455991293,0.0005004505101141
PL,domain,2015-08-07,2015-08-16,10,474.30888699999997,-1.8346009720995662,-35225.257272536015,172520.87999999998,-0.20417967536761938,80.00208630341218,,-0.0038679455991293,0.0005004505101141
PL,domain,2015-08-24,2015-09-01,9,459.45000222222217,-1.7771276141153913,-30709.56601943349,188324.09,-0.16306764588339967,80.00208630341218,,-0.0038679455991293,0.0005004505101141
PL,domain,2016-09-09,2016-09-12,4,492.2255075,-1.9039014855138112,-14622.344731897974,23797.47,-0.6144495499688821,80.00208630341218,,-0.0038679455991293,0.0005004505101141
PL,domain,2018-05-09,2018-05-13,5,511.19469799999996,-1.9772732824273314,-18982.318534341895,132755.78000000003,-0.14298675759610535,80.00208630341218,,-0.0038679455991293,0.0005004505101141
PL,domain,2018-05-28,2018-06-01,5,473.55954,-1.8317025386686958,-17584.802949690267,117274.93,-0.14994511571816985,80.00208630341218,,-0.0038679455991293,0.0005004505101141
PL,domain,2018-07-31,2018-08-02,3,519.9651133333333,-2.011196771818434,-11584.795515275688,25429.76,-0.4555605524895118,80.00208630341218,,-0.0038679455991293,0.0005004505101141
PL,domain,2018-09-18,2018-09-21,4,501.26163,-1.9388527157708795,-14890.777180483872,140786.58000000002,-0.1057684417114463,80.00208630341218,,-0.0038679455991293,0.0005004505101141
PL,domain,2019-06-03,2019-06-12,10,497.27057600000006,-1.9234155360156922,-36930.54137031629,276887.21,-0.13337756326959374,80.00208630341218,,-0.0038679455991293,0.0005004505101141
PL,domain,2019-06-20,2019-06-30,11,520.9468890909092,-2.0149942270392813,-42557.78790185311,275788.43,-0.15431317369569533,80.00208630341218,,-0.0038679455991293,0.0005004505101141
PL,domain,2019-08-26,2019-09-01,7,517.2831042857143,-2.0008229067258716,-26891.76115277017,180719.7,-0.148803706252114,80.00208630341218,,-0.0038679455991293,0.0005004505101141
PL,domain,2020-08-16,2020-08-21,6,518.498785,-2.005525093594639,-23104.251593484063,88144.24,-0.2621186772213824,80.00208630341218,,-0.0038679455991293,0.0005004505101141
PL,domain,2020-09-22,2020-09-26,5,514.487888,-1.9900111621949281,-19104.605369120665,165756.25999999995,-0.11525721785180645,80.00208630341218,,-0.0038679455991293,0.0005004505101141
PL,domain,2015-08-05,2015-08-12,8,472.13608625,-1.826196697000819,-28051.11278600943,94789.79999999999,-0.2959296547308828,80.00208630341218,,-0.0038679455991293,0.0005004505101141
PL,domain,2016-06-24,2016-06-26,3,471.27747999999997,-1.8228756547347464,-10500.03759243443,73558.01000000001,-0.14274499259066997,80.00208630341218,,-0.0038679455991293,0.0005004505101141
PL,domain,2016-09-09,2016-09-12,4,492.2255075,-1.9039014855138112,-14622.344731897974,23797.47,-0.6144495499688821,80.00208630341218,,-0.0038679455991293,0.0005004505101141
PL,domain,2018-05-09,2018-05-13,5,511.19469799999996,-1.9772732824273314,-18982.318534341895,132755.78000000003,-0.14298675759610535,80.00208630341218,,-0.0038679455991293,0.0005004505101141
PL,domain,2018-05-29,2018-05-31,3,473.2283333333333,-1.8304214492999598,-10543.502502612877,70959.34,-0.14858512639228152,80.00208630341218,,-0.0038679455991293,0.0005004505101141
PL,domain,2018-09-18,2018-09-21,4,501.26163,-1.9388527157708795,-14890.777180483872,140786.58000000002,-0.1057684417114463,80.00208630341218,,-0.0038679455991293,0.0005004505101141
PL,domain,2019-06-11,2019-06-13,3,493.31261666666666,-1.9081063646307925,-10990.979284268356,85911.97,-0.12793303755307156,80.00208630341218,,-0.0038679455991293,0.0005004505101141
PL,domain,2019-06-26,2019-06-30,5,524.544786,-2.0289106965549206,-19478.050637724344,178064.53000000003,-0.10938759469796899,80.00208630341218,,-0.0038679455991293,0.0005004505101141
PL,domain,2019-08-26,2019-09-01,7,517.2831042857143,-2.0008229067258716,-26891.76115277017,180719.7,-0.148803706252114,80.00208630341218,,-0.0038679455991293,0.0005004505101141
PL,domain,2020-09-22,2020-09-26,5,514.487888,-1.9900111621949281,-19104.605369120665,165756.25999999995,-0.11525721785180645,80.00208630341218,,-0.0038679455991293,0.0005004505101141
PL,domain,2015-08-05,2015-08-12,8,472.13608625,-1.826196697000819,-28051.11278600943,94789.79999999999,-0.2959296547308828,80.00208630341218,,-0.0038679455991293,0.0005004505101141
PL,domain,2016-06-24,2016-06-26,3,471.27747999999997,-1.8228756547347464,-10500.03759243443,73558.01000000001,-0.14274499259066997,80.00208630341218,,-0.0038679455991293,0.0005004505101141
PL,domain,2016-09-10,2016-09-12,3,483.9294433333334,-1.8718127606302588,-10781.922673423453,15739.48,-0.6850240715337135,80.00208630341218,,-0.0038679455991293,0.0005004505101141
PL,domain,2018-05-09,2018-05-13,5,511.19469799999996,-1.9772732824273314,-18982.318534341895,132755.78000000003,-0.14298675759610535,80.00208630341218,,-0.0038679455991293,0.0005004505101141
PL,domain,2018-05-29,2018-05-31,3,473.2283333333333,-1.8304214492999598,-10543.502502612877,70959.34,-0.14858512639228152,80.00208630341218,,-0.0038679455991293,0.0005004505101141
PL,domain,2018-08-20,2018-08-24,5,530.074066,-2.050297650797274,-19683.37075281201,124024.41,-0.15870561894075538,80.00208630341218,,-0.0038679455991293,0.0005004505101141
PL,domain,2018-09-18,2018-09-21,4,501.26163,-1.9388527157708795,-14890.777180483872,140786.58000000002,-0.1057684417114463,80.00208630341218,,-0.0038679455991293,0.0005004505101141
PL,domain,2019-06-11,2019-06-13,3,493.31261666666666,-1.9081063646307925,-10990.979284268356,85911.97,-0.12793303755307156,80.00208630341218,,-0.0038679455991293,0.0005004505101141
PL,domain,2019-06-25,2019-06-30,6,516.1140116666667,-1.9963009200750514,-22997.986343341257,196949.60000000003,-0.11677092181624768,80.00208630341218,,-0.0038679455991293,0.0005004505101141
PL,domain,2020-09-22,2020-09-26,5,514.487888,-1.9900111621949281,-19104.605369120665,165756.25999999995,-0.11525721785180645,80.00208630341218,,-0.0038679455991293,0.0005004505101141
PL,domain,2015-07-04,2015-07-06,3,460.6560833333333,-1.7817926702413065,-10263.393430519121,41915.67999999999,-0.24485809201995823,80.00208630341218,,-0.0038679455991293,0.0005004505101141
PL,domain,2015-08-05,2015-08-12,8,472.13608625,-1.826196697000819,-28051.11278600943,94789.79999999999,-0.2959296547308828,80.00208630341218,,-0.0038679455991293,0.0005004505101141
PL,domain,2016-06-24,2016-06-26,3,471.27747999999997,-1.8228756547347464,-10500.03759243443,73558.01000000001,-0.14274499259066997,80.00208630341218,,-0.0038679455991293,0.0005004505101141
PL,domain,2016-08-27,2016-08-29,3,451.92116000000004,-1.7480064619754083,-10068.779795751274,85139.26,-0.1182624772138174,80.00208630341218,,-0.0038679455991293,0.0005004505101141
PL,domain,2016-09-10,2016-09-12,3,483.9294433333334,-1.8718127606302588,-10781.922673423453,15739.48,-0.6850240715337135,80.00208630341218,,-0.0038679455991293,0.0005004505101141
PL,domain,2018-09-18,2018-09-21,4,501.26163,-1.9388527157708795,-14890.777180483872,140786.58000000002,-0.1057684417114463,80.00208630341218,,-0.0038679455991293,0.0005004505101141
PL,domain,2019-06-11,2019-06-14,4,490.0176275,-1.8953615257844056,-14556.756130749218,99581.18,-0.14617979151029561,80.00208630341218,,-0.0038679455991293,0.0005004505101141
PL,domain,2019-06-26,2019-06-30,5,524.544786,-2.0289106965549206,-19478.050637724344,178064.53000000003,-0.10938759469796899,80.00208630341218,,-0.0038679455991293,0.0005004505101141
PL,domain,2020-09-22,2020-09-26,5,514.487888,-1.9900111621949281,-19104.605369120665,165756.25999999995,-0.11525721785180645,80.00208630341218,,-0.0038679455991293,0.0005004505101141
AT,domain,2015-05-11,2015-05-13,3,471.06127666666663,-1.8220393920030626,-612.0697434792644,25405.0,-0.024092491378833472,4.665633847843801,,-0.0038679455991293,0.0005004505101141
AT,domain,2015-07-02,2015-07-07,6,451.52832166666667,-1.7464869846728222,-1173.3795058331775,35919.0,-0.03266737675974213,4.665633847843801,,-0.0038679455991293,0.0005004505101141
AT,domain,2015-07-17,2015-07-22,6,460.33265666666665,-1.7805416734893322,-1196.2591919032716,37387.0,-0.03199666172475116,4.665633847843801,,-0.0038679455991293,0.0005004505101141
AT,domain,2016-08-25,2016-08-27,3,449.7189433333333,-1.7394884077112456,-584.3387514923643,30693.0,-0.019038176505794945,4.665633847843801,,-0.0038679455991293,0.0005004505101141
AT,domain,2018-09-20,2018-09-28,9,535.3734788888889,-2.070795491558821,-2086.8998840739027,175227.0,-0.011909693620697168,4.665633847843801,,-0.0038679455991293,0.0005004505101141
AT,domain,2019-06-25,2019-06-30,6,516.1140116666667,-1.9963009200750514,-1341.2173166184793,89805.0,-0.014934773304587487,4.665633847843801,,-0.0038679455991293,0.0005004505101141
AT,domain,2019-07-23,2019-07-25,3,521.1508133333333,-2.015782994915322,-677.153186710911,16568.0,-0.0408711484011897,4.665633847843801,,-0.0038679455991293,0.0005004505101141
AT,domain,2019-09-13,2019-09-16,4,561.5388125000001,-2.1720015785496685,-972.8413519153439,25594.0,-0.03801052402576166,4.665633847843801,,-0.0038679455991293,0.0005004505101141
AT,domain,2020-07-28,2020-08-01,5,540.57313,-2.090907459191051,-1170.6490337173018,33046.0,-0.03542483307260491,4.665633847843801,,-0.0038679455991293,0.0005004505101141
AT,domain,2020-09-13,2020-09-15,3,545.27124,-2.1090794930897765,-708.4938722942094,9938.0,-0.07129139387142376,4.665633847843801,,-0.0038679455991293,0.0005004505101141
AT,domain,2015-05-11,2015-05-13,3,471.06127666666663,-1.8220393920030626,-612.0697434792644,25405.0,-0.024092491378833472,4.665633847843801,,-0.0038679455991293,0.0005004505101141
AT,domain,2015-06-05,2015-06-07,3,479.7568066666667,-1.8556732289986597,-623.3682115982698,10384.0,-0.06003160743434802,4.665633847843801,,-0.0038679455991293,0.0005004505101141
AT,domain,2015-07-02,2015-07-07,6,451.52832166666667,-1.7464869846728222,-1173.3795058331775,35919.0,-0.03266737675974213,4.665633847843801,,-0.0038679455991293,0.0005004505101141
AT,domain,2015-07-17,2015-07-23,7,467.40198142857145,-1.8078854370909576,-1417.0684900369965,50592.0,-0.028009734543742025,4.665633847843801,,-0.0038679455991293,0.0005004505101141
AT,domain,2015-08-29,2015-08-31,3,445.55996000000005,-1.723401686430227,-578.9348093980768,36245.0,-0.0159728185790613,4.665633847843801,,-0.0038679455991293,0.0005004505101141
AT,domain,2017-08-01,2017-08-04,4,489.92884250000003,-1.895018110234387,-848.7802211891089,54436.0,-0.015592259188572065,4.665633847843801,,-0.0038679455991293,0.0005004505101141
AT,domain,2018-07-30,2018-08-01,3,507.6970866666666,-1.9637447120631,-659.6721933930633,24514.0,-0.02691001849527059,4.665633847843801,,-0.0038679455991293,0.0005004505101141
AT,domain,2019-06-25,2019-06-30,6,516.1140116666667,-1.9963009200750514,-1341.2173166184793,89805.0,-0.014934773304587487,4.665633847843801,,-0.0038679455991293,0.0005004505101141
AT,domain,2020-09-13,2020-09-16,4,544.47218,-2.105988772479336,-943.2741600056264,15764.0,-0.05983723420487354,4.665633847843801,,-0.0038679455991293,0.0005004505101141
AT,domain,2015-06-04,2015-06-07,4,482.136965,-1.864879551949307,-835.2811353337411,23582.0,-0.03542028391712921,4.665633847843801,,-0.0038679455991293,0.0005004505101141
AT,domain,2015-07-03,2015-07-07,5,455.80590600000005,-1.7630324481698434,-987.0796638033771,32289.0,-0.03057015280136818,4.665633847843801,,-0.0038679455991293,0.0005004505101141
AT,domain,2015-07-17,2015-07-22,6,460.33265666666665,-1.7805416734893322,-1196.2591919032716,37387.0,-0.03199666172475116,4.665633847843801,,-0.0038679455991293,0.0005004505101141
AT,domain,2015-08-29,2015-08-31,3,445.55996000000005,-1.723401686430227,-578.9348093980768,36245.0,-0.0159728185790613,4.665633847843801,,-0.0038679455991293,0.0005004505101141
AT,domain,2016-09-09,2016-09-14,6,485.79209833333334,-1.8790174088402047,-1262.4202401656562,7705.0,-0.16384428814609425,4.665633847843801,,-0.0038679455991293,0.0005004505101141
AT,domain,2017-08-01,2017-08-04,4,489.92884250000003,-1.895018110234387,-848.7802211891089,54436.0,-0.015592259188572065,4.665633847843801,,-0.0038679455991293,0.0005004505101141
AT,domain,2019-06-26,2019-07-06,11,533.0541363636364,-2.061824400845397,-2539.605476204161,138093.0,-0.018390544605477184,4.665633847843801,,-0.0038679455991293,0.0005004505101141
AT,domain,2019-07-24,2019-07-26,3,505.7240133333333,-1.9561129717466739,-657.1084961655076,12095.0,-0.054328937260480166,4.665633847843801,,-0.0038679455991293,0.0005004505101141
AT,domain,2020-09-13,2020-09-16,4,544.47218,-2.105988772479336,-943.2741600056264,15764.0,-0.05983723420487354,4.665633847843801,,-0.0038679455991293,0.0005004505101141
AT,domain,2015-07-05,2015-07-07,3,463.6715033333333,-1.793456150759833,-602.4678999558287,22422.0,-0.02686949870465742,4.665633847843801,,-0.0038679455991293,0.0005004505101141
AT,domain,2015-07-17,2015-07-22,6,460.33265666666665,-1.7805416734893322,-1196.2591919032716,37387.0,-0.03199666172475116,4.665633847843801,,-0.0038679455991293,0.0005004505101141
AT,domain,2015-08-12,2015-08-14,3,473.77194000000003,-1.8325240903139508,-615.5918224385716,17449.0,-0.03527949008187126,4.665633847843801,,-0.0038679455991293,0.0005004505101141
AT,domain,2015-08-29,2015-09-01,4,452.906175,-1.7518164464097346,-784.6400743275556,45340.0,-0.017305691978993287,4.665633847843801,,-0.0038679455991293,0.0005004505101141
AT,domain,2016-09-09,2016-09-13,5,482.30816599999997,-1.8655417481038237,-1044.472166942267,5319.0,-0.19636626564058413,4.665633847843801,,-0.0038679455991293,0.0005004505101141
AT,domain,2017-07-07,2017-07-10,4,492.01395750000006,-1.9030832216223157,-852.3925914302115,39255.0,-0.021714242553310698,4.665633847843801,,-0.0038679455991293,0.0005004505101141
AT,domain,2017-08-01,2017-08-04,4,489.92884250000003,-1.895018110234387,-848.7802211891089,54436.0,-0.015592259188572065,4.665633847843801,,-0.0038679455991293,0.0005004505101141
AT,domain,2019-06-27,2019-07-01,5,529.619896,-2.0485409459445174,-1146.9290371311238,79153.0,-0.014490026115638368,4.665633847843801,,-0.0038679455991293,0.0005004505101141
AT,domain,2020-09-13,2020-09-15,3,545.27124,-2.1090794930897765,-708.4938722942094,9938.0,-0.07129139387142376,4.665633847843801,,-0.0038679455991293,0.0005004505101141
AT,domain,2015-07-17,2015-07-22,6,460.33265666666665,-1.7805416734893322,-1196.2591919032716,37387.0,-0.03199666172475116,4.665633847843801,,-0.0038679455991293,0.0005004505101141
AT,domain,2015-08-12,2015-08-14,3,473.77194000000003,-1.8325240903139508,-615.5918224385716,17449.0,-0.03527949008187126,4.665633847843801,,-0.0038679455991293,0.0005004505101141
AT,domain,2015-08-30,2015-09-01,3,445.5933333333333,-1.7235307726680218,-578.9781727747418,43428.0,-0.013331909661387625,4.665633847843801,,-0.0038679455991293,0.0005004505101141
AT,domain,2017-08-02,2017-08-04,3,495.1742366666667,-1.9153070095170437,-643.400727308295,21542.0,-0.02986726985926539,4.665633847843801,,-0.0038679455991293,0.0005004505101141
AT,domain,2019-06-27,2019-07-01,5,529.619896,-2.0485409459445174,-1146.9290371311238,79153.0,-0.014490026115638368,4.665633847843801,,-0.0038679455991293,0.0005004505101141
AT,domain,2020-09-13,2020-09-15,3,545.27124,-2.1090794930897765,-708.4938722942094,9938.0,-0.07129139387142376,4.665633847843801,,-0.0038679455991293,0.0005004505101141
AT,domain,2015-07-02,2015-07-07,6,451.52832166666667,-1.7464869846728222,-1173.3795058331775,35919.0,-0.03266737675974213,4.665633847843801,,-0.0038679455991293,0.0005004505101141
AT,domain,2015-07-17,2015-07-22,6,460.33265666666665,-1.7805416734893322,-1196.2591919032716,37387.0,-0.03199666172475116,4.665633847843801,,-0.0038679455991293,0.0005004505101141
AT,domain,2015-08-06,2015-08-13,8,472.24615625,-1.8266224417729153,-1636.2914863808269,24932.0,-0.06563017352722714,4.665633847843801,,-0.0038679455991293,0.0005004505101141
AT,domain,2015-08-29,2015-08-31,3,445.55996000000005,-1.723401686430227,-578.9348093980768,36245.0,-0.0159728185790613,4.665633847843801,,-0.0038679455991293,0.0005004505101141
AT,domain,2016-08-26,2016-08-28,3,437.83259666666663,-1.693512665432187,-568.8943209786662,43616.0,-0.013043248371667879,4.665633847843801,,-0.0038679455991293,0.0005004505101141
AT,domain,2016-09-08,2016-09-14,7,482.05275571428575,-1.864553835013223,-1461.4866812724626,10011.0,-0.1459880812378846,4.665633847843801,,-0.0038679455991293,0.0005004505101141
AT,domain,2019-06-25,2019-06-30,6,516.1140116666667,-1.9963009200750514,-1341.2173166184793,89805.0,-0.014934773304587487,4.665633847843801,,-0.0038679455991293,0.0005004505101141
AT,domain,2019-07-24,2019-07-26,3,505.7240133333333,-1.9561129717466739,-657.1084961655076,12095.0,-0.054328937260480166,4.665633847843801,,-0.0038679455991293,0.0005004505101141
AT,domain,2015-07-02,2015-07-07,6,451.52832166666667,-1.7464869846728222,-1173.3795058331775,35919.0,-0.03266737675974213,4.665633847843801,,-0.0038679455991293,0.0005004505101141
AT,domain,2015-07-17,2015-07-22,6,460.33265666666665,-1.7805416734893322,-1196.2591919032716,37387.0,-0.03199666172475116,4.665633847843801,,-0.0038679455991293,0.0005004505101141
AT,domain,2015-08-06,2015-08-13,8,472.24615625,-1.8266224417729153,-1636.2914863808269,24932.0,-0.06563017352722714,4.665633847843801,,-0.0038679455991293,0.0005004505101141
AT,domain,2015-08-28,2015-09-01,5,456.61410000000006,-1.7661584985953862,-988.8298646044348,48269.0,-0.020485816250687496,4.665633847843801,,-0.0038679455991293,0.0005004505101141
AT,domain,2016-09-12,2016-09-15,4,472.22698499999996,-1.8265482884208477,-818.112529841037,18986.0,-0.04309030495317798,4.665633847843801,,-0.0038679455991293,0.0005004505101141
AT,domain,2018-09-18,2018-09-21,4,501.26163,-1.9388527157708795,-868.4137782417113,52612.0,-0.01650600201934371,4.665633847843801,,-0.0038679455991293,0.0005004505101141
AT,domain,2019-06-25,2019-06-30,6,516.1140116666667,-1.9963009200750514,-1341.2173166184793,89805.0,-0.014934773304587487,4.665633847843801,,-0.0038679455991293,0.0005004505101141
AT,domain,2019-07-24,2019-07-26,3,505.7240133333333,-1.9561129717466739,-657.1084961655076,12095.0,-0.054328937260480166,4.665633847843801,,-0.0038679455991293,0.0005004505101141
AT,domain,2020-09-14,2020-09-16,3,538.26963,-2.0819976465034564,-699.3963857273516,14398.0,-0.04857594011163714,4.665633847843801,,-0.0038679455991293,0.0005004505101141
AT,domain,2015-07-03,2015-07-07,5,455.80590600000005,-1.7630324481698434,-987.0796638033771,32289.0,-0.03057015280136818,4.665633847843801,,-0.0038679455991293,0.0005004505101141
AT,domain,2015-07-17,2015-07-22,6,460.33265666666665,-1.7805416734893322,-1196.2591919032716,37387.0,-0.03199666172475116,4.665633847843801,,-0.0038679455991293,0.0005004505101141
AT,domain,2015-08-06,2015-08-14,9,470.86665666666664,-1.8212866124305602,-1835.450596565452,37060.0,-0.04952645970225181,4.665633847843801,,-0.0038679455991293,0.0005004505101141
AT,domain,2015-08-28,2015-09-01,5,456.61410000000006,-1.7661584985953862,-988.8298646044348,48269.0,-0.020485816250687496,4.665633847843801,,-0.0038679455991293,0.0005004505101141
AT,domain,2016-09-10,2016-09-15,6,479.25779833333337,-1.8537430919118143,-1245.4396581355752,20925.0,-0.059519219026789735,4.665633847843801,,-0.0038679455991293,0.0005004505101141
AT,domain,2017-08-01,2017-08-03,3,487.2090166666667,-1.884497971871947,-633.0511817106301,50179.0,-0.012615858859495607,4.665633847843801,,-0.0038679455991293,0.0005004505101141
AT,domain,2019-06-25,2019-07-06,12,528.1296366666667,-2.042776703914589,-2744.884262410762,146194.0,-0.018775628701661915,4.665633847843801,,-0.0038679455991293,0.0005004505101141
AT,domain,2019-07-24,2019-07-26,3,505.7240133333333,-1.9561129717466739,-657.1084961655076,12095.0,-0.054328937260480166,4.665633847843801,,-0.0038679455991293,0.0005004505101141
AT,domain,2015-07-04,2015-07-07,4,455.59672249999994,-1.7622233377716077,-789.3013298080792,25368.0,-0.03111405431283819,4.665633847843801,,-0.0038679455991293,0.0005004505101141
AT,domain,2015-07-17,2015-07-22,6,460.33265666666665,-1.7805416734893322,-1196.2591919032716,37387.0,-0.03199666172475116,4.665633847843801,,-0.0038679455991293,0.0005004505101141
AT,domain,2015-08-06,2015-08-14,9,470.86665666666664,-1.8212866124305602,-1835.450596565452,37060.0,-0.04952645970225181,4.665633847843801,,-0.0038679455991293,0.0005004505101141
AT,domain,2015-08-28,2015-09-01,5,456.61410000000006,-1.7661584985953862,-988.8298646044348,48269.0,-0.020485816250687496,4.665633847843801,,-0.0038679455991293,0.0005004505101141
AT,domain,2016-09-11,2016-09-13,3,461.06484333333333,-1.7833737316844067,-599.080956904964,3843.0,-0.1558888776749841,4.665633847843801,,-0.0038679455991293,0.0005004505101141
AT,domain,2017-06-20,2017-06-22,3,502.9925166666667,-1.9455476912358043,-653.5593475793373,8800.0,-0.07426810767947015,4.665633847843801,,-0.0038679455991293,0.0005004505101141
AT,domain,2017-08-01,2017-08-03,3,487.2090166666667,-1.884497971871947,-633.0511817106301,50179.0,-0.012615858859495607,4.665633847843801,,-0.0038679455991293,0.0005004505101141
AT,domain,2019-06-26,2019-07-06,11,533.0541363636364,-2.061824400845397,-2539.605476204161,138093.0,-0.018390544605477184,4.665633847843801,,-0.0038679455991293,0.0005004505101141
AT,domain,2015-07-05,2015-07-07,3,463.6715033333333,-1.793456150759833,-602.4678999558287,22422.0,-0.02686949870465742,4.665633847843801,,-0.0038679455991293,0.0005004505101141
AT,domain,2015-07-17,2015-07-22,6,460.33265666666665,-1.7805416734893322,-1196.2591919032716,37387.0,-0.03199666172475116,4.665633847843801,,-0.0038679455991293,0.0005004505101141
AT,domain,2015-08-07,2015-08-14,8,477.47130375,-1.8468330280503416,-1654.3961639016063,35666.0,-0.04638580619922633,4.665633847843801,,-0.0038679455991293,0.0005004505101141
AT,domain,2015-08-29,2015-09-01,4,452.906175,-1.7518164464097346,-784.6400743275556,45340.0,-0.017305691978993287,4.665633847843801,,-0.0038679455991293,0.0005004505101141
AT,domain,2016-09-09,2016-09-13,5,482.30816599999997,-1.8655417481038237,-1044.472166942267,5319.0,-0.19636626564058413,4.665633847843801,,-0.0038679455991293,0.0005004505101141
AT,domain,2017-08-01,2017-08-03,3,487.2090166666667,-1.884497971871947,-633.0511817106301,50179.0,-0.012615858859495607,4.665633847843801,,-0.0038679455991293,0.0005004505101141
AT,domain,2019-06-26,2019-07-01,6,524.2036633333333,-2.027591252637624,-1362.2397664173277,91756.0,-0.01484632902935315,4.665633847843801,,-0.0038679455991293,0.0005004505101141
CZ,domain,2015-07-03,2015-07-07,5,455.80590600000005,-1.7630324481698434,-4410.198538899649,2888.81,-1.5266488757999486,20.8457050969092,,-0.0038679455991293,0.0005004505101141
CZ,domain,2015-07-17,2015-07-22,6,460.33265666666665,-1.7805416734893322,-5344.797115917476,5927.09,-0.9017573743468508,20.8457050969092,,-0.0038679455991293,0.0005004505101141
CZ,domain,2015-08-06,2015-08-14,9,470.86665666666664,-1.8212866124305602,-8200.656781850063,7304.860000000001,-1.1226302464181466,20.8457050969092,,-0.0038679455991293,0.0005004505101141
CZ,domain,2015-08-29,2015-09-01,4,452.906175,-1.7518164464097346,-3505.713506474185,3174.4700000000003,-1.1043460818575022,20.8457050969092,,-0.0038679455991293,0.0005004505101141
CZ,domain,2016-09-08,2016-09-14,7,482.05275571428575,-1.864553835013223,-6529.813816175451,3497.86,-1.8668025067256697,20.8457050969092,,-0.0038679455991293,0.0005004505101141
CZ,domain,2017-06-20,2017-06-22,3,502.9925166666667,-1.9455476912358043,-2920.0545664901374,2414.23,-1.209517969079225,20.8457050969092,,-0.0038679455991293,0.0005004505101141
CZ,domain,2019-06-26,2019-07-01,6,524.2036633333333,-2.027591252637624,-6086.385980576154,7891.730000000001,-0.7712359622764784,20.8457050969092,,-0.0038679455991293,0.0005004505101141
CZ,domain,2019-07-24,2019-07-26,3,505.7240133333333,-1.9561129717466739,-2935.911898459429,1505.9499999999998,-1.9495414180148274,20.8457050969092,,-0.0038679455991293,0.0005004505101141
CZ,domain,2020-09-14,2020-09-16,3,538.26963,-2.0819976465034564,-3124.8510445058446,3823.12,-0.8173562547097252,20.8457050969092,,-0.0038679455991293,0.0005004505101141
CZ,domain,2015-07-03,2015-07-07,5,455.80590600000005,-1.7630324481698434,-4410.198538899649,2888.81,-1.5266488757999486,20.8457050969092,,-0.0038679455991293,0.0005004505101141
CZ,domain,2015-07-17,2015-07-22,6,460.33265666666665,-1.7805416734893322,-5344.797115917476,5927.09,-0.9017573743468508,20.8457050969092,,-0.0038679455991293,0.0005004505101141
CZ,domain,2015-08-06,2015-08-14,9,470.86665666666664,-1.8212866124305602,-8200.656781850063,7304.860000000001,-1.1226302464181466,20.8457050969092,,-0.0038679455991293,0.0005004505101141
CZ,domain,2015-08-29,2015-09-01,4,452.906175,-1.7518164464097346,-3505.713506474185,3174.4700000000003,-1.1043460818575022,20.8457050969092,,-0.0038679455991293,0.0005004505101141
CZ,domain,2016-09-08,2016-09-14,7,482.05275571428575,-1.864553835013223,-6529.813816175451,3497.86,-1.8668025067256697,20.8457050969092,,-0.0038679455991293,0.0005004505101141
CZ,domain,2017-06-20,2017-06-22,3,502.9925166666667,-1.9455476912358043,-2920.0545664901374,2414.23,-1.209517969079225,20.8457050969092,,-0.0038679455991293,0.0005004505101141
CZ,domain,2018-07-31,2018-08-09,10,524.420129,-2.0284285300603697,-10148.165507470916,7967.079999999999,-1.2737622199690373,20.8457050969092,,-0.0038679455991293,0.0005004505101141
CZ,domain,2018-08-19,2018-08-23,5,536.637666,-2.075685298531719,-5192.294832861858,2946.4399999999996,-1.762226562516752,20.8457050969092,,-0.0038679455991293,0.0005004505101141
CZ,domain,2019-06-11,2019-06-15,5,486.536762,-1.8818977273925195,-4707.538205732169,8313.64,-0.5662427295062294,20.8457050969092,,-0.0038679455991293,0.0005004505101141
CZ,domain,2019-06-26,2019-07-01,6,524.2036633333333,-2.027591252637624,-6086.385980576154,7891.730000000001,-0.7712359622764784,20.8457050969092,,-0.0038679455991293,0.0005004505101141
CZ,domain,2020-09-14,2020-09-16,3,538.26963,-2.0819976465034564,-3124.8510445058446,3823.12,-0.8173562547097252,20.8457050969092,,-0.0038679455991293,0.0005004505101141
CZ,domain,2015-07-04,2015-07-07,4,455.59672249999994,-1.7622233377716077,-3526.5396493514827,2505.64,-1.4074406735809943,20.8457050969092,,-0.0038679455991293,0.0005004505101141
CZ,domain,2015-07-17,2015-07-22,6,460.33265666666665,-1.7805416734893322,-5344.797115917476,5927.09,-0.9017573743468508,20.8457050969092,,-0.0038679455991293,0.0005004505101141
CZ,domain,2015-08-06,2015-08-14,9,470.86665666666664,-1.8212866124305602,-8200.656781850063,7304.860000000001,-1.1226302464181466,20.8457050969092,,-0.0038679455991293,0.0005004505101141
CZ,domain,2015-08-30,2015-09-01,3,445.5933333333333,-1.7235307726680218,-2586.8314232989655,2840.2400000000002,-0.910779167710815,20.8457050969092,,-0.0038679455991293,0.0005004505101141
CZ,domain,2016-09-08,2016-09-14,7,482.05275571428575,-1.864553835013223,-6529.813816175451,3497.86,-1.8668025067256697,20.8457050969092,,-0.0038679455991293,0.0005004505101141
CZ,domain,2017-08-01,2017-08-03,3,487.2090166666667,-1.884497971871947,-2828.4256063703588,3336.31,-0.8477706227449964,20.8457050969092,,-0.0038679455991293,0.0005004505101141
CZ,domain,2018-08-20,2018-08-23,4,530.5401575000001,-2.052100467363491,-4106.638192501332,2753.38,-1.491489802534097,20.8457050969092,,-0.0038679455991293,0.0005004505101141
CZ,domain,2019-06-11,2019-06-15,5,486.536762,-1.8818977273925195,-4707.538205732169,8313.64,-0.5662427295062294,20.8457050969092,,-0.0038679455991293,0.0005004505101141
CZ,domain,2019-06-26,2019-07-01,6,524.2036633333333,-2.027591252637624,-6086.385980576154,7891.730000000001,-0.7712359622764784,20.8457050969092,,-0.0038679455991293,0.0005004505101141
CZ,domain,2019-08-29,2019-09-01,4,523.508145,-2.0249010255610935,-4052.207004410453,2896.5600000000004,-1.3989722306496162,20.8457050969092,,-0.0038679455991293,0.0005004505101141
CZ,domain,2020-09-14,2020-09-16,3,538.26963,-2.0819976465034564,-3124.8510445058446,3823.12,-0.8173562547097252,20.8457050969092,,-0.0038679455991293,0.0005004505101141
CZ,domain,2015-07-04,2015-07-07,4,455.59672249999994,-1.7622233377716077,-3526.5396493514827,2505.64,-1.4074406735809943,20.8457050969092,,-0.0038679455991293,0.0005004505101141
CZ,domain,2015-07-17,2015-07-22,6,460.33265666666665,-1.7805416734893322,-5344.797115917476,5927.09,-0.9017573743468508,20.8457050969092,,-0.0038679455991293,0.0005004505101141
CZ,domain,2015-08-07,2015-08-14,8,477.47130375,-1.8468330280503416,-7391.719039866097,6917.16,-1.0686060521754732,20.8457050969092,,-0.0038679455991293,0.0005004505101141
CZ,domain,2015-08-30,2015-09-01,3,445.5933333333333,-1.7235307726680218,-2586.8314232989655,2840.2400000000002,-0.910779167710815,20.8457050969092,,-0.0038679455991293,0.0005004505101141
CZ,domain,2016-09-08,2016-09-13,6,478.526255,-1.850913522095075,-5556.038031572467,2366.05,-2.348233567157273,20.8457050969092,,-0.0038679455991293,0.0005004505101141
CZ,domain,2017-08-01,2017-08-03,3,487.2090166666667,-1.884497971871947,-2828.4256063703588,3336.31,-0.8477706227449964,20.8457050969092,,-0.0038679455991293,0.0005004505101141
CZ,domain,2018-05-28,2018-06-01,5,473.55954,-1.8317025386686958,-4581.9757135617065,5290.44,-0.8660859424852577,20.8457050969092,,-0.0038679455991293,0.0005004505101141
CZ,domain,2019-06-11,2019-06-15,5,486.536762,-1.8818977273925195,-4707.538205732169,8313.64,-0.5662427295062294,20.8457050969092,,-0.0038679455991293,0.0005004505101141
CZ,domain,2019-06-26,2019-07-01,6,524.2036633333333,-2.027591252637624,-6086.385980576154,7891.730000000001,-0.7712359622764784,20.8457050969092,,-0.0038679455991293,0.0005004505101141
CZ,domain,2019-08-28,2019-09-01,5,514.980588,-1.9919168989916192,-4982.7494704715,3601.3,-1.3835974427211006,20.8457050969092,,-0.0038679455991293,0.0005004505101141
CZ,domain,2020-09-14,2020-09-16,3,538.26963,-2.0819976465034564,-3124.8510445058446,3823.12,-0.8173562547097252,20.8457050969092,,-0.0038679455991293,0.0005004505101141
CZ,domain,2015-07-03,2015-07-07,5,455.80590600000005,-1.7630324481698434,-4410.198538899649,2888.81,-1.5266488757999486,20.8457050969092,,-0.0038679455991293,0.0005004505101141
CZ,domain,2015-08-04,2015-08-14,11,467.60854909090904,-1.8086844295714188,-9953.67178930535,8632.71,-1.1530182050949644,20.8457050969092,,-0.0038679455991293,0.0005004505101141
CZ,domain,2015-08-30,2015-09-01,3,445.5933333333333,-1.7235307726680218,-2586.8314232989655,2840.2400000000002,-0.910779167710815,20.8457050969092,,-0.0038679455991293,0.0005004505101141
CZ,domain,2016-09-08,2016-09-14,7,482.05275571428575,-1.864553835013223,-6529.813816175451,3497.86,-1.8668025067256697,20.8457050969092,,-0.0038679455991293,0.0005004505101141
CZ,domain,2017-06-20,2017-06-22,3,502.9925166666667,-1.9455476912358043,-2920.0545664901374,2414.23,-1.209517969079225,20.8457050969092,,-0.0038679455991293,0.0005004505101141
CZ,domain,2018-05-28,2018-05-31,4,483.196025,-1.8689759384155211,-3740.171639561192,4529.66,-0.8257069271338671,20.8457050969092,,-0.0038679455991293,0.0005004505101141
CZ,domain,2018-07-31,2018-08-17,18,521.8289016666666,-2.0184058037000594,-18176.43980872286,14821.57,-1.2263505019186807,20.8457050969092,,-0.0038679455991293,0.0005004505101141
CZ,domain,2018-09-18,2018-09-21,4,501.26163,-1.9388527157708795,-3880.0081861729213,5631.5,-0.6889830748775497,20.8457050969092,,-0.0038679455991293,0.0005004505101141
CZ,domain,2019-06-03,2019-06-05,3,477.3458766666667,-1.846347882915351,-2771.166490096035,1586.12,-1.747135456394242,20.8457050969092,,-0.0038679455991293,0.0005004505101141
CZ,domain,2019-06-12,2019-06-15,4,481.064095,-1.8607297491543695,-3723.66946712811,6655.379999999999,-0.5594976495899724,20.8457050969092,,-0.0038679455991293,0.0005004505101141
CZ,domain,2019-06-25,2019-07-01,7,517.0260171428572,-1.9998285076430644,-7003.55633287285,8776.810000000001,-0.7979614840554654,20.8457050969092,,-0.0038679455991293,0.0005004505101141
CZ,domain,2019-08-25,2019-08-31,7,516.1449700000001,-1.9964206652242247,-6991.621801355432,4187.399999999999,-1.6696809001660777,20.8457050969092,,-0.0038679455991293,0.0005004505101141
CZ,domain,2020-09-14,2020-09-16,3,538.26963,-2.0819976465034564,-3124.8510445058446,3823.12,-0.8173562547097252,20.8457050969092,,-0.0038679455991293,0.0005004505101141
CZ,domain,2015-07-03,2015-07-07,5,455.80590600000005,-1.7630324481698434,-4410.198538899649,2888.81,-1.5266488757999486,20.8457050969092,,-0.0038679455991293,0.0005004505101141
CZ,domain,2015-08-04,2015-08-14,11,467.60854909090904,-1.8086844295714188,-9953.67178930535,8632.71,-1.1530182050949644,20.8457050969092,,-0.0038679455991293,0.0005004505101141
CZ,domain,2015-08-30,2015-09-01,3,445.5933333333333,-1.7235307726680218,-2586.8314232989655,2840.2400000000002,-0.910779167710815,20.8457050969092,,-0.0038679455991293,0.0005004505101141
CZ,domain,2016-09-08,2016-09-13,6,478.526255,-1.850913522095075,-5556.038031572467,2366.05,-2.348233567157273,20.8457050969092,,-0.0038679455991293,0.0005004505101141
CZ,domain,2018-05-28,2018-05-31,4,483.196025,-1.8689759384155211,-3740.171639561192,4529.66,-0.8257069271338671,20.8457050969092,,-0.0038679455991293,0.0005004505101141
CZ,domain,2018-07-31,2018-08-17,18,521.8289016666666,-2.0184058037000594,-18176.43980872286,14821.57,-1.2263505019186807,20.8457050969092,,-0.0038679455991293,0.0005004505101141
CZ,domain,2018-09-18,2018-09-21,4,501.26163,-1.9388527157708795,-3880.0081861729213,5631.5,-0.6889830748775497,20.8457050969092,,-0.0038679455991293,0.0005004505101141
CZ,domain,2019-06-11,2019-06-15,5,486.536762,-1.8818977273925195,-4707.538205732169,8313.64,-0.5662427295062294,20.8457050969092,,-0.0038679455991293,0.0005004505101141
CZ,domain,2019-06-25,2019-07-01,7,517.0260171428572,-1.9998285076430644,-7003.55633287285,8776.810000000001,-0.7979614840554654,20.8457050969092,,-0.0038679455991293,0.0005004505101141
CZ,domain,2019-08-26,2019-09-01,7,517.2831042857143,-2.0008229067258716,-7007.038796477695,4785.44,-1.4642412811523486,20.8457050969092,,-0.0038679455991293,0.0005004505101141
CZ,domain,2020-09-14,2020-09-16,3,538.26963,-2.0819976465034564,-3124.8510445058446,3823.12,-0.8173562547097252,20.8457050969092,,-0.0038679455991293,0.0005004505101141
CZ,domain,2015-06-03,2015-06-06,4,471.8225225,-1.82498384947396,-3652.135212744605,4369.48,-0.835828339469366,20.8457050969092,,-0.0038679455991293,0.0005004505101141
CZ,domain,2015-07-04,2015-07-07,4,455.59672249999994,-1.7622233377716077,-3526.5396493514827,2505.64,-1.4074406735809943,20.8457050969092,,-0.0038679455991293,0.0005004505101141
CZ,domain,2015-08-06,2015-08-15,10,469.317511,-1.8152946012667668,-9081.863021284415,7927.490000000001,-1.145616458839357,20.8457050969092,,-0.0038679455991293,0.0005004505101141
CZ,domain,2015-08-30,2015-09-01,3,445.5933333333333,-1.7235307726680218,-2586.8314232989655,2840.2400000000002,-0.910779167710815,20.8457050969092,,-0.0038679455991293,0.0005004505101141
CZ,domain,2016-09-08,2016-09-13,6,478.526255,-1.850913522095075,-5556.038031572467,2366.05,-2.348233567157273,20.8457050969092,,-0.0038679455991293,0.0005004505101141
CZ,domain,2018-05-28,2018-06-01,5,473.55954,-1.8317025386686958,-4581.9757135617065,5290.44,-0.8660859424852577,20.8457050969092,,-0.0038679455991293,0.0005004505101141
CZ,domain,2018-08-08,2018-08-13,6,497.128255,-1.9228650461300785,-5772.020787760654,6159.1900000000005,-0.9371395894201434,20.8457050969092,,-0.0038679455991293,0.0005004505101141
CZ,domain,2018-08-20,2018-08-23,4,530.5401575000001,-2.052100467363491,-4106.638192501332,2753.38,-1.491489802534097,20.8457050969092,,-0.0038679455991293,0.0005004505101141
CZ,domain,2018-09-19,2018-09-21,3,504.72436,-1.9522463670353523,-2930.1085471486545,4347.99,-0.673899559830785,20.8457050969092,,-0.0038679455991293,0.0005004505101141
CZ,domain,2019-06-11,2019-06-15,5,486.536762,-1.8818977273925195,-4707.538205732169,8313.64,-0.5662427295062294,20.8457050969092,,-0.0038679455991293,0.0005004505101141
CZ,domain,2019-06-25,2019-06-30,6,516.1140116666667,-1.9963009200750514,-5992.459238098516,7048.290000000001,-0.850200436999402,20.8457050969092,,-0.0038679455991293,0.0005004505101141
CZ,domain,2019-08-28,2019-09-01,5,514.980588,-1.9919168989916192,-4982.7494704715,3601.3,-1.3835974427211006,20.8457050969092,,-0.0038679455991293,0.0005004505101141
CZ,domain,2020-09-14,2020-09-16,3,538.26963,-2.0819976465034564,-3124.8510445058446,3823.12,-0.8173562547097252,20.8457050969092,,-0.0038679455991293,0.0005004505101141
CZ,domain,2020-09-22,2020-09-24,3,511.41022999999996,-1.9781069484782028,-2968.922455064898,4391.24,-0.6761011593684012,20.8457050969092,,-0.0038679455991293,0.0005004505101141
CZ,domain,2015-06-03,2015-06-06,4,471.8225225,-1.82498384947396,-3652.135212744605,4369.48,-0.835828339469366,20.8457050969092,,-0.0038679455991293,0.0005004505101141
CZ,domain,2015-08-06,2015-08-15,10,469.317511,-1.8152946012667668,-9081.863021284415,7927.490000000001,-1.145616458839357,20.8457050969092,,-0.0038679455991293,0.0005004505101141
CZ,domain,2015-08-30,2015-09-01,3,445.5933333333333,-1.7235307726680218,-2586.8314232989655,2840.2400000000002,-0.910779167710815,20.8457050969092,,-0.0038679455991293,0.0005004505101141
CZ,domain,2016-09-09,2016-09-13,5,482.30816599999997,-1.8655417481038237,-4666.623975233373,1607.21,-2.9035558360347267,20.8457050969092,,-0.0038679455991293,0.0005004505101141
CZ,domain,2018-05-28,2018-06-01,5,473.55954,-1.8317025386686958,-4581.9757135617065,5290.44,-0.8660859424852577,20.8457050969092,,-0.0038679455991293,0.0005004505101141
CZ,domain,2018-08-20,2018-08-23,4,530.5401575000001,-2.052100467363491,-4106.638192501332,2753.38,-1.491489802534097,20.8457050969092,,-0.0038679455991293,0.0005004505101141
CZ,domain,2018-09-19,2018-09-21,3,504.72436,-1.9522463670353523,-2930.1085471486545,4347.99,-0.673899559830785,20.8457050969092,,-0.0038679455991293,0.0005004505101141
CZ,domain,2019-06-10,2019-06-15,6,488.845525,-1.890827897077802,-5675.852265334969,9556.199999999999,-0.5939444826745955,20.8457050969092,,-0.0038679455991293,0.0005004505101141
CZ,domain,2019-06-25,2019-07-01,7,517.0260171428572,-1.9998285076430644,-7003.55633287285,8776.810000000001,-0.7979614840554654,20.8457050969092,,-0.0038679455991293,0.0005004505101141
CZ,domain,2019-08-26,2019-09-01,7,517.2831042857143,-2.0008229067258716,-7007.038796477695,4785.44,-1.4642412811523486,20.8457050969092,,-0.0038679455991293,0.0005004505101141
